ISO-10303-21;
HEADER;
FILE_DESCRIPTION(('Open CASCADE Model'),'2;1');
FILE_NAME('Open CASCADE Shape Model','2026-04-12T02:10:50',('Author'),(
    'Open CASCADE'),'Open CASCADE STEP processor 7.8','Open CASCADE 7.8'
  ,'Unknown');
FILE_SCHEMA(('AUTOMOTIVE_DESIGN { 1 0 10303 214 1 1 1 1 }'));
ENDSEC;
DATA;
#1 = APPLICATION_PROTOCOL_DEFINITION('international standard',
  'automotive_design',2000,#2);
#2 = APPLICATION_CONTEXT(
  'core data for automotive mechanical design processes');
#3 = SHAPE_DEFINITION_REPRESENTATION(#4,#10);
#4 = PRODUCT_DEFINITION_SHAPE('','',#5);
#5 = PRODUCT_DEFINITION('design','',#6,#9);
#6 = PRODUCT_DEFINITION_FORMATION('','',#7);
#7 = PRODUCT('Open CASCADE STEP translator 7.8 2',
  'Open CASCADE STEP translator 7.8 2','',(#8));
#8 = PRODUCT_CONTEXT('',#2,'mechanical');
#9 = PRODUCT_DEFINITION_CONTEXT('part definition',#2,'design');
#10 = ADVANCED_BREP_SHAPE_REPRESENTATION('',(#11,#15),#17826);
#11 = AXIS2_PLACEMENT_3D('',#12,#13,#14);
#12 = CARTESIAN_POINT('',(0.,0.,0.));
#13 = DIRECTION('',(0.,0.,1.));
#14 = DIRECTION('',(1.,0.,-0.));
#15 = MANIFOLD_SOLID_BREP('',#16);
#16 = CLOSED_SHELL('',(#17,#137,#567,#621,#671,#4695,#4722,#4749,#4776,
    #4803,#4810,#4886,#4936,#4985,#5035,#5084,#5134,#5183,#5215,#5270,
    #5346,#5395,#5444,#5493,#5542,#5591,#5640,#5689,#5738,#5787,#5836,
    #5863,#5974,#6023,#6072,#6121,#6170,#6219,#6268,#6317,#6366,#6438,
    #6841,#6945,#6994,#7073,#7167,#7216,#7265,#7344,#7445,#7494,#7571,
    #7677,#7726,#7775,#7824,#7873,#7922,#7971,#8020,#8069,#8118,#8167,
    #8216,#8265,#8344,#8450,#8499,#8548,#8597,#8646,#8695,#8744,#8793,
    #8842,#8891,#8940,#8989,#9038,#9087,#9136,#9185,#9264,#9368,#9417,
    #9466,#9515,#9564,#9613,#9662,#9739,#9845,#9894,#9943,#9992,#10041,
    #10090,#10139,#10188,#10237,#10286,#10335,#10384,#10433,#10482,
    #10531,#10580,#10629,#10678,#10757,#10847,#10948,#10997,#11046,
    #11095,#11144,#11193,#11242,#11291,#11370,#11419,#11487,#11563,
    #11612,#11661,#11710,#11759,#11786,#11841,#11917,#11966,#12015,
    #12042,#12118,#12167,#12216,#12243,#12298,#12374,#12423,#12472,
    #12499,#12575,#12624,#12673,#12700,#12755,#12766,#12805,#12820,
    #12867,#12933,#13205,#13212,#13400,#13478,#13504,#13559,#13906,
    #14130,#14231,#14344,#14417,#14627,#14676,#14868,#14875,#14902,
    #14909,#14936,#14985,#15162,#15189,#15238,#15533,#15561,#15610,
    #15902,#15929,#15978,#16144,#16171,#16198,#16225,#16234,#16273,
    #16280,#16287,#16326,#16333,#16340,#16379,#16434,#16482,#16510,
    #16537,#16564,#16591,#16618,#16645,#16672,#16679,#16706,#16713,
    #16720,#16727,#16755,#16802,#16829,#16856,#16883,#16910,#16917,
    #16944,#16971,#16998,#17005,#17052,#17079,#17106,#17133,#17140,
    #17147,#17175,#17202,#17229,#17237,#17313,#17362,#17411,#17460,
    #17509,#17558,#17607,#17634,#17689,#17744,#17799,#17803,#17814,
    #17818,#17822));
#17 = ADVANCED_FACE('',(#18),#32,.F.);
#18 = FACE_BOUND('',#19,.F.);
#19 = EDGE_LOOP('',(#20,#55,#83,#111));
#20 = ORIENTED_EDGE('',*,*,#21,.F.);
#21 = EDGE_CURVE('',#22,#24,#26,.T.);
#22 = VERTEX_POINT('',#23);
#23 = CARTESIAN_POINT('',(-25.2,-16.2,0.));
#24 = VERTEX_POINT('',#25);
#25 = CARTESIAN_POINT('',(25.2,-16.2,0.));
#26 = SURFACE_CURVE('',#27,(#31,#43),.PCURVE_S1.);
#27 = LINE('',#28,#29);
#28 = CARTESIAN_POINT('',(-29.2,-16.2,0.));
#29 = VECTOR('',#30,1.);
#30 = DIRECTION('',(1.,0.,0.));
#31 = PCURVE('',#32,#37);
#32 = PLANE('',#33);
#33 = AXIS2_PLACEMENT_3D('',#34,#35,#36);
#34 = CARTESIAN_POINT('',(-29.2,-16.2,0.));
#35 = DIRECTION('',(0.,1.,0.));
#36 = DIRECTION('',(1.,0.,0.));
#37 = DEFINITIONAL_REPRESENTATION('',(#38),#42);
#38 = LINE('',#39,#40);
#39 = CARTESIAN_POINT('',(0.,0.));
#40 = VECTOR('',#41,1.);
#41 = DIRECTION('',(1.,0.));
#42 = ( GEOMETRIC_REPRESENTATION_CONTEXT(2) 
PARAMETRIC_REPRESENTATION_CONTEXT() REPRESENTATION_CONTEXT('2D SPACE',''
  ) );
#43 = PCURVE('',#44,#49);
#44 = PLANE('',#45);
#45 = AXIS2_PLACEMENT_3D('',#46,#47,#48);
#46 = CARTESIAN_POINT('',(-6.260288420794E-16,0.,0.));
#47 = DIRECTION('',(0.,0.,1.));
#48 = DIRECTION('',(1.,0.,-0.));
#49 = DEFINITIONAL_REPRESENTATION('',(#50),#54);
#50 = LINE('',#51,#52);
#51 = CARTESIAN_POINT('',(-29.2,-16.2));
#52 = VECTOR('',#53,1.);
#53 = DIRECTION('',(1.,0.));
#54 = ( GEOMETRIC_REPRESENTATION_CONTEXT(2) 
PARAMETRIC_REPRESENTATION_CONTEXT() REPRESENTATION_CONTEXT('2D SPACE',''
  ) );
#55 = ORIENTED_EDGE('',*,*,#56,.T.);
#56 = EDGE_CURVE('',#22,#57,#59,.T.);
#57 = VERTEX_POINT('',#58);
#58 = CARTESIAN_POINT('',(-25.2,-16.2,2.));
#59 = SURFACE_CURVE('',#60,(#64,#71),.PCURVE_S1.);
#60 = LINE('',#61,#62);
#61 = CARTESIAN_POINT('',(-25.2,-16.2,0.));
#62 = VECTOR('',#63,1.);
#63 = DIRECTION('',(0.,0.,1.));
#64 = PCURVE('',#32,#65);
#65 = DEFINITIONAL_REPRESENTATION('',(#66),#70);
#66 = LINE('',#67,#68);
#67 = CARTESIAN_POINT('',(4.,0.));
#68 = VECTOR('',#69,1.);
#69 = DIRECTION('',(0.,-1.));
#70 = ( GEOMETRIC_REPRESENTATION_CONTEXT(2) 
PARAMETRIC_REPRESENTATION_CONTEXT() REPRESENTATION_CONTEXT('2D SPACE',''
  ) );
#71 = PCURVE('',#72,#77);
#72 = CYLINDRICAL_SURFACE('',#73,4.);
#73 = AXIS2_PLACEMENT_3D('',#74,#75,#76);
#74 = CARTESIAN_POINT('',(-25.2,-12.2,0.));
#75 = DIRECTION('',(0.,0.,1.));
#76 = DIRECTION('',(0.,-1.,0.));
#77 = DEFINITIONAL_REPRESENTATION('',(#78),#82);
#78 = LINE('',#79,#80);
#79 = CARTESIAN_POINT('',(-0.,0.));
#80 = VECTOR('',#81,1.);
#81 = DIRECTION('',(-0.,1.));
#82 = ( GEOMETRIC_REPRESENTATION_CONTEXT(2) 
PARAMETRIC_REPRESENTATION_CONTEXT() REPRESENTATION_CONTEXT('2D SPACE',''
  ) );
#83 = ORIENTED_EDGE('',*,*,#84,.T.);
#84 = EDGE_CURVE('',#57,#85,#87,.T.);
#85 = VERTEX_POINT('',#86);
#86 = CARTESIAN_POINT('',(25.2,-16.2,2.));
#87 = SURFACE_CURVE('',#88,(#92,#99),.PCURVE_S1.);
#88 = LINE('',#89,#90);
#89 = CARTESIAN_POINT('',(-29.2,-16.2,2.));
#90 = VECTOR('',#91,1.);
#91 = DIRECTION('',(1.,0.,0.));
#92 = PCURVE('',#32,#93);
#93 = DEFINITIONAL_REPRESENTATION('',(#94),#98);
#94 = LINE('',#95,#96);
#95 = CARTESIAN_POINT('',(0.,-2.));
#96 = VECTOR('',#97,1.);
#97 = DIRECTION('',(1.,0.));
#98 = ( GEOMETRIC_REPRESENTATION_CONTEXT(2) 
PARAMETRIC_REPRESENTATION_CONTEXT() REPRESENTATION_CONTEXT('2D SPACE',''
  ) );
#99 = PCURVE('',#100,#105);
#100 = PLANE('',#101);
#101 = AXIS2_PLACEMENT_3D('',#102,#103,#104);
#102 = CARTESIAN_POINT('',(-6.260288420794E-16,0.,2.));
#103 = DIRECTION('',(0.,0.,1.));
#104 = DIRECTION('',(1.,0.,-0.));
#105 = DEFINITIONAL_REPRESENTATION('',(#106),#110);
#106 = LINE('',#107,#108);
#107 = CARTESIAN_POINT('',(-29.2,-16.2));
#108 = VECTOR('',#109,1.);
#109 = DIRECTION('',(1.,0.));
#110 = ( GEOMETRIC_REPRESENTATION_CONTEXT(2) 
PARAMETRIC_REPRESENTATION_CONTEXT() REPRESENTATION_CONTEXT('2D SPACE',''
  ) );
#111 = ORIENTED_EDGE('',*,*,#112,.F.);
#112 = EDGE_CURVE('',#24,#85,#113,.T.);
#113 = SURFACE_CURVE('',#114,(#118,#125),.PCURVE_S1.);
#114 = LINE('',#115,#116);
#115 = CARTESIAN_POINT('',(25.2,-16.2,0.));
#116 = VECTOR('',#117,1.);
#117 = DIRECTION('',(0.,0.,1.));
#118 = PCURVE('',#32,#119);
#119 = DEFINITIONAL_REPRESENTATION('',(#120),#124);
#120 = LINE('',#121,#122);
#121 = CARTESIAN_POINT('',(54.4,0.));
#122 = VECTOR('',#123,1.);
#123 = DIRECTION('',(0.,-1.));
#124 = ( GEOMETRIC_REPRESENTATION_CONTEXT(2) 
PARAMETRIC_REPRESENTATION_CONTEXT() REPRESENTATION_CONTEXT('2D SPACE',''
  ) );
#125 = PCURVE('',#126,#131);
#126 = CYLINDRICAL_SURFACE('',#127,4.);
#127 = AXIS2_PLACEMENT_3D('',#128,#129,#130);
#128 = CARTESIAN_POINT('',(25.2,-12.2,0.));
#129 = DIRECTION('',(0.,0.,1.));
#130 = DIRECTION('',(0.,-1.,0.));
#131 = DEFINITIONAL_REPRESENTATION('',(#132),#136);
#132 = LINE('',#133,#134);
#133 = CARTESIAN_POINT('',(0.,0.));
#134 = VECTOR('',#135,1.);
#135 = DIRECTION('',(0.,1.));
#136 = ( GEOMETRIC_REPRESENTATION_CONTEXT(2) 
PARAMETRIC_REPRESENTATION_CONTEXT() REPRESENTATION_CONTEXT('2D SPACE',''
  ) );
#137 = ADVANCED_FACE('',(#138,#333),#44,.F.);
#138 = FACE_BOUND('',#139,.F.);
#139 = EDGE_LOOP('',(#140,#141,#165,#193,#222,#250,#279,#307));
#140 = ORIENTED_EDGE('',*,*,#21,.T.);
#141 = ORIENTED_EDGE('',*,*,#142,.T.);
#142 = EDGE_CURVE('',#24,#143,#145,.T.);
#143 = VERTEX_POINT('',#144);
#144 = CARTESIAN_POINT('',(29.2,-12.2,0.));
#145 = SURFACE_CURVE('',#146,(#151,#158),.PCURVE_S1.);
#146 = CIRCLE('',#147,4.);
#147 = AXIS2_PLACEMENT_3D('',#148,#149,#150);
#148 = CARTESIAN_POINT('',(25.2,-12.2,0.));
#149 = DIRECTION('',(0.,0.,1.));
#150 = DIRECTION('',(0.,-1.,0.));
#151 = PCURVE('',#44,#152);
#152 = DEFINITIONAL_REPRESENTATION('',(#153),#157);
#153 = CIRCLE('',#154,4.);
#154 = AXIS2_PLACEMENT_2D('',#155,#156);
#155 = CARTESIAN_POINT('',(25.2,-12.2));
#156 = DIRECTION('',(0.,-1.));
#157 = ( GEOMETRIC_REPRESENTATION_CONTEXT(2) 
PARAMETRIC_REPRESENTATION_CONTEXT() REPRESENTATION_CONTEXT('2D SPACE',''
  ) );
#158 = PCURVE('',#126,#159);
#159 = DEFINITIONAL_REPRESENTATION('',(#160),#164);
#160 = LINE('',#161,#162);
#161 = CARTESIAN_POINT('',(0.,0.));
#162 = VECTOR('',#163,1.);
#163 = DIRECTION('',(1.,0.));
#164 = ( GEOMETRIC_REPRESENTATION_CONTEXT(2) 
PARAMETRIC_REPRESENTATION_CONTEXT() REPRESENTATION_CONTEXT('2D SPACE',''
  ) );
#165 = ORIENTED_EDGE('',*,*,#166,.T.);
#166 = EDGE_CURVE('',#143,#167,#169,.T.);
#167 = VERTEX_POINT('',#168);
#168 = CARTESIAN_POINT('',(29.2,12.2,0.));
#169 = SURFACE_CURVE('',#170,(#174,#181),.PCURVE_S1.);
#170 = LINE('',#171,#172);
#171 = CARTESIAN_POINT('',(29.2,-16.2,0.));
#172 = VECTOR('',#173,1.);
#173 = DIRECTION('',(0.,1.,0.));
#174 = PCURVE('',#44,#175);
#175 = DEFINITIONAL_REPRESENTATION('',(#176),#180);
#176 = LINE('',#177,#178);
#177 = CARTESIAN_POINT('',(29.2,-16.2));
#178 = VECTOR('',#179,1.);
#179 = DIRECTION('',(0.,1.));
#180 = ( GEOMETRIC_REPRESENTATION_CONTEXT(2) 
PARAMETRIC_REPRESENTATION_CONTEXT() REPRESENTATION_CONTEXT('2D SPACE',''
  ) );
#181 = PCURVE('',#182,#187);
#182 = PLANE('',#183);
#183 = AXIS2_PLACEMENT_3D('',#184,#185,#186);
#184 = CARTESIAN_POINT('',(29.2,-16.2,0.));
#185 = DIRECTION('',(-1.,0.,0.));
#186 = DIRECTION('',(0.,1.,0.));
#187 = DEFINITIONAL_REPRESENTATION('',(#188),#192);
#188 = LINE('',#189,#190);
#189 = CARTESIAN_POINT('',(0.,0.));
#190 = VECTOR('',#191,1.);
#191 = DIRECTION('',(1.,0.));
#192 = ( GEOMETRIC_REPRESENTATION_CONTEXT(2) 
PARAMETRIC_REPRESENTATION_CONTEXT() REPRESENTATION_CONTEXT('2D SPACE',''
  ) );
#193 = ORIENTED_EDGE('',*,*,#194,.T.);
#194 = EDGE_CURVE('',#167,#195,#197,.T.);
#195 = VERTEX_POINT('',#196);
#196 = CARTESIAN_POINT('',(25.2,16.2,0.));
#197 = SURFACE_CURVE('',#198,(#203,#210),.PCURVE_S1.);
#198 = CIRCLE('',#199,4.);
#199 = AXIS2_PLACEMENT_3D('',#200,#201,#202);
#200 = CARTESIAN_POINT('',(25.2,12.2,0.));
#201 = DIRECTION('',(0.,0.,1.));
#202 = DIRECTION('',(0.,-1.,0.));
#203 = PCURVE('',#44,#204);
#204 = DEFINITIONAL_REPRESENTATION('',(#205),#209);
#205 = CIRCLE('',#206,4.);
#206 = AXIS2_PLACEMENT_2D('',#207,#208);
#207 = CARTESIAN_POINT('',(25.2,12.2));
#208 = DIRECTION('',(0.,-1.));
#209 = ( GEOMETRIC_REPRESENTATION_CONTEXT(2) 
PARAMETRIC_REPRESENTATION_CONTEXT() REPRESENTATION_CONTEXT('2D SPACE',''
  ) );
#210 = PCURVE('',#211,#216);
#211 = CYLINDRICAL_SURFACE('',#212,4.);
#212 = AXIS2_PLACEMENT_3D('',#213,#214,#215);
#213 = CARTESIAN_POINT('',(25.2,12.2,0.));
#214 = DIRECTION('',(0.,0.,1.));
#215 = DIRECTION('',(1.,0.,-0.));
#216 = DEFINITIONAL_REPRESENTATION('',(#217),#221);
#217 = LINE('',#218,#219);
#218 = CARTESIAN_POINT('',(-1.570796326795,0.));
#219 = VECTOR('',#220,1.);
#220 = DIRECTION('',(1.,0.));
#221 = ( GEOMETRIC_REPRESENTATION_CONTEXT(2) 
PARAMETRIC_REPRESENTATION_CONTEXT() REPRESENTATION_CONTEXT('2D SPACE',''
  ) );
#222 = ORIENTED_EDGE('',*,*,#223,.T.);
#223 = EDGE_CURVE('',#195,#224,#226,.T.);
#224 = VERTEX_POINT('',#225);
#225 = CARTESIAN_POINT('',(-25.2,16.2,0.));
#226 = SURFACE_CURVE('',#227,(#231,#238),.PCURVE_S1.);
#227 = LINE('',#228,#229);
#228 = CARTESIAN_POINT('',(29.2,16.2,0.));
#229 = VECTOR('',#230,1.);
#230 = DIRECTION('',(-1.,0.,0.));
#231 = PCURVE('',#44,#232);
#232 = DEFINITIONAL_REPRESENTATION('',(#233),#237);
#233 = LINE('',#234,#235);
#234 = CARTESIAN_POINT('',(29.2,16.2));
#235 = VECTOR('',#236,1.);
#236 = DIRECTION('',(-1.,0.));
#237 = ( GEOMETRIC_REPRESENTATION_CONTEXT(2) 
PARAMETRIC_REPRESENTATION_CONTEXT() REPRESENTATION_CONTEXT('2D SPACE',''
  ) );
#238 = PCURVE('',#239,#244);
#239 = PLANE('',#240);
#240 = AXIS2_PLACEMENT_3D('',#241,#242,#243);
#241 = CARTESIAN_POINT('',(29.2,16.2,0.));
#242 = DIRECTION('',(0.,-1.,0.));
#243 = DIRECTION('',(-1.,0.,0.));
#244 = DEFINITIONAL_REPRESENTATION('',(#245),#249);
#245 = LINE('',#246,#247);
#246 = CARTESIAN_POINT('',(0.,-0.));
#247 = VECTOR('',#248,1.);
#248 = DIRECTION('',(1.,0.));
#249 = ( GEOMETRIC_REPRESENTATION_CONTEXT(2) 
PARAMETRIC_REPRESENTATION_CONTEXT() REPRESENTATION_CONTEXT('2D SPACE',''
  ) );
#250 = ORIENTED_EDGE('',*,*,#251,.T.);
#251 = EDGE_CURVE('',#224,#252,#254,.T.);
#252 = VERTEX_POINT('',#253);
#253 = CARTESIAN_POINT('',(-29.2,12.2,0.));
#254 = SURFACE_CURVE('',#255,(#260,#267),.PCURVE_S1.);
#255 = CIRCLE('',#256,4.);
#256 = AXIS2_PLACEMENT_3D('',#257,#258,#259);
#257 = CARTESIAN_POINT('',(-25.2,12.2,0.));
#258 = DIRECTION('',(0.,0.,1.));
#259 = DIRECTION('',(0.,-1.,0.));
#260 = PCURVE('',#44,#261);
#261 = DEFINITIONAL_REPRESENTATION('',(#262),#266);
#262 = CIRCLE('',#263,4.);
#263 = AXIS2_PLACEMENT_2D('',#264,#265);
#264 = CARTESIAN_POINT('',(-25.2,12.2));
#265 = DIRECTION('',(0.,-1.));
#266 = ( GEOMETRIC_REPRESENTATION_CONTEXT(2) 
PARAMETRIC_REPRESENTATION_CONTEXT() REPRESENTATION_CONTEXT('2D SPACE',''
  ) );
#267 = PCURVE('',#268,#273);
#268 = CYLINDRICAL_SURFACE('',#269,4.);
#269 = AXIS2_PLACEMENT_3D('',#270,#271,#272);
#270 = CARTESIAN_POINT('',(-25.2,12.2,0.));
#271 = DIRECTION('',(0.,0.,1.));
#272 = DIRECTION('',(-0.,1.,0.));
#273 = DEFINITIONAL_REPRESENTATION('',(#274),#278);
#274 = LINE('',#275,#276);
#275 = CARTESIAN_POINT('',(-3.14159265359,0.));
#276 = VECTOR('',#277,1.);
#277 = DIRECTION('',(1.,0.));
#278 = ( GEOMETRIC_REPRESENTATION_CONTEXT(2) 
PARAMETRIC_REPRESENTATION_CONTEXT() REPRESENTATION_CONTEXT('2D SPACE',''
  ) );
#279 = ORIENTED_EDGE('',*,*,#280,.T.);
#280 = EDGE_CURVE('',#252,#281,#283,.T.);
#281 = VERTEX_POINT('',#282);
#282 = CARTESIAN_POINT('',(-29.2,-12.2,0.));
#283 = SURFACE_CURVE('',#284,(#288,#295),.PCURVE_S1.);
#284 = LINE('',#285,#286);
#285 = CARTESIAN_POINT('',(-29.2,16.2,0.));
#286 = VECTOR('',#287,1.);
#287 = DIRECTION('',(0.,-1.,0.));
#288 = PCURVE('',#44,#289);
#289 = DEFINITIONAL_REPRESENTATION('',(#290),#294);
#290 = LINE('',#291,#292);
#291 = CARTESIAN_POINT('',(-29.2,16.2));
#292 = VECTOR('',#293,1.);
#293 = DIRECTION('',(0.,-1.));
#294 = ( GEOMETRIC_REPRESENTATION_CONTEXT(2) 
PARAMETRIC_REPRESENTATION_CONTEXT() REPRESENTATION_CONTEXT('2D SPACE',''
  ) );
#295 = PCURVE('',#296,#301);
#296 = PLANE('',#297);
#297 = AXIS2_PLACEMENT_3D('',#298,#299,#300);
#298 = CARTESIAN_POINT('',(-29.2,16.2,0.));
#299 = DIRECTION('',(1.,0.,-0.));
#300 = DIRECTION('',(0.,-1.,0.));
#301 = DEFINITIONAL_REPRESENTATION('',(#302),#306);
#302 = LINE('',#303,#304);
#303 = CARTESIAN_POINT('',(0.,0.));
#304 = VECTOR('',#305,1.);
#305 = DIRECTION('',(1.,0.));
#306 = ( GEOMETRIC_REPRESENTATION_CONTEXT(2) 
PARAMETRIC_REPRESENTATION_CONTEXT() REPRESENTATION_CONTEXT('2D SPACE',''
  ) );
#307 = ORIENTED_EDGE('',*,*,#308,.F.);
#308 = EDGE_CURVE('',#22,#281,#309,.T.);
#309 = SURFACE_CURVE('',#310,(#315,#326),.PCURVE_S1.);
#310 = CIRCLE('',#311,4.);
#311 = AXIS2_PLACEMENT_3D('',#312,#313,#314);
#312 = CARTESIAN_POINT('',(-25.2,-12.2,0.));
#313 = DIRECTION('',(-0.,-0.,-1.));
#314 = DIRECTION('',(0.,-1.,0.));
#315 = PCURVE('',#44,#316);
#316 = DEFINITIONAL_REPRESENTATION('',(#317),#325);
#317 = ( BOUNDED_CURVE() B_SPLINE_CURVE(2,(#318,#319,#320,#321,#322,#323
,#324),.UNSPECIFIED.,.T.,.F.) B_SPLINE_CURVE_WITH_KNOTS((1,2,2,2,2,1),(
    -2.094395102393,0.,2.094395102393,4.188790204786,6.28318530718,
8.377580409573),.UNSPECIFIED.) CURVE() GEOMETRIC_REPRESENTATION_ITEM() 
RATIONAL_B_SPLINE_CURVE((1.,0.5,1.,0.5,1.,0.5,1.)) REPRESENTATION_ITEM(
  '') );
#318 = CARTESIAN_POINT('',(-25.2,-16.2));
#319 = CARTESIAN_POINT('',(-32.12820323027,-16.2));
#320 = CARTESIAN_POINT('',(-28.66410161513,-10.2));
#321 = CARTESIAN_POINT('',(-25.2,-4.2));
#322 = CARTESIAN_POINT('',(-21.73589838486,-10.2));
#323 = CARTESIAN_POINT('',(-18.27179676972,-16.2));
#324 = CARTESIAN_POINT('',(-25.2,-16.2));
#325 = ( GEOMETRIC_REPRESENTATION_CONTEXT(2) 
PARAMETRIC_REPRESENTATION_CONTEXT() REPRESENTATION_CONTEXT('2D SPACE',''
  ) );
#326 = PCURVE('',#72,#327);
#327 = DEFINITIONAL_REPRESENTATION('',(#328),#332);
#328 = LINE('',#329,#330);
#329 = CARTESIAN_POINT('',(-0.,0.));
#330 = VECTOR('',#331,1.);
#331 = DIRECTION('',(-1.,0.));
#332 = ( GEOMETRIC_REPRESENTATION_CONTEXT(2) 
PARAMETRIC_REPRESENTATION_CONTEXT() REPRESENTATION_CONTEXT('2D SPACE',''
  ) );
#333 = FACE_BOUND('',#334,.F.);
#334 = EDGE_LOOP('',(#335,#365,#398,#426,#455,#483,#512,#540));
#335 = ORIENTED_EDGE('',*,*,#336,.F.);
#336 = EDGE_CURVE('',#337,#339,#341,.T.);
#337 = VERTEX_POINT('',#338);
#338 = CARTESIAN_POINT('',(-25.2,-13.95,0.));
#339 = VERTEX_POINT('',#340);
#340 = CARTESIAN_POINT('',(25.2,-13.95,0.));
#341 = SURFACE_CURVE('',#342,(#346,#353),.PCURVE_S1.);
#342 = LINE('',#343,#344);
#343 = CARTESIAN_POINT('',(-26.95,-13.95,0.));
#344 = VECTOR('',#345,1.);
#345 = DIRECTION('',(1.,0.,0.));
#346 = PCURVE('',#44,#347);
#347 = DEFINITIONAL_REPRESENTATION('',(#348),#352);
#348 = LINE('',#349,#350);
#349 = CARTESIAN_POINT('',(-26.95,-13.95));
#350 = VECTOR('',#351,1.);
#351 = DIRECTION('',(1.,0.));
#352 = ( GEOMETRIC_REPRESENTATION_CONTEXT(2) 
PARAMETRIC_REPRESENTATION_CONTEXT() REPRESENTATION_CONTEXT('2D SPACE',''
  ) );
#353 = PCURVE('',#354,#359);
#354 = PLANE('',#355);
#355 = AXIS2_PLACEMENT_3D('',#356,#357,#358);
#356 = CARTESIAN_POINT('',(-26.95,-13.95,-1.));
#357 = DIRECTION('',(0.,1.,0.));
#358 = DIRECTION('',(1.,0.,0.));
#359 = DEFINITIONAL_REPRESENTATION('',(#360),#364);
#360 = LINE('',#361,#362);
#361 = CARTESIAN_POINT('',(0.,-1.));
#362 = VECTOR('',#363,1.);
#363 = DIRECTION('',(1.,0.));
#364 = ( GEOMETRIC_REPRESENTATION_CONTEXT(2) 
PARAMETRIC_REPRESENTATION_CONTEXT() REPRESENTATION_CONTEXT('2D SPACE',''
  ) );
#365 = ORIENTED_EDGE('',*,*,#366,.T.);
#366 = EDGE_CURVE('',#337,#367,#369,.T.);
#367 = VERTEX_POINT('',#368);
#368 = CARTESIAN_POINT('',(-26.95,-12.2,0.));
#369 = SURFACE_CURVE('',#370,(#375,#386),.PCURVE_S1.);
#370 = CIRCLE('',#371,1.75);
#371 = AXIS2_PLACEMENT_3D('',#372,#373,#374);
#372 = CARTESIAN_POINT('',(-25.2,-12.2,0.));
#373 = DIRECTION('',(-0.,-0.,-1.));
#374 = DIRECTION('',(0.,-1.,0.));
#375 = PCURVE('',#44,#376);
#376 = DEFINITIONAL_REPRESENTATION('',(#377),#385);
#377 = ( BOUNDED_CURVE() B_SPLINE_CURVE(2,(#378,#379,#380,#381,#382,#383
,#384),.UNSPECIFIED.,.T.,.F.) B_SPLINE_CURVE_WITH_KNOTS((1,2,2,2,2,1),(
    -2.094395102393,0.,2.094395102393,4.188790204786,6.28318530718,
8.377580409573),.UNSPECIFIED.) CURVE() GEOMETRIC_REPRESENTATION_ITEM() 
RATIONAL_B_SPLINE_CURVE((1.,0.5,1.,0.5,1.,0.5,1.)) REPRESENTATION_ITEM(
  '') );
#378 = CARTESIAN_POINT('',(-25.2,-13.95));
#379 = CARTESIAN_POINT('',(-28.23108891324,-13.95));
#380 = CARTESIAN_POINT('',(-26.71554445662,-11.325));
#381 = CARTESIAN_POINT('',(-25.2,-8.7));
#382 = CARTESIAN_POINT('',(-23.68445554337,-11.325));
#383 = CARTESIAN_POINT('',(-22.16891108675,-13.95));
#384 = CARTESIAN_POINT('',(-25.2,-13.95));
#385 = ( GEOMETRIC_REPRESENTATION_CONTEXT(2) 
PARAMETRIC_REPRESENTATION_CONTEXT() REPRESENTATION_CONTEXT('2D SPACE',''
  ) );
#386 = PCURVE('',#387,#392);
#387 = CYLINDRICAL_SURFACE('',#388,1.75);
#388 = AXIS2_PLACEMENT_3D('',#389,#390,#391);
#389 = CARTESIAN_POINT('',(-25.2,-12.2,-1.));
#390 = DIRECTION('',(0.,0.,1.));
#391 = DIRECTION('',(0.,-1.,0.));
#392 = DEFINITIONAL_REPRESENTATION('',(#393),#397);
#393 = LINE('',#394,#395);
#394 = CARTESIAN_POINT('',(-0.,1.));
#395 = VECTOR('',#396,1.);
#396 = DIRECTION('',(-1.,0.));
#397 = ( GEOMETRIC_REPRESENTATION_CONTEXT(2) 
PARAMETRIC_REPRESENTATION_CONTEXT() REPRESENTATION_CONTEXT('2D SPACE',''
  ) );
#398 = ORIENTED_EDGE('',*,*,#399,.F.);
#399 = EDGE_CURVE('',#400,#367,#402,.T.);
#400 = VERTEX_POINT('',#401);
#401 = CARTESIAN_POINT('',(-26.95,12.2,0.));
#402 = SURFACE_CURVE('',#403,(#407,#414),.PCURVE_S1.);
#403 = LINE('',#404,#405);
#404 = CARTESIAN_POINT('',(-26.95,13.95,0.));
#405 = VECTOR('',#406,1.);
#406 = DIRECTION('',(0.,-1.,0.));
#407 = PCURVE('',#44,#408);
#408 = DEFINITIONAL_REPRESENTATION('',(#409),#413);
#409 = LINE('',#410,#411);
#410 = CARTESIAN_POINT('',(-26.95,13.95));
#411 = VECTOR('',#412,1.);
#412 = DIRECTION('',(0.,-1.));
#413 = ( GEOMETRIC_REPRESENTATION_CONTEXT(2) 
PARAMETRIC_REPRESENTATION_CONTEXT() REPRESENTATION_CONTEXT('2D SPACE',''
  ) );
#414 = PCURVE('',#415,#420);
#415 = PLANE('',#416);
#416 = AXIS2_PLACEMENT_3D('',#417,#418,#419);
#417 = CARTESIAN_POINT('',(-26.95,13.95,-1.));
#418 = DIRECTION('',(1.,0.,-0.));
#419 = DIRECTION('',(0.,-1.,0.));
#420 = DEFINITIONAL_REPRESENTATION('',(#421),#425);
#421 = LINE('',#422,#423);
#422 = CARTESIAN_POINT('',(0.,-1.));
#423 = VECTOR('',#424,1.);
#424 = DIRECTION('',(1.,0.));
#425 = ( GEOMETRIC_REPRESENTATION_CONTEXT(2) 
PARAMETRIC_REPRESENTATION_CONTEXT() REPRESENTATION_CONTEXT('2D SPACE',''
  ) );
#426 = ORIENTED_EDGE('',*,*,#427,.F.);
#427 = EDGE_CURVE('',#428,#400,#430,.T.);
#428 = VERTEX_POINT('',#429);
#429 = CARTESIAN_POINT('',(-25.2,13.95,0.));
#430 = SURFACE_CURVE('',#431,(#436,#443),.PCURVE_S1.);
#431 = CIRCLE('',#432,1.75);
#432 = AXIS2_PLACEMENT_3D('',#433,#434,#435);
#433 = CARTESIAN_POINT('',(-25.2,12.2,0.));
#434 = DIRECTION('',(0.,0.,1.));
#435 = DIRECTION('',(0.,-1.,0.));
#436 = PCURVE('',#44,#437);
#437 = DEFINITIONAL_REPRESENTATION('',(#438),#442);
#438 = CIRCLE('',#439,1.75);
#439 = AXIS2_PLACEMENT_2D('',#440,#441);
#440 = CARTESIAN_POINT('',(-25.2,12.2));
#441 = DIRECTION('',(0.,-1.));
#442 = ( GEOMETRIC_REPRESENTATION_CONTEXT(2) 
PARAMETRIC_REPRESENTATION_CONTEXT() REPRESENTATION_CONTEXT('2D SPACE',''
  ) );
#443 = PCURVE('',#444,#449);
#444 = CYLINDRICAL_SURFACE('',#445,1.75);
#445 = AXIS2_PLACEMENT_3D('',#446,#447,#448);
#446 = CARTESIAN_POINT('',(-25.2,12.2,-1.));
#447 = DIRECTION('',(0.,0.,1.));
#448 = DIRECTION('',(-0.,1.,0.));
#449 = DEFINITIONAL_REPRESENTATION('',(#450),#454);
#450 = LINE('',#451,#452);
#451 = CARTESIAN_POINT('',(-3.14159265359,1.));
#452 = VECTOR('',#453,1.);
#453 = DIRECTION('',(1.,0.));
#454 = ( GEOMETRIC_REPRESENTATION_CONTEXT(2) 
PARAMETRIC_REPRESENTATION_CONTEXT() REPRESENTATION_CONTEXT('2D SPACE',''
  ) );
#455 = ORIENTED_EDGE('',*,*,#456,.F.);
#456 = EDGE_CURVE('',#457,#428,#459,.T.);
#457 = VERTEX_POINT('',#458);
#458 = CARTESIAN_POINT('',(25.2,13.95,0.));
#459 = SURFACE_CURVE('',#460,(#464,#471),.PCURVE_S1.);
#460 = LINE('',#461,#462);
#461 = CARTESIAN_POINT('',(26.95,13.95,0.));
#462 = VECTOR('',#463,1.);
#463 = DIRECTION('',(-1.,0.,0.));
#464 = PCURVE('',#44,#465);
#465 = DEFINITIONAL_REPRESENTATION('',(#466),#470);
#466 = LINE('',#467,#468);
#467 = CARTESIAN_POINT('',(26.95,13.95));
#468 = VECTOR('',#469,1.);
#469 = DIRECTION('',(-1.,0.));
#470 = ( GEOMETRIC_REPRESENTATION_CONTEXT(2) 
PARAMETRIC_REPRESENTATION_CONTEXT() REPRESENTATION_CONTEXT('2D SPACE',''
  ) );
#471 = PCURVE('',#472,#477);
#472 = PLANE('',#473);
#473 = AXIS2_PLACEMENT_3D('',#474,#475,#476);
#474 = CARTESIAN_POINT('',(26.95,13.95,-1.));
#475 = DIRECTION('',(0.,-1.,0.));
#476 = DIRECTION('',(-1.,0.,0.));
#477 = DEFINITIONAL_REPRESENTATION('',(#478),#482);
#478 = LINE('',#479,#480);
#479 = CARTESIAN_POINT('',(0.,-1.));
#480 = VECTOR('',#481,1.);
#481 = DIRECTION('',(1.,0.));
#482 = ( GEOMETRIC_REPRESENTATION_CONTEXT(2) 
PARAMETRIC_REPRESENTATION_CONTEXT() REPRESENTATION_CONTEXT('2D SPACE',''
  ) );
#483 = ORIENTED_EDGE('',*,*,#484,.F.);
#484 = EDGE_CURVE('',#485,#457,#487,.T.);
#485 = VERTEX_POINT('',#486);
#486 = CARTESIAN_POINT('',(26.95,12.2,0.));
#487 = SURFACE_CURVE('',#488,(#493,#500),.PCURVE_S1.);
#488 = CIRCLE('',#489,1.75);
#489 = AXIS2_PLACEMENT_3D('',#490,#491,#492);
#490 = CARTESIAN_POINT('',(25.2,12.2,0.));
#491 = DIRECTION('',(0.,0.,1.));
#492 = DIRECTION('',(0.,-1.,0.));
#493 = PCURVE('',#44,#494);
#494 = DEFINITIONAL_REPRESENTATION('',(#495),#499);
#495 = CIRCLE('',#496,1.75);
#496 = AXIS2_PLACEMENT_2D('',#497,#498);
#497 = CARTESIAN_POINT('',(25.2,12.2));
#498 = DIRECTION('',(0.,-1.));
#499 = ( GEOMETRIC_REPRESENTATION_CONTEXT(2) 
PARAMETRIC_REPRESENTATION_CONTEXT() REPRESENTATION_CONTEXT('2D SPACE',''
  ) );
#500 = PCURVE('',#501,#506);
#501 = CYLINDRICAL_SURFACE('',#502,1.75);
#502 = AXIS2_PLACEMENT_3D('',#503,#504,#505);
#503 = CARTESIAN_POINT('',(25.2,12.2,-1.));
#504 = DIRECTION('',(0.,0.,1.));
#505 = DIRECTION('',(1.,0.,-0.));
#506 = DEFINITIONAL_REPRESENTATION('',(#507),#511);
#507 = LINE('',#508,#509);
#508 = CARTESIAN_POINT('',(-1.570796326795,1.));
#509 = VECTOR('',#510,1.);
#510 = DIRECTION('',(1.,0.));
#511 = ( GEOMETRIC_REPRESENTATION_CONTEXT(2) 
PARAMETRIC_REPRESENTATION_CONTEXT() REPRESENTATION_CONTEXT('2D SPACE',''
  ) );
#512 = ORIENTED_EDGE('',*,*,#513,.F.);
#513 = EDGE_CURVE('',#514,#485,#516,.T.);
#514 = VERTEX_POINT('',#515);
#515 = CARTESIAN_POINT('',(26.95,-12.2,0.));
#516 = SURFACE_CURVE('',#517,(#521,#528),.PCURVE_S1.);
#517 = LINE('',#518,#519);
#518 = CARTESIAN_POINT('',(26.95,-13.95,0.));
#519 = VECTOR('',#520,1.);
#520 = DIRECTION('',(0.,1.,0.));
#521 = PCURVE('',#44,#522);
#522 = DEFINITIONAL_REPRESENTATION('',(#523),#527);
#523 = LINE('',#524,#525);
#524 = CARTESIAN_POINT('',(26.95,-13.95));
#525 = VECTOR('',#526,1.);
#526 = DIRECTION('',(0.,1.));
#527 = ( GEOMETRIC_REPRESENTATION_CONTEXT(2) 
PARAMETRIC_REPRESENTATION_CONTEXT() REPRESENTATION_CONTEXT('2D SPACE',''
  ) );
#528 = PCURVE('',#529,#534);
#529 = PLANE('',#530);
#530 = AXIS2_PLACEMENT_3D('',#531,#532,#533);
#531 = CARTESIAN_POINT('',(26.95,-13.95,-1.));
#532 = DIRECTION('',(-1.,0.,0.));
#533 = DIRECTION('',(0.,1.,0.));
#534 = DEFINITIONAL_REPRESENTATION('',(#535),#539);
#535 = LINE('',#536,#537);
#536 = CARTESIAN_POINT('',(0.,-1.));
#537 = VECTOR('',#538,1.);
#538 = DIRECTION('',(1.,0.));
#539 = ( GEOMETRIC_REPRESENTATION_CONTEXT(2) 
PARAMETRIC_REPRESENTATION_CONTEXT() REPRESENTATION_CONTEXT('2D SPACE',''
  ) );
#540 = ORIENTED_EDGE('',*,*,#541,.F.);
#541 = EDGE_CURVE('',#339,#514,#542,.T.);
#542 = SURFACE_CURVE('',#543,(#548,#555),.PCURVE_S1.);
#543 = CIRCLE('',#544,1.75);
#544 = AXIS2_PLACEMENT_3D('',#545,#546,#547);
#545 = CARTESIAN_POINT('',(25.2,-12.2,0.));
#546 = DIRECTION('',(0.,0.,1.));
#547 = DIRECTION('',(0.,-1.,0.));
#548 = PCURVE('',#44,#549);
#549 = DEFINITIONAL_REPRESENTATION('',(#550),#554);
#550 = CIRCLE('',#551,1.75);
#551 = AXIS2_PLACEMENT_2D('',#552,#553);
#552 = CARTESIAN_POINT('',(25.2,-12.2));
#553 = DIRECTION('',(0.,-1.));
#554 = ( GEOMETRIC_REPRESENTATION_CONTEXT(2) 
PARAMETRIC_REPRESENTATION_CONTEXT() REPRESENTATION_CONTEXT('2D SPACE',''
  ) );
#555 = PCURVE('',#556,#561);
#556 = CYLINDRICAL_SURFACE('',#557,1.75);
#557 = AXIS2_PLACEMENT_3D('',#558,#559,#560);
#558 = CARTESIAN_POINT('',(25.2,-12.2,-1.));
#559 = DIRECTION('',(0.,0.,1.));
#560 = DIRECTION('',(0.,-1.,0.));
#561 = DEFINITIONAL_REPRESENTATION('',(#562),#566);
#562 = LINE('',#563,#564);
#563 = CARTESIAN_POINT('',(0.,1.));
#564 = VECTOR('',#565,1.);
#565 = DIRECTION('',(1.,0.));
#566 = ( GEOMETRIC_REPRESENTATION_CONTEXT(2) 
PARAMETRIC_REPRESENTATION_CONTEXT() REPRESENTATION_CONTEXT('2D SPACE',''
  ) );
#567 = ADVANCED_FACE('',(#568),#72,.T.);
#568 = FACE_BOUND('',#569,.F.);
#569 = EDGE_LOOP('',(#570,#571,#594,#620));
#570 = ORIENTED_EDGE('',*,*,#308,.T.);
#571 = ORIENTED_EDGE('',*,*,#572,.T.);
#572 = EDGE_CURVE('',#281,#573,#575,.T.);
#573 = VERTEX_POINT('',#574);
#574 = CARTESIAN_POINT('',(-29.2,-12.2,2.));
#575 = SURFACE_CURVE('',#576,(#580,#587),.PCURVE_S1.);
#576 = LINE('',#577,#578);
#577 = CARTESIAN_POINT('',(-29.2,-12.2,0.));
#578 = VECTOR('',#579,1.);
#579 = DIRECTION('',(0.,0.,1.));
#580 = PCURVE('',#72,#581);
#581 = DEFINITIONAL_REPRESENTATION('',(#582),#586);
#582 = LINE('',#583,#584);
#583 = CARTESIAN_POINT('',(-1.570796326795,0.));
#584 = VECTOR('',#585,1.);
#585 = DIRECTION('',(-0.,1.));
#586 = ( GEOMETRIC_REPRESENTATION_CONTEXT(2) 
PARAMETRIC_REPRESENTATION_CONTEXT() REPRESENTATION_CONTEXT('2D SPACE',''
  ) );
#587 = PCURVE('',#296,#588);
#588 = DEFINITIONAL_REPRESENTATION('',(#589),#593);
#589 = LINE('',#590,#591);
#590 = CARTESIAN_POINT('',(28.4,0.));
#591 = VECTOR('',#592,1.);
#592 = DIRECTION('',(0.,-1.));
#593 = ( GEOMETRIC_REPRESENTATION_CONTEXT(2) 
PARAMETRIC_REPRESENTATION_CONTEXT() REPRESENTATION_CONTEXT('2D SPACE',''
  ) );
#594 = ORIENTED_EDGE('',*,*,#595,.F.);
#595 = EDGE_CURVE('',#57,#573,#596,.T.);
#596 = SURFACE_CURVE('',#597,(#602,#609),.PCURVE_S1.);
#597 = CIRCLE('',#598,4.);
#598 = AXIS2_PLACEMENT_3D('',#599,#600,#601);
#599 = CARTESIAN_POINT('',(-25.2,-12.2,2.));
#600 = DIRECTION('',(-0.,-0.,-1.));
#601 = DIRECTION('',(0.,-1.,0.));
#602 = PCURVE('',#72,#603);
#603 = DEFINITIONAL_REPRESENTATION('',(#604),#608);
#604 = LINE('',#605,#606);
#605 = CARTESIAN_POINT('',(-0.,2.));
#606 = VECTOR('',#607,1.);
#607 = DIRECTION('',(-1.,0.));
#608 = ( GEOMETRIC_REPRESENTATION_CONTEXT(2) 
PARAMETRIC_REPRESENTATION_CONTEXT() REPRESENTATION_CONTEXT('2D SPACE',''
  ) );
#609 = PCURVE('',#100,#610);
#610 = DEFINITIONAL_REPRESENTATION('',(#611),#619);
#611 = ( BOUNDED_CURVE() B_SPLINE_CURVE(2,(#612,#613,#614,#615,#616,#617
,#618),.UNSPECIFIED.,.T.,.F.) B_SPLINE_CURVE_WITH_KNOTS((1,2,2,2,2,1),(
    -2.094395102393,0.,2.094395102393,4.188790204786,6.28318530718,
8.377580409573),.UNSPECIFIED.) CURVE() GEOMETRIC_REPRESENTATION_ITEM() 
RATIONAL_B_SPLINE_CURVE((1.,0.5,1.,0.5,1.,0.5,1.)) REPRESENTATION_ITEM(
  '') );
#612 = CARTESIAN_POINT('',(-25.2,-16.2));
#613 = CARTESIAN_POINT('',(-32.12820323027,-16.2));
#614 = CARTESIAN_POINT('',(-28.66410161513,-10.2));
#615 = CARTESIAN_POINT('',(-25.2,-4.2));
#616 = CARTESIAN_POINT('',(-21.73589838486,-10.2));
#617 = CARTESIAN_POINT('',(-18.27179676972,-16.2));
#618 = CARTESIAN_POINT('',(-25.2,-16.2));
#619 = ( GEOMETRIC_REPRESENTATION_CONTEXT(2) 
PARAMETRIC_REPRESENTATION_CONTEXT() REPRESENTATION_CONTEXT('2D SPACE',''
  ) );
#620 = ORIENTED_EDGE('',*,*,#56,.F.);
#621 = ADVANCED_FACE('',(#622),#126,.T.);
#622 = FACE_BOUND('',#623,.T.);
#623 = EDGE_LOOP('',(#624,#625,#648,#670));
#624 = ORIENTED_EDGE('',*,*,#142,.T.);
#625 = ORIENTED_EDGE('',*,*,#626,.T.);
#626 = EDGE_CURVE('',#143,#627,#629,.T.);
#627 = VERTEX_POINT('',#628);
#628 = CARTESIAN_POINT('',(29.2,-12.2,2.));
#629 = SURFACE_CURVE('',#630,(#634,#641),.PCURVE_S1.);
#630 = LINE('',#631,#632);
#631 = CARTESIAN_POINT('',(29.2,-12.2,0.));
#632 = VECTOR('',#633,1.);
#633 = DIRECTION('',(0.,0.,1.));
#634 = PCURVE('',#126,#635);
#635 = DEFINITIONAL_REPRESENTATION('',(#636),#640);
#636 = LINE('',#637,#638);
#637 = CARTESIAN_POINT('',(1.570796326795,0.));
#638 = VECTOR('',#639,1.);
#639 = DIRECTION('',(0.,1.));
#640 = ( GEOMETRIC_REPRESENTATION_CONTEXT(2) 
PARAMETRIC_REPRESENTATION_CONTEXT() REPRESENTATION_CONTEXT('2D SPACE',''
  ) );
#641 = PCURVE('',#182,#642);
#642 = DEFINITIONAL_REPRESENTATION('',(#643),#647);
#643 = LINE('',#644,#645);
#644 = CARTESIAN_POINT('',(4.,0.));
#645 = VECTOR('',#646,1.);
#646 = DIRECTION('',(0.,-1.));
#647 = ( GEOMETRIC_REPRESENTATION_CONTEXT(2) 
PARAMETRIC_REPRESENTATION_CONTEXT() REPRESENTATION_CONTEXT('2D SPACE',''
  ) );
#648 = ORIENTED_EDGE('',*,*,#649,.F.);
#649 = EDGE_CURVE('',#85,#627,#650,.T.);
#650 = SURFACE_CURVE('',#651,(#656,#663),.PCURVE_S1.);
#651 = CIRCLE('',#652,4.);
#652 = AXIS2_PLACEMENT_3D('',#653,#654,#655);
#653 = CARTESIAN_POINT('',(25.2,-12.2,2.));
#654 = DIRECTION('',(0.,0.,1.));
#655 = DIRECTION('',(0.,-1.,0.));
#656 = PCURVE('',#126,#657);
#657 = DEFINITIONAL_REPRESENTATION('',(#658),#662);
#658 = LINE('',#659,#660);
#659 = CARTESIAN_POINT('',(0.,2.));
#660 = VECTOR('',#661,1.);
#661 = DIRECTION('',(1.,0.));
#662 = ( GEOMETRIC_REPRESENTATION_CONTEXT(2) 
PARAMETRIC_REPRESENTATION_CONTEXT() REPRESENTATION_CONTEXT('2D SPACE',''
  ) );
#663 = PCURVE('',#100,#664);
#664 = DEFINITIONAL_REPRESENTATION('',(#665),#669);
#665 = CIRCLE('',#666,4.);
#666 = AXIS2_PLACEMENT_2D('',#667,#668);
#667 = CARTESIAN_POINT('',(25.2,-12.2));
#668 = DIRECTION('',(0.,-1.));
#669 = ( GEOMETRIC_REPRESENTATION_CONTEXT(2) 
PARAMETRIC_REPRESENTATION_CONTEXT() REPRESENTATION_CONTEXT('2D SPACE',''
  ) );
#670 = ORIENTED_EDGE('',*,*,#112,.F.);
#671 = ADVANCED_FACE('',(#672,#792,#827,#1165,#3996,#4166,#4201,#4307,
    #4413,#4448,#4554,#4660),#100,.T.);
#672 = FACE_BOUND('',#673,.T.);
#673 = EDGE_LOOP('',(#674,#675,#676,#699,#723,#746,#770,#791));
#674 = ORIENTED_EDGE('',*,*,#84,.T.);
#675 = ORIENTED_EDGE('',*,*,#649,.T.);
#676 = ORIENTED_EDGE('',*,*,#677,.T.);
#677 = EDGE_CURVE('',#627,#678,#680,.T.);
#678 = VERTEX_POINT('',#679);
#679 = CARTESIAN_POINT('',(29.2,12.2,2.));
#680 = SURFACE_CURVE('',#681,(#685,#692),.PCURVE_S1.);
#681 = LINE('',#682,#683);
#682 = CARTESIAN_POINT('',(29.2,-16.2,2.));
#683 = VECTOR('',#684,1.);
#684 = DIRECTION('',(0.,1.,0.));
#685 = PCURVE('',#100,#686);
#686 = DEFINITIONAL_REPRESENTATION('',(#687),#691);
#687 = LINE('',#688,#689);
#688 = CARTESIAN_POINT('',(29.2,-16.2));
#689 = VECTOR('',#690,1.);
#690 = DIRECTION('',(0.,1.));
#691 = ( GEOMETRIC_REPRESENTATION_CONTEXT(2) 
PARAMETRIC_REPRESENTATION_CONTEXT() REPRESENTATION_CONTEXT('2D SPACE',''
  ) );
#692 = PCURVE('',#182,#693);
#693 = DEFINITIONAL_REPRESENTATION('',(#694),#698);
#694 = LINE('',#695,#696);
#695 = CARTESIAN_POINT('',(0.,-2.));
#696 = VECTOR('',#697,1.);
#697 = DIRECTION('',(1.,0.));
#698 = ( GEOMETRIC_REPRESENTATION_CONTEXT(2) 
PARAMETRIC_REPRESENTATION_CONTEXT() REPRESENTATION_CONTEXT('2D SPACE',''
  ) );
#699 = ORIENTED_EDGE('',*,*,#700,.T.);
#700 = EDGE_CURVE('',#678,#701,#703,.T.);
#701 = VERTEX_POINT('',#702);
#702 = CARTESIAN_POINT('',(25.2,16.2,2.));
#703 = SURFACE_CURVE('',#704,(#709,#716),.PCURVE_S1.);
#704 = CIRCLE('',#705,4.);
#705 = AXIS2_PLACEMENT_3D('',#706,#707,#708);
#706 = CARTESIAN_POINT('',(25.2,12.2,2.));
#707 = DIRECTION('',(0.,0.,1.));
#708 = DIRECTION('',(0.,-1.,0.));
#709 = PCURVE('',#100,#710);
#710 = DEFINITIONAL_REPRESENTATION('',(#711),#715);
#711 = CIRCLE('',#712,4.);
#712 = AXIS2_PLACEMENT_2D('',#713,#714);
#713 = CARTESIAN_POINT('',(25.2,12.2));
#714 = DIRECTION('',(0.,-1.));
#715 = ( GEOMETRIC_REPRESENTATION_CONTEXT(2) 
PARAMETRIC_REPRESENTATION_CONTEXT() REPRESENTATION_CONTEXT('2D SPACE',''
  ) );
#716 = PCURVE('',#211,#717);
#717 = DEFINITIONAL_REPRESENTATION('',(#718),#722);
#718 = LINE('',#719,#720);
#719 = CARTESIAN_POINT('',(-1.570796326795,2.));
#720 = VECTOR('',#721,1.);
#721 = DIRECTION('',(1.,0.));
#722 = ( GEOMETRIC_REPRESENTATION_CONTEXT(2) 
PARAMETRIC_REPRESENTATION_CONTEXT() REPRESENTATION_CONTEXT('2D SPACE',''
  ) );
#723 = ORIENTED_EDGE('',*,*,#724,.T.);
#724 = EDGE_CURVE('',#701,#725,#727,.T.);
#725 = VERTEX_POINT('',#726);
#726 = CARTESIAN_POINT('',(-25.2,16.2,2.));
#727 = SURFACE_CURVE('',#728,(#732,#739),.PCURVE_S1.);
#728 = LINE('',#729,#730);
#729 = CARTESIAN_POINT('',(29.2,16.2,2.));
#730 = VECTOR('',#731,1.);
#731 = DIRECTION('',(-1.,0.,0.));
#732 = PCURVE('',#100,#733);
#733 = DEFINITIONAL_REPRESENTATION('',(#734),#738);
#734 = LINE('',#735,#736);
#735 = CARTESIAN_POINT('',(29.2,16.2));
#736 = VECTOR('',#737,1.);
#737 = DIRECTION('',(-1.,0.));
#738 = ( GEOMETRIC_REPRESENTATION_CONTEXT(2) 
PARAMETRIC_REPRESENTATION_CONTEXT() REPRESENTATION_CONTEXT('2D SPACE',''
  ) );
#739 = PCURVE('',#239,#740);
#740 = DEFINITIONAL_REPRESENTATION('',(#741),#745);
#741 = LINE('',#742,#743);
#742 = CARTESIAN_POINT('',(0.,-2.));
#743 = VECTOR('',#744,1.);
#744 = DIRECTION('',(1.,0.));
#745 = ( GEOMETRIC_REPRESENTATION_CONTEXT(2) 
PARAMETRIC_REPRESENTATION_CONTEXT() REPRESENTATION_CONTEXT('2D SPACE',''
  ) );
#746 = ORIENTED_EDGE('',*,*,#747,.T.);
#747 = EDGE_CURVE('',#725,#748,#750,.T.);
#748 = VERTEX_POINT('',#749);
#749 = CARTESIAN_POINT('',(-29.2,12.2,2.));
#750 = SURFACE_CURVE('',#751,(#756,#763),.PCURVE_S1.);
#751 = CIRCLE('',#752,4.);
#752 = AXIS2_PLACEMENT_3D('',#753,#754,#755);
#753 = CARTESIAN_POINT('',(-25.2,12.2,2.));
#754 = DIRECTION('',(0.,0.,1.));
#755 = DIRECTION('',(0.,-1.,0.));
#756 = PCURVE('',#100,#757);
#757 = DEFINITIONAL_REPRESENTATION('',(#758),#762);
#758 = CIRCLE('',#759,4.);
#759 = AXIS2_PLACEMENT_2D('',#760,#761);
#760 = CARTESIAN_POINT('',(-25.2,12.2));
#761 = DIRECTION('',(0.,-1.));
#762 = ( GEOMETRIC_REPRESENTATION_CONTEXT(2) 
PARAMETRIC_REPRESENTATION_CONTEXT() REPRESENTATION_CONTEXT('2D SPACE',''
  ) );
#763 = PCURVE('',#268,#764);
#764 = DEFINITIONAL_REPRESENTATION('',(#765),#769);
#765 = LINE('',#766,#767);
#766 = CARTESIAN_POINT('',(-3.14159265359,2.));
#767 = VECTOR('',#768,1.);
#768 = DIRECTION('',(1.,0.));
#769 = ( GEOMETRIC_REPRESENTATION_CONTEXT(2) 
PARAMETRIC_REPRESENTATION_CONTEXT() REPRESENTATION_CONTEXT('2D SPACE',''
  ) );
#770 = ORIENTED_EDGE('',*,*,#771,.T.);
#771 = EDGE_CURVE('',#748,#573,#772,.T.);
#772 = SURFACE_CURVE('',#773,(#777,#784),.PCURVE_S1.);
#773 = LINE('',#774,#775);
#774 = CARTESIAN_POINT('',(-29.2,16.2,2.));
#775 = VECTOR('',#776,1.);
#776 = DIRECTION('',(0.,-1.,0.));
#777 = PCURVE('',#100,#778);
#778 = DEFINITIONAL_REPRESENTATION('',(#779),#783);
#779 = LINE('',#780,#781);
#780 = CARTESIAN_POINT('',(-29.2,16.2));
#781 = VECTOR('',#782,1.);
#782 = DIRECTION('',(0.,-1.));
#783 = ( GEOMETRIC_REPRESENTATION_CONTEXT(2) 
PARAMETRIC_REPRESENTATION_CONTEXT() REPRESENTATION_CONTEXT('2D SPACE',''
  ) );
#784 = PCURVE('',#296,#785);
#785 = DEFINITIONAL_REPRESENTATION('',(#786),#790);
#786 = LINE('',#787,#788);
#787 = CARTESIAN_POINT('',(0.,-2.));
#788 = VECTOR('',#789,1.);
#789 = DIRECTION('',(1.,0.));
#790 = ( GEOMETRIC_REPRESENTATION_CONTEXT(2) 
PARAMETRIC_REPRESENTATION_CONTEXT() REPRESENTATION_CONTEXT('2D SPACE',''
  ) );
#791 = ORIENTED_EDGE('',*,*,#595,.F.);
#792 = FACE_BOUND('',#793,.T.);
#793 = EDGE_LOOP('',(#794));
#794 = ORIENTED_EDGE('',*,*,#795,.T.);
#795 = EDGE_CURVE('',#796,#796,#798,.T.);
#796 = VERTEX_POINT('',#797);
#797 = CARTESIAN_POINT('',(-20.6,-10.2,2.));
#798 = SURFACE_CURVE('',#799,(#804,#815),.PCURVE_S1.);
#799 = CIRCLE('',#800,2.6);
#800 = AXIS2_PLACEMENT_3D('',#801,#802,#803);
#801 = CARTESIAN_POINT('',(-23.2,-10.2,2.));
#802 = DIRECTION('',(0.,0.,-1.));
#803 = DIRECTION('',(1.,0.,0.));
#804 = PCURVE('',#100,#805);
#805 = DEFINITIONAL_REPRESENTATION('',(#806),#814);
#806 = ( BOUNDED_CURVE() B_SPLINE_CURVE(2,(#807,#808,#809,#810,#811,#812
,#813),.UNSPECIFIED.,.T.,.F.) B_SPLINE_CURVE_WITH_KNOTS((1,2,2,2,2,1),(
    -2.094395102393,0.,2.094395102393,4.188790204786,6.28318530718,
8.377580409573),.UNSPECIFIED.) CURVE() GEOMETRIC_REPRESENTATION_ITEM() 
RATIONAL_B_SPLINE_CURVE((1.,0.5,1.,0.5,1.,0.5,1.)) REPRESENTATION_ITEM(
  '') );
#807 = CARTESIAN_POINT('',(-20.6,-10.2));
#808 = CARTESIAN_POINT('',(-20.6,-14.70333209967));
#809 = CARTESIAN_POINT('',(-24.5,-12.45166604984));
#810 = CARTESIAN_POINT('',(-28.4,-10.2));
#811 = CARTESIAN_POINT('',(-24.5,-7.94833395016));
#812 = CARTESIAN_POINT('',(-20.6,-5.696667900321));
#813 = CARTESIAN_POINT('',(-20.6,-10.2));
#814 = ( GEOMETRIC_REPRESENTATION_CONTEXT(2) 
PARAMETRIC_REPRESENTATION_CONTEXT() REPRESENTATION_CONTEXT('2D SPACE',''
  ) );
#815 = PCURVE('',#816,#821);
#816 = CYLINDRICAL_SURFACE('',#817,2.6);
#817 = AXIS2_PLACEMENT_3D('',#818,#819,#820);
#818 = CARTESIAN_POINT('',(-23.2,-10.2,0.9));
#819 = DIRECTION('',(-0.,-0.,-1.));
#820 = DIRECTION('',(1.,0.,0.));
#821 = DEFINITIONAL_REPRESENTATION('',(#822),#826);
#822 = LINE('',#823,#824);
#823 = CARTESIAN_POINT('',(-6.28318530718,-1.1));
#824 = VECTOR('',#825,1.);
#825 = DIRECTION('',(1.,-0.));
#826 = ( GEOMETRIC_REPRESENTATION_CONTEXT(2) 
PARAMETRIC_REPRESENTATION_CONTEXT() REPRESENTATION_CONTEXT('2D SPACE',''
  ) );
#827 = FACE_BOUND('',#828,.T.);
#828 = EDGE_LOOP('',(#829,#859,#887,#915,#943,#971,#999,#1027,#1055,
    #1083,#1111,#1139));
#829 = ORIENTED_EDGE('',*,*,#830,.T.);
#830 = EDGE_CURVE('',#831,#833,#835,.T.);
#831 = VERTEX_POINT('',#832);
#832 = CARTESIAN_POINT('',(-11.10595703125,-10.30124804687,2.));
#833 = VERTEX_POINT('',#834);
#834 = CARTESIAN_POINT('',(-11.10595703125,-10.72361132812,2.));
#835 = SURFACE_CURVE('',#836,(#840,#847),.PCURVE_S1.);
#836 = LINE('',#837,#838);
#837 = CARTESIAN_POINT('',(-11.10595703125,-10.30124804687,2.));
#838 = VECTOR('',#839,1.);
#839 = DIRECTION('',(0.,-1.,0.));
#840 = PCURVE('',#100,#841);
#841 = DEFINITIONAL_REPRESENTATION('',(#842),#846);
#842 = LINE('',#843,#844);
#843 = CARTESIAN_POINT('',(-11.10595703125,-10.30124804687));
#844 = VECTOR('',#845,1.);
#845 = DIRECTION('',(0.,-1.));
#846 = ( GEOMETRIC_REPRESENTATION_CONTEXT(2) 
PARAMETRIC_REPRESENTATION_CONTEXT() REPRESENTATION_CONTEXT('2D SPACE',''
  ) );
#847 = PCURVE('',#848,#853);
#848 = PLANE('',#849);
#849 = AXIS2_PLACEMENT_3D('',#850,#851,#852);
#850 = CARTESIAN_POINT('',(-11.10595703125,-10.30124804687,2.));
#851 = DIRECTION('',(1.,0.,0.));
#852 = DIRECTION('',(0.,-1.,0.));
#853 = DEFINITIONAL_REPRESENTATION('',(#854),#858);
#854 = LINE('',#855,#856);
#855 = CARTESIAN_POINT('',(0.,0.));
#856 = VECTOR('',#857,1.);
#857 = DIRECTION('',(1.,0.));
#858 = ( GEOMETRIC_REPRESENTATION_CONTEXT(2) 
PARAMETRIC_REPRESENTATION_CONTEXT() REPRESENTATION_CONTEXT('2D SPACE',''
  ) );
#859 = ORIENTED_EDGE('',*,*,#860,.T.);
#860 = EDGE_CURVE('',#833,#861,#863,.T.);
#861 = VERTEX_POINT('',#862);
#862 = CARTESIAN_POINT('',(-13.77685546875,-10.72361132812,2.));
#863 = SURFACE_CURVE('',#864,(#868,#875),.PCURVE_S1.);
#864 = LINE('',#865,#866);
#865 = CARTESIAN_POINT('',(-11.10595703125,-10.72361132812,2.));
#866 = VECTOR('',#867,1.);
#867 = DIRECTION('',(-1.,0.,0.));
#868 = PCURVE('',#100,#869);
#869 = DEFINITIONAL_REPRESENTATION('',(#870),#874);
#870 = LINE('',#871,#872);
#871 = CARTESIAN_POINT('',(-11.10595703125,-10.72361132812));
#872 = VECTOR('',#873,1.);
#873 = DIRECTION('',(-1.,0.));
#874 = ( GEOMETRIC_REPRESENTATION_CONTEXT(2) 
PARAMETRIC_REPRESENTATION_CONTEXT() REPRESENTATION_CONTEXT('2D SPACE',''
  ) );
#875 = PCURVE('',#876,#881);
#876 = PLANE('',#877);
#877 = AXIS2_PLACEMENT_3D('',#878,#879,#880);
#878 = CARTESIAN_POINT('',(-11.10595703125,-10.72361132812,2.));
#879 = DIRECTION('',(0.,-1.,0.));
#880 = DIRECTION('',(-1.,0.,0.));
#881 = DEFINITIONAL_REPRESENTATION('',(#882),#886);
#882 = LINE('',#883,#884);
#883 = CARTESIAN_POINT('',(0.,-0.));
#884 = VECTOR('',#885,1.);
#885 = DIRECTION('',(1.,0.));
#886 = ( GEOMETRIC_REPRESENTATION_CONTEXT(2) 
PARAMETRIC_REPRESENTATION_CONTEXT() REPRESENTATION_CONTEXT('2D SPACE',''
  ) );
#887 = ORIENTED_EDGE('',*,*,#888,.T.);
#888 = EDGE_CURVE('',#861,#889,#891,.T.);
#889 = VERTEX_POINT('',#890);
#890 = CARTESIAN_POINT('',(-13.77685546875,-7.144509765625,2.));
#891 = SURFACE_CURVE('',#892,(#896,#903),.PCURVE_S1.);
#892 = LINE('',#893,#894);
#893 = CARTESIAN_POINT('',(-13.77685546875,-10.72361132812,2.));
#894 = VECTOR('',#895,1.);
#895 = DIRECTION('',(0.,1.,0.));
#896 = PCURVE('',#100,#897);
#897 = DEFINITIONAL_REPRESENTATION('',(#898),#902);
#898 = LINE('',#899,#900);
#899 = CARTESIAN_POINT('',(-13.77685546875,-10.72361132812));
#900 = VECTOR('',#901,1.);
#901 = DIRECTION('',(0.,1.));
#902 = ( GEOMETRIC_REPRESENTATION_CONTEXT(2) 
PARAMETRIC_REPRESENTATION_CONTEXT() REPRESENTATION_CONTEXT('2D SPACE',''
  ) );
#903 = PCURVE('',#904,#909);
#904 = PLANE('',#905);
#905 = AXIS2_PLACEMENT_3D('',#906,#907,#908);
#906 = CARTESIAN_POINT('',(-13.77685546875,-10.72361132812,2.));
#907 = DIRECTION('',(-1.,0.,0.));
#908 = DIRECTION('',(0.,1.,0.));
#909 = DEFINITIONAL_REPRESENTATION('',(#910),#914);
#910 = LINE('',#911,#912);
#911 = CARTESIAN_POINT('',(0.,0.));
#912 = VECTOR('',#913,1.);
#913 = DIRECTION('',(1.,0.));
#914 = ( GEOMETRIC_REPRESENTATION_CONTEXT(2) 
PARAMETRIC_REPRESENTATION_CONTEXT() REPRESENTATION_CONTEXT('2D SPACE',''
  ) );
#915 = ORIENTED_EDGE('',*,*,#916,.T.);
#916 = EDGE_CURVE('',#889,#917,#919,.T.);
#917 = VERTEX_POINT('',#918);
#918 = CARTESIAN_POINT('',(-11.18896484375,-7.144509765625,2.));
#919 = SURFACE_CURVE('',#920,(#924,#931),.PCURVE_S1.);
#920 = LINE('',#921,#922);
#921 = CARTESIAN_POINT('',(-13.77685546875,-7.144509765625,2.));
#922 = VECTOR('',#923,1.);
#923 = DIRECTION('',(1.,0.,0.));
#924 = PCURVE('',#100,#925);
#925 = DEFINITIONAL_REPRESENTATION('',(#926),#930);
#926 = LINE('',#927,#928);
#927 = CARTESIAN_POINT('',(-13.77685546875,-7.144509765625));
#928 = VECTOR('',#929,1.);
#929 = DIRECTION('',(1.,0.));
#930 = ( GEOMETRIC_REPRESENTATION_CONTEXT(2) 
PARAMETRIC_REPRESENTATION_CONTEXT() REPRESENTATION_CONTEXT('2D SPACE',''
  ) );
#931 = PCURVE('',#932,#937);
#932 = PLANE('',#933);
#933 = AXIS2_PLACEMENT_3D('',#934,#935,#936);
#934 = CARTESIAN_POINT('',(-13.77685546875,-7.144509765625,2.));
#935 = DIRECTION('',(0.,1.,0.));
#936 = DIRECTION('',(1.,0.,0.));
#937 = DEFINITIONAL_REPRESENTATION('',(#938),#942);
#938 = LINE('',#939,#940);
#939 = CARTESIAN_POINT('',(0.,0.));
#940 = VECTOR('',#941,1.);
#941 = DIRECTION('',(1.,0.));
#942 = ( GEOMETRIC_REPRESENTATION_CONTEXT(2) 
PARAMETRIC_REPRESENTATION_CONTEXT() REPRESENTATION_CONTEXT('2D SPACE',''
  ) );
#943 = ORIENTED_EDGE('',*,*,#944,.T.);
#944 = EDGE_CURVE('',#917,#945,#947,.T.);
#945 = VERTEX_POINT('',#946);
#946 = CARTESIAN_POINT('',(-11.18896484375,-7.566873046875,2.));
#947 = SURFACE_CURVE('',#948,(#952,#959),.PCURVE_S1.);
#948 = LINE('',#949,#950);
#949 = CARTESIAN_POINT('',(-11.18896484375,-7.144509765625,2.));
#950 = VECTOR('',#951,1.);
#951 = DIRECTION('',(0.,-1.,0.));
#952 = PCURVE('',#100,#953);
#953 = DEFINITIONAL_REPRESENTATION('',(#954),#958);
#954 = LINE('',#955,#956);
#955 = CARTESIAN_POINT('',(-11.18896484375,-7.144509765625));
#956 = VECTOR('',#957,1.);
#957 = DIRECTION('',(0.,-1.));
#958 = ( GEOMETRIC_REPRESENTATION_CONTEXT(2) 
PARAMETRIC_REPRESENTATION_CONTEXT() REPRESENTATION_CONTEXT('2D SPACE',''
  ) );
#959 = PCURVE('',#960,#965);
#960 = PLANE('',#961);
#961 = AXIS2_PLACEMENT_3D('',#962,#963,#964);
#962 = CARTESIAN_POINT('',(-11.18896484375,-7.144509765625,2.));
#963 = DIRECTION('',(1.,0.,0.));
#964 = DIRECTION('',(0.,-1.,0.));
#965 = DEFINITIONAL_REPRESENTATION('',(#966),#970);
#966 = LINE('',#967,#968);
#967 = CARTESIAN_POINT('',(0.,0.));
#968 = VECTOR('',#969,1.);
#969 = DIRECTION('',(1.,0.));
#970 = ( GEOMETRIC_REPRESENTATION_CONTEXT(2) 
PARAMETRIC_REPRESENTATION_CONTEXT() REPRESENTATION_CONTEXT('2D SPACE',''
  ) );
#971 = ORIENTED_EDGE('',*,*,#972,.T.);
#972 = EDGE_CURVE('',#945,#973,#975,.T.);
#973 = VERTEX_POINT('',#974);
#974 = CARTESIAN_POINT('',(-13.30322265625,-7.566873046875,2.));
#975 = SURFACE_CURVE('',#976,(#980,#987),.PCURVE_S1.);
#976 = LINE('',#977,#978);
#977 = CARTESIAN_POINT('',(-11.18896484375,-7.566873046875,2.));
#978 = VECTOR('',#979,1.);
#979 = DIRECTION('',(-1.,0.,0.));
#980 = PCURVE('',#100,#981);
#981 = DEFINITIONAL_REPRESENTATION('',(#982),#986);
#982 = LINE('',#983,#984);
#983 = CARTESIAN_POINT('',(-11.18896484375,-7.566873046875));
#984 = VECTOR('',#985,1.);
#985 = DIRECTION('',(-1.,0.));
#986 = ( GEOMETRIC_REPRESENTATION_CONTEXT(2) 
PARAMETRIC_REPRESENTATION_CONTEXT() REPRESENTATION_CONTEXT('2D SPACE',''
  ) );
#987 = PCURVE('',#988,#993);
#988 = PLANE('',#989);
#989 = AXIS2_PLACEMENT_3D('',#990,#991,#992);
#990 = CARTESIAN_POINT('',(-11.18896484375,-7.566873046875,2.));
#991 = DIRECTION('',(0.,-1.,0.));
#992 = DIRECTION('',(-1.,0.,0.));
#993 = DEFINITIONAL_REPRESENTATION('',(#994),#998);
#994 = LINE('',#995,#996);
#995 = CARTESIAN_POINT('',(0.,-0.));
#996 = VECTOR('',#997,1.);
#997 = DIRECTION('',(1.,0.));
#998 = ( GEOMETRIC_REPRESENTATION_CONTEXT(2) 
PARAMETRIC_REPRESENTATION_CONTEXT() REPRESENTATION_CONTEXT('2D SPACE',''
  ) );
#999 = ORIENTED_EDGE('',*,*,#1000,.T.);
#1000 = EDGE_CURVE('',#973,#1001,#1003,.T.);
#1001 = VERTEX_POINT('',#1002);
#1002 = CARTESIAN_POINT('',(-13.30322265625,-8.663064453125,2.));
#1003 = SURFACE_CURVE('',#1004,(#1008,#1015),.PCURVE_S1.);
#1004 = LINE('',#1005,#1006);
#1005 = CARTESIAN_POINT('',(-13.30322265625,-7.566873046875,2.));
#1006 = VECTOR('',#1007,1.);
#1007 = DIRECTION('',(0.,-1.,0.));
#1008 = PCURVE('',#100,#1009);
#1009 = DEFINITIONAL_REPRESENTATION('',(#1010),#1014);
#1010 = LINE('',#1011,#1012);
#1011 = CARTESIAN_POINT('',(-13.30322265625,-7.566873046875));
#1012 = VECTOR('',#1013,1.);
#1013 = DIRECTION('',(0.,-1.));
#1014 = ( GEOMETRIC_REPRESENTATION_CONTEXT(2) 
PARAMETRIC_REPRESENTATION_CONTEXT() REPRESENTATION_CONTEXT('2D SPACE',''
  ) );
#1015 = PCURVE('',#1016,#1021);
#1016 = PLANE('',#1017);
#1017 = AXIS2_PLACEMENT_3D('',#1018,#1019,#1020);
#1018 = CARTESIAN_POINT('',(-13.30322265625,-7.566873046875,2.));
#1019 = DIRECTION('',(1.,0.,0.));
#1020 = DIRECTION('',(0.,-1.,0.));
#1021 = DEFINITIONAL_REPRESENTATION('',(#1022),#1026);
#1022 = LINE('',#1023,#1024);
#1023 = CARTESIAN_POINT('',(0.,0.));
#1024 = VECTOR('',#1025,1.);
#1025 = DIRECTION('',(1.,0.));
#1026 = ( GEOMETRIC_REPRESENTATION_CONTEXT(2) 
PARAMETRIC_REPRESENTATION_CONTEXT() REPRESENTATION_CONTEXT('2D SPACE',''
  ) );
#1027 = ORIENTED_EDGE('',*,*,#1028,.T.);
#1028 = EDGE_CURVE('',#1001,#1029,#1031,.T.);
#1029 = VERTEX_POINT('',#1030);
#1030 = CARTESIAN_POINT('',(-11.3232421875,-8.663064453125,2.));
#1031 = SURFACE_CURVE('',#1032,(#1036,#1043),.PCURVE_S1.);
#1032 = LINE('',#1033,#1034);
#1033 = CARTESIAN_POINT('',(-13.30322265625,-8.663064453125,2.));
#1034 = VECTOR('',#1035,1.);
#1035 = DIRECTION('',(1.,0.,0.));
#1036 = PCURVE('',#100,#1037);
#1037 = DEFINITIONAL_REPRESENTATION('',(#1038),#1042);
#1038 = LINE('',#1039,#1040);
#1039 = CARTESIAN_POINT('',(-13.30322265625,-8.663064453125));
#1040 = VECTOR('',#1041,1.);
#1041 = DIRECTION('',(1.,0.));
#1042 = ( GEOMETRIC_REPRESENTATION_CONTEXT(2) 
PARAMETRIC_REPRESENTATION_CONTEXT() REPRESENTATION_CONTEXT('2D SPACE',''
  ) );
#1043 = PCURVE('',#1044,#1049);
#1044 = PLANE('',#1045);
#1045 = AXIS2_PLACEMENT_3D('',#1046,#1047,#1048);
#1046 = CARTESIAN_POINT('',(-13.30322265625,-8.663064453125,2.));
#1047 = DIRECTION('',(0.,1.,0.));
#1048 = DIRECTION('',(1.,0.,0.));
#1049 = DEFINITIONAL_REPRESENTATION('',(#1050),#1054);
#1050 = LINE('',#1051,#1052);
#1051 = CARTESIAN_POINT('',(0.,0.));
#1052 = VECTOR('',#1053,1.);
#1053 = DIRECTION('',(1.,0.));
#1054 = ( GEOMETRIC_REPRESENTATION_CONTEXT(2) 
PARAMETRIC_REPRESENTATION_CONTEXT() REPRESENTATION_CONTEXT('2D SPACE',''
  ) );
#1055 = ORIENTED_EDGE('',*,*,#1056,.T.);
#1056 = EDGE_CURVE('',#1029,#1057,#1059,.T.);
#1057 = VERTEX_POINT('',#1058);
#1058 = CARTESIAN_POINT('',(-11.3232421875,-9.082986328125,2.));
#1059 = SURFACE_CURVE('',#1060,(#1064,#1071),.PCURVE_S1.);
#1060 = LINE('',#1061,#1062);
#1061 = CARTESIAN_POINT('',(-11.3232421875,-8.663064453125,2.));
#1062 = VECTOR('',#1063,1.);
#1063 = DIRECTION('',(0.,-1.,0.));
#1064 = PCURVE('',#100,#1065);
#1065 = DEFINITIONAL_REPRESENTATION('',(#1066),#1070);
#1066 = LINE('',#1067,#1068);
#1067 = CARTESIAN_POINT('',(-11.3232421875,-8.663064453125));
#1068 = VECTOR('',#1069,1.);
#1069 = DIRECTION('',(0.,-1.));
#1070 = ( GEOMETRIC_REPRESENTATION_CONTEXT(2) 
PARAMETRIC_REPRESENTATION_CONTEXT() REPRESENTATION_CONTEXT('2D SPACE',''
  ) );
#1071 = PCURVE('',#1072,#1077);
#1072 = PLANE('',#1073);
#1073 = AXIS2_PLACEMENT_3D('',#1074,#1075,#1076);
#1074 = CARTESIAN_POINT('',(-11.3232421875,-8.663064453125,2.));
#1075 = DIRECTION('',(1.,0.,0.));
#1076 = DIRECTION('',(0.,-1.,0.));
#1077 = DEFINITIONAL_REPRESENTATION('',(#1078),#1082);
#1078 = LINE('',#1079,#1080);
#1079 = CARTESIAN_POINT('',(0.,0.));
#1080 = VECTOR('',#1081,1.);
#1081 = DIRECTION('',(1.,0.));
#1082 = ( GEOMETRIC_REPRESENTATION_CONTEXT(2) 
PARAMETRIC_REPRESENTATION_CONTEXT() REPRESENTATION_CONTEXT('2D SPACE',''
  ) );
#1083 = ORIENTED_EDGE('',*,*,#1084,.T.);
#1084 = EDGE_CURVE('',#1057,#1085,#1087,.T.);
#1085 = VERTEX_POINT('',#1086);
#1086 = CARTESIAN_POINT('',(-13.30322265625,-9.082986328125,2.));
#1087 = SURFACE_CURVE('',#1088,(#1092,#1099),.PCURVE_S1.);
#1088 = LINE('',#1089,#1090);
#1089 = CARTESIAN_POINT('',(-11.3232421875,-9.082986328125,2.));
#1090 = VECTOR('',#1091,1.);
#1091 = DIRECTION('',(-1.,0.,0.));
#1092 = PCURVE('',#100,#1093);
#1093 = DEFINITIONAL_REPRESENTATION('',(#1094),#1098);
#1094 = LINE('',#1095,#1096);
#1095 = CARTESIAN_POINT('',(-11.3232421875,-9.082986328125));
#1096 = VECTOR('',#1097,1.);
#1097 = DIRECTION('',(-1.,0.));
#1098 = ( GEOMETRIC_REPRESENTATION_CONTEXT(2) 
PARAMETRIC_REPRESENTATION_CONTEXT() REPRESENTATION_CONTEXT('2D SPACE',''
  ) );
#1099 = PCURVE('',#1100,#1105);
#1100 = PLANE('',#1101);
#1101 = AXIS2_PLACEMENT_3D('',#1102,#1103,#1104);
#1102 = CARTESIAN_POINT('',(-11.3232421875,-9.082986328125,2.));
#1103 = DIRECTION('',(0.,-1.,0.));
#1104 = DIRECTION('',(-1.,0.,0.));
#1105 = DEFINITIONAL_REPRESENTATION('',(#1106),#1110);
#1106 = LINE('',#1107,#1108);
#1107 = CARTESIAN_POINT('',(0.,-0.));
#1108 = VECTOR('',#1109,1.);
#1109 = DIRECTION('',(1.,0.));
#1110 = ( GEOMETRIC_REPRESENTATION_CONTEXT(2) 
PARAMETRIC_REPRESENTATION_CONTEXT() REPRESENTATION_CONTEXT('2D SPACE',''
  ) );
#1111 = ORIENTED_EDGE('',*,*,#1112,.T.);
#1112 = EDGE_CURVE('',#1085,#1113,#1115,.T.);
#1113 = VERTEX_POINT('',#1114);
#1114 = CARTESIAN_POINT('',(-13.30322265625,-10.30124804687,2.));
#1115 = SURFACE_CURVE('',#1116,(#1120,#1127),.PCURVE_S1.);
#1116 = LINE('',#1117,#1118);
#1117 = CARTESIAN_POINT('',(-13.30322265625,-9.082986328125,2.));
#1118 = VECTOR('',#1119,1.);
#1119 = DIRECTION('',(0.,-1.,0.));
#1120 = PCURVE('',#100,#1121);
#1121 = DEFINITIONAL_REPRESENTATION('',(#1122),#1126);
#1122 = LINE('',#1123,#1124);
#1123 = CARTESIAN_POINT('',(-13.30322265625,-9.082986328125));
#1124 = VECTOR('',#1125,1.);
#1125 = DIRECTION('',(0.,-1.));
#1126 = ( GEOMETRIC_REPRESENTATION_CONTEXT(2) 
PARAMETRIC_REPRESENTATION_CONTEXT() REPRESENTATION_CONTEXT('2D SPACE',''
  ) );
#1127 = PCURVE('',#1128,#1133);
#1128 = PLANE('',#1129);
#1129 = AXIS2_PLACEMENT_3D('',#1130,#1131,#1132);
#1130 = CARTESIAN_POINT('',(-13.30322265625,-9.082986328125,2.));
#1131 = DIRECTION('',(1.,0.,0.));
#1132 = DIRECTION('',(0.,-1.,0.));
#1133 = DEFINITIONAL_REPRESENTATION('',(#1134),#1138);
#1134 = LINE('',#1135,#1136);
#1135 = CARTESIAN_POINT('',(0.,0.));
#1136 = VECTOR('',#1137,1.);
#1137 = DIRECTION('',(1.,0.));
#1138 = ( GEOMETRIC_REPRESENTATION_CONTEXT(2) 
PARAMETRIC_REPRESENTATION_CONTEXT() REPRESENTATION_CONTEXT('2D SPACE',''
  ) );
#1139 = ORIENTED_EDGE('',*,*,#1140,.T.);
#1140 = EDGE_CURVE('',#1113,#831,#1141,.T.);
#1141 = SURFACE_CURVE('',#1142,(#1146,#1153),.PCURVE_S1.);
#1142 = LINE('',#1143,#1144);
#1143 = CARTESIAN_POINT('',(-13.30322265625,-10.30124804687,2.));
#1144 = VECTOR('',#1145,1.);
#1145 = DIRECTION('',(1.,0.,0.));
#1146 = PCURVE('',#100,#1147);
#1147 = DEFINITIONAL_REPRESENTATION('',(#1148),#1152);
#1148 = LINE('',#1149,#1150);
#1149 = CARTESIAN_POINT('',(-13.30322265625,-10.30124804687));
#1150 = VECTOR('',#1151,1.);
#1151 = DIRECTION('',(1.,0.));
#1152 = ( GEOMETRIC_REPRESENTATION_CONTEXT(2) 
PARAMETRIC_REPRESENTATION_CONTEXT() REPRESENTATION_CONTEXT('2D SPACE',''
  ) );
#1153 = PCURVE('',#1154,#1159);
#1154 = PLANE('',#1155);
#1155 = AXIS2_PLACEMENT_3D('',#1156,#1157,#1158);
#1156 = CARTESIAN_POINT('',(-13.30322265625,-10.30124804687,2.));
#1157 = DIRECTION('',(0.,1.,0.));
#1158 = DIRECTION('',(1.,0.,0.));
#1159 = DEFINITIONAL_REPRESENTATION('',(#1160),#1164);
#1160 = LINE('',#1161,#1162);
#1161 = CARTESIAN_POINT('',(0.,0.));
#1162 = VECTOR('',#1163,1.);
#1163 = DIRECTION('',(1.,0.));
#1164 = ( GEOMETRIC_REPRESENTATION_CONTEXT(2) 
PARAMETRIC_REPRESENTATION_CONTEXT() REPRESENTATION_CONTEXT('2D SPACE',''
  ) );
#1165 = FACE_BOUND('',#1166,.T.);
#1166 = EDGE_LOOP('',(#1167,#1199,#1225,#1251,#1277,#1307,#1337,#1367,
    #1397,#1425,#1455,#1485,#1515,#1545,#1566,#1596,#1626,#1656,#1686,
    #1716,#1746,#1776,#1806,#1836,#1866,#1894,#1924,#1954,#1984,#2014,
    #2044,#2074,#2104,#2134,#2160,#2188,#2216,#2246,#2276,#2306,#2336,
    #2366,#2396,#2417,#2445,#2475,#2505,#2535,#2565,#2595,#2625,#2655,
    #2683,#2713,#2743,#2773,#2803,#2833,#2863,#2893,#2923,#2944,#2974,
    #3004,#3034,#3064,#3094,#3124,#3152,#3182,#3212,#3242,#3272,#3302,
    #3332,#3362,#3383,#3411,#3439,#3467,#3488,#3516,#3544,#3572,#3602,
    #3623,#3651,#3679,#3707,#3728,#3758,#3788,#3818,#3848,#3878,#3908,
    #3938,#3968));
#1167 = ORIENTED_EDGE('',*,*,#1168,.T.);
#1168 = EDGE_CURVE('',#1169,#1171,#1173,.T.);
#1169 = VERTEX_POINT('',#1170);
#1170 = CARTESIAN_POINT('',(9.45556640625,-10.78464648437,2.));
#1171 = VERTEX_POINT('',#1172);
#1172 = CARTESIAN_POINT('',(9.,-10.72963856138,2.));
#1173 = SURFACE_CURVE('',#1174,(#1178,#1185),.PCURVE_S1.);
#1174 = B_SPLINE_CURVE_WITH_KNOTS('',2,(#1175,#1176,#1177),
  .UNSPECIFIED.,.F.,.F.,(3,3),(0.,1.),.PIECEWISE_BEZIER_KNOTS.);
#1175 = CARTESIAN_POINT('',(9.45556640625,-10.78464648437,2.));
#1176 = CARTESIAN_POINT('',(8.9501953125,-10.78464648437,2.));
#1177 = CARTESIAN_POINT('',(8.55224609375,-10.54050585937,2.));
#1178 = PCURVE('',#100,#1179);
#1179 = DEFINITIONAL_REPRESENTATION('',(#1180),#1184);
#1180 = B_SPLINE_CURVE_WITH_KNOTS('',2,(#1181,#1182,#1183),
  .UNSPECIFIED.,.F.,.F.,(3,3),(0.,1.),.PIECEWISE_BEZIER_KNOTS.);
#1181 = CARTESIAN_POINT('',(9.45556640625,-10.78464648437));
#1182 = CARTESIAN_POINT('',(8.9501953125,-10.78464648437));
#1183 = CARTESIAN_POINT('',(8.55224609375,-10.54050585937));
#1184 = ( GEOMETRIC_REPRESENTATION_CONTEXT(2) 
PARAMETRIC_REPRESENTATION_CONTEXT() REPRESENTATION_CONTEXT('2D SPACE',''
  ) );
#1185 = PCURVE('',#1186,#1193);
#1186 = SURFACE_OF_LINEAR_EXTRUSION('',#1187,#1191);
#1187 = B_SPLINE_CURVE_WITH_KNOTS('',2,(#1188,#1189,#1190),
  .UNSPECIFIED.,.F.,.F.,(3,3),(0.,1.),.PIECEWISE_BEZIER_KNOTS.);
#1188 = CARTESIAN_POINT('',(9.45556640625,-10.78464648437,2.));
#1189 = CARTESIAN_POINT('',(8.9501953125,-10.78464648437,2.));
#1190 = CARTESIAN_POINT('',(8.55224609375,-10.54050585937,2.));
#1191 = VECTOR('',#1192,1.);
#1192 = DIRECTION('',(-0.,-0.,-1.));
#1193 = DEFINITIONAL_REPRESENTATION('',(#1194),#1198);
#1194 = LINE('',#1195,#1196);
#1195 = CARTESIAN_POINT('',(0.,0.));
#1196 = VECTOR('',#1197,1.);
#1197 = DIRECTION('',(1.,0.));
#1198 = ( GEOMETRIC_REPRESENTATION_CONTEXT(2) 
PARAMETRIC_REPRESENTATION_CONTEXT() REPRESENTATION_CONTEXT('2D SPACE',''
  ) );
#1199 = ORIENTED_EDGE('',*,*,#1200,.T.);
#1200 = EDGE_CURVE('',#1171,#1201,#1203,.T.);
#1201 = VERTEX_POINT('',#1202);
#1202 = CARTESIAN_POINT('',(9.,-11.,2.));
#1203 = SURFACE_CURVE('',#1204,(#1208,#1214),.PCURVE_S1.);
#1204 = LINE('',#1205,#1206);
#1205 = CARTESIAN_POINT('',(9.,-5.5,2.));
#1206 = VECTOR('',#1207,1.);
#1207 = DIRECTION('',(0.,-1.,0.));
#1208 = PCURVE('',#100,#1209);
#1209 = DEFINITIONAL_REPRESENTATION('',(#1210),#1213);
#1210 = B_SPLINE_CURVE_WITH_KNOTS('',1,(#1211,#1212),.UNSPECIFIED.,.F.,
  .F.,(2,2),(3.5,5.5),.PIECEWISE_BEZIER_KNOTS.);
#1211 = CARTESIAN_POINT('',(9.,-9.));
#1212 = CARTESIAN_POINT('',(9.,-11.));
#1213 = ( GEOMETRIC_REPRESENTATION_CONTEXT(2) 
PARAMETRIC_REPRESENTATION_CONTEXT() REPRESENTATION_CONTEXT('2D SPACE',''
  ) );
#1214 = PCURVE('',#1215,#1220);
#1215 = PLANE('',#1216);
#1216 = AXIS2_PLACEMENT_3D('',#1217,#1218,#1219);
#1217 = CARTESIAN_POINT('',(9.,-11.,0.));
#1218 = DIRECTION('',(-1.,0.,0.));
#1219 = DIRECTION('',(0.,1.,0.));
#1220 = DEFINITIONAL_REPRESENTATION('',(#1221),#1224);
#1221 = B_SPLINE_CURVE_WITH_KNOTS('',1,(#1222,#1223),.UNSPECIFIED.,.F.,
  .F.,(2,2),(3.5,5.5),.PIECEWISE_BEZIER_KNOTS.);
#1222 = CARTESIAN_POINT('',(2.,-2.));
#1223 = CARTESIAN_POINT('',(0.,-2.));
#1224 = ( GEOMETRIC_REPRESENTATION_CONTEXT(2) 
PARAMETRIC_REPRESENTATION_CONTEXT() REPRESENTATION_CONTEXT('2D SPACE',''
  ) );
#1225 = ORIENTED_EDGE('',*,*,#1226,.T.);
#1226 = EDGE_CURVE('',#1201,#1227,#1229,.T.);
#1227 = VERTEX_POINT('',#1228);
#1228 = CARTESIAN_POINT('',(-9.,-11.,2.));
#1229 = SURFACE_CURVE('',#1230,(#1234,#1240),.PCURVE_S1.);
#1230 = LINE('',#1231,#1232);
#1231 = CARTESIAN_POINT('',(-4.5,-11.,2.));
#1232 = VECTOR('',#1233,1.);
#1233 = DIRECTION('',(-1.,0.,0.));
#1234 = PCURVE('',#100,#1235);
#1235 = DEFINITIONAL_REPRESENTATION('',(#1236),#1239);
#1236 = B_SPLINE_CURVE_WITH_KNOTS('',1,(#1237,#1238),.UNSPECIFIED.,.F.,
  .F.,(2,2),(-13.5,4.5),.PIECEWISE_BEZIER_KNOTS.);
#1237 = CARTESIAN_POINT('',(9.,-11.));
#1238 = CARTESIAN_POINT('',(-9.,-11.));
#1239 = ( GEOMETRIC_REPRESENTATION_CONTEXT(2) 
PARAMETRIC_REPRESENTATION_CONTEXT() REPRESENTATION_CONTEXT('2D SPACE',''
  ) );
#1240 = PCURVE('',#1241,#1246);
#1241 = PLANE('',#1242);
#1242 = AXIS2_PLACEMENT_3D('',#1243,#1244,#1245);
#1243 = CARTESIAN_POINT('',(-9.,-11.,0.));
#1244 = DIRECTION('',(0.,1.,0.));
#1245 = DIRECTION('',(1.,0.,0.));
#1246 = DEFINITIONAL_REPRESENTATION('',(#1247),#1250);
#1247 = B_SPLINE_CURVE_WITH_KNOTS('',1,(#1248,#1249),.UNSPECIFIED.,.F.,
  .F.,(2,2),(-13.5,4.5),.PIECEWISE_BEZIER_KNOTS.);
#1248 = CARTESIAN_POINT('',(18.,-2.));
#1249 = CARTESIAN_POINT('',(0.,-2.));
#1250 = ( GEOMETRIC_REPRESENTATION_CONTEXT(2) 
PARAMETRIC_REPRESENTATION_CONTEXT() REPRESENTATION_CONTEXT('2D SPACE',''
  ) );
#1251 = ORIENTED_EDGE('',*,*,#1252,.T.);
#1252 = EDGE_CURVE('',#1227,#1253,#1255,.T.);
#1253 = VERTEX_POINT('',#1254);
#1254 = CARTESIAN_POINT('',(-9.,-10.78279976634,2.));
#1255 = SURFACE_CURVE('',#1256,(#1260,#1266),.PCURVE_S1.);
#1256 = LINE('',#1257,#1258);
#1257 = CARTESIAN_POINT('',(-9.,-4.5,2.));
#1258 = VECTOR('',#1259,1.);
#1259 = DIRECTION('',(-0.,1.,0.));
#1260 = PCURVE('',#100,#1261);
#1261 = DEFINITIONAL_REPRESENTATION('',(#1262),#1265);
#1262 = B_SPLINE_CURVE_WITH_KNOTS('',1,(#1263,#1264),.UNSPECIFIED.,.F.,
  .F.,(2,2),(-6.5,-4.5),.PIECEWISE_BEZIER_KNOTS.);
#1263 = CARTESIAN_POINT('',(-9.,-11.));
#1264 = CARTESIAN_POINT('',(-9.,-9.));
#1265 = ( GEOMETRIC_REPRESENTATION_CONTEXT(2) 
PARAMETRIC_REPRESENTATION_CONTEXT() REPRESENTATION_CONTEXT('2D SPACE',''
  ) );
#1266 = PCURVE('',#1267,#1272);
#1267 = PLANE('',#1268);
#1268 = AXIS2_PLACEMENT_3D('',#1269,#1270,#1271);
#1269 = CARTESIAN_POINT('',(-9.,-9.,0.));
#1270 = DIRECTION('',(1.,0.,-0.));
#1271 = DIRECTION('',(0.,-1.,0.));
#1272 = DEFINITIONAL_REPRESENTATION('',(#1273),#1276);
#1273 = B_SPLINE_CURVE_WITH_KNOTS('',1,(#1274,#1275),.UNSPECIFIED.,.F.,
  .F.,(2,2),(-6.5,-4.5),.PIECEWISE_BEZIER_KNOTS.);
#1274 = CARTESIAN_POINT('',(2.,-2.));
#1275 = CARTESIAN_POINT('',(0.,-2.));
#1276 = ( GEOMETRIC_REPRESENTATION_CONTEXT(2) 
PARAMETRIC_REPRESENTATION_CONTEXT() REPRESENTATION_CONTEXT('2D SPACE',''
  ) );
#1277 = ORIENTED_EDGE('',*,*,#1278,.T.);
#1278 = EDGE_CURVE('',#1253,#1279,#1281,.T.);
#1279 = VERTEX_POINT('',#1280);
#1280 = CARTESIAN_POINT('',(-9.0869140625,-10.78464648437,2.));
#1281 = SURFACE_CURVE('',#1282,(#1286,#1293),.PCURVE_S1.);
#1282 = B_SPLINE_CURVE_WITH_KNOTS('',2,(#1283,#1284,#1285),
  .UNSPECIFIED.,.F.,.F.,(3,3),(0.,1.),.PIECEWISE_BEZIER_KNOTS.);
#1283 = CARTESIAN_POINT('',(-8.397216796875,-10.644265625,2.));
#1284 = CARTESIAN_POINT('',(-8.70361328125,-10.78464648437,2.));
#1285 = CARTESIAN_POINT('',(-9.0869140625,-10.78464648437,2.));
#1286 = PCURVE('',#100,#1287);
#1287 = DEFINITIONAL_REPRESENTATION('',(#1288),#1292);
#1288 = B_SPLINE_CURVE_WITH_KNOTS('',2,(#1289,#1290,#1291),
  .UNSPECIFIED.,.F.,.F.,(3,3),(0.,1.),.PIECEWISE_BEZIER_KNOTS.);
#1289 = CARTESIAN_POINT('',(-8.397216796875,-10.644265625));
#1290 = CARTESIAN_POINT('',(-8.70361328125,-10.78464648437));
#1291 = CARTESIAN_POINT('',(-9.0869140625,-10.78464648437));
#1292 = ( GEOMETRIC_REPRESENTATION_CONTEXT(2) 
PARAMETRIC_REPRESENTATION_CONTEXT() REPRESENTATION_CONTEXT('2D SPACE',''
  ) );
#1293 = PCURVE('',#1294,#1301);
#1294 = SURFACE_OF_LINEAR_EXTRUSION('',#1295,#1299);
#1295 = B_SPLINE_CURVE_WITH_KNOTS('',2,(#1296,#1297,#1298),
  .UNSPECIFIED.,.F.,.F.,(3,3),(0.,1.),.PIECEWISE_BEZIER_KNOTS.);
#1296 = CARTESIAN_POINT('',(-8.397216796875,-10.644265625,2.));
#1297 = CARTESIAN_POINT('',(-8.70361328125,-10.78464648437,2.));
#1298 = CARTESIAN_POINT('',(-9.0869140625,-10.78464648437,2.));
#1299 = VECTOR('',#1300,1.);
#1300 = DIRECTION('',(-0.,-0.,-1.));
#1301 = DEFINITIONAL_REPRESENTATION('',(#1302),#1306);
#1302 = LINE('',#1303,#1304);
#1303 = CARTESIAN_POINT('',(0.,0.));
#1304 = VECTOR('',#1305,1.);
#1305 = DIRECTION('',(1.,0.));
#1306 = ( GEOMETRIC_REPRESENTATION_CONTEXT(2) 
PARAMETRIC_REPRESENTATION_CONTEXT() REPRESENTATION_CONTEXT('2D SPACE',''
  ) );
#1307 = ORIENTED_EDGE('',*,*,#1308,.T.);
#1308 = EDGE_CURVE('',#1279,#1309,#1311,.T.);
#1309 = VERTEX_POINT('',#1310);
#1310 = CARTESIAN_POINT('',(-9.901123046875,-10.64304492187,2.));
#1311 = SURFACE_CURVE('',#1312,(#1316,#1323),.PCURVE_S1.);
#1312 = B_SPLINE_CURVE_WITH_KNOTS('',2,(#1313,#1314,#1315),
  .UNSPECIFIED.,.F.,.F.,(3,3),(0.,1.),.PIECEWISE_BEZIER_KNOTS.);
#1313 = CARTESIAN_POINT('',(-9.0869140625,-10.78464648437,2.));
#1314 = CARTESIAN_POINT('',(-9.57275390625,-10.78464648437,2.));
#1315 = CARTESIAN_POINT('',(-9.901123046875,-10.64304492187,2.));
#1316 = PCURVE('',#100,#1317);
#1317 = DEFINITIONAL_REPRESENTATION('',(#1318),#1322);
#1318 = B_SPLINE_CURVE_WITH_KNOTS('',2,(#1319,#1320,#1321),
  .UNSPECIFIED.,.F.,.F.,(3,3),(0.,1.),.PIECEWISE_BEZIER_KNOTS.);
#1319 = CARTESIAN_POINT('',(-9.0869140625,-10.78464648437));
#1320 = CARTESIAN_POINT('',(-9.57275390625,-10.78464648437));
#1321 = CARTESIAN_POINT('',(-9.901123046875,-10.64304492187));
#1322 = ( GEOMETRIC_REPRESENTATION_CONTEXT(2) 
PARAMETRIC_REPRESENTATION_CONTEXT() REPRESENTATION_CONTEXT('2D SPACE',''
  ) );
#1323 = PCURVE('',#1324,#1331);
#1324 = SURFACE_OF_LINEAR_EXTRUSION('',#1325,#1329);
#1325 = B_SPLINE_CURVE_WITH_KNOTS('',2,(#1326,#1327,#1328),
  .UNSPECIFIED.,.F.,.F.,(3,3),(0.,1.),.PIECEWISE_BEZIER_KNOTS.);
#1326 = CARTESIAN_POINT('',(-9.0869140625,-10.78464648437,2.));
#1327 = CARTESIAN_POINT('',(-9.57275390625,-10.78464648437,2.));
#1328 = CARTESIAN_POINT('',(-9.901123046875,-10.64304492187,2.));
#1329 = VECTOR('',#1330,1.);
#1330 = DIRECTION('',(-0.,-0.,-1.));
#1331 = DEFINITIONAL_REPRESENTATION('',(#1332),#1336);
#1332 = LINE('',#1333,#1334);
#1333 = CARTESIAN_POINT('',(0.,0.));
#1334 = VECTOR('',#1335,1.);
#1335 = DIRECTION('',(1.,0.));
#1336 = ( GEOMETRIC_REPRESENTATION_CONTEXT(2) 
PARAMETRIC_REPRESENTATION_CONTEXT() REPRESENTATION_CONTEXT('2D SPACE',''
  ) );
#1337 = ORIENTED_EDGE('',*,*,#1338,.T.);
#1338 = EDGE_CURVE('',#1309,#1339,#1341,.T.);
#1339 = VERTEX_POINT('',#1340);
#1340 = CARTESIAN_POINT('',(-10.41625976562,-10.21701953125,2.));
#1341 = SURFACE_CURVE('',#1342,(#1346,#1353),.PCURVE_S1.);
#1342 = B_SPLINE_CURVE_WITH_KNOTS('',2,(#1343,#1344,#1345),
  .UNSPECIFIED.,.F.,.F.,(3,3),(0.,1.),.PIECEWISE_BEZIER_KNOTS.);
#1343 = CARTESIAN_POINT('',(-9.901123046875,-10.64304492187,2.));
#1344 = CARTESIAN_POINT('',(-10.2294921875,-10.50144335937,2.));
#1345 = CARTESIAN_POINT('',(-10.41625976562,-10.21701953125,2.));
#1346 = PCURVE('',#100,#1347);
#1347 = DEFINITIONAL_REPRESENTATION('',(#1348),#1352);
#1348 = B_SPLINE_CURVE_WITH_KNOTS('',2,(#1349,#1350,#1351),
  .UNSPECIFIED.,.F.,.F.,(3,3),(0.,1.),.PIECEWISE_BEZIER_KNOTS.);
#1349 = CARTESIAN_POINT('',(-9.901123046875,-10.64304492187));
#1350 = CARTESIAN_POINT('',(-10.2294921875,-10.50144335937));
#1351 = CARTESIAN_POINT('',(-10.41625976562,-10.21701953125));
#1352 = ( GEOMETRIC_REPRESENTATION_CONTEXT(2) 
PARAMETRIC_REPRESENTATION_CONTEXT() REPRESENTATION_CONTEXT('2D SPACE',''
  ) );
#1353 = PCURVE('',#1354,#1361);
#1354 = SURFACE_OF_LINEAR_EXTRUSION('',#1355,#1359);
#1355 = B_SPLINE_CURVE_WITH_KNOTS('',2,(#1356,#1357,#1358),
  .UNSPECIFIED.,.F.,.F.,(3,3),(0.,1.),.PIECEWISE_BEZIER_KNOTS.);
#1356 = CARTESIAN_POINT('',(-9.901123046875,-10.64304492187,2.));
#1357 = CARTESIAN_POINT('',(-10.2294921875,-10.50144335937,2.));
#1358 = CARTESIAN_POINT('',(-10.41625976562,-10.21701953125,2.));
#1359 = VECTOR('',#1360,1.);
#1360 = DIRECTION('',(-0.,-0.,-1.));
#1361 = DEFINITIONAL_REPRESENTATION('',(#1362),#1366);
#1362 = LINE('',#1363,#1364);
#1363 = CARTESIAN_POINT('',(0.,0.));
#1364 = VECTOR('',#1365,1.);
#1365 = DIRECTION('',(1.,0.));
#1366 = ( GEOMETRIC_REPRESENTATION_CONTEXT(2) 
PARAMETRIC_REPRESENTATION_CONTEXT() REPRESENTATION_CONTEXT('2D SPACE',''
  ) );
#1367 = ORIENTED_EDGE('',*,*,#1368,.T.);
#1368 = EDGE_CURVE('',#1339,#1369,#1371,.T.);
#1369 = VERTEX_POINT('',#1370);
#1370 = CARTESIAN_POINT('',(-10.61279296875,-9.573708984375,2.));
#1371 = SURFACE_CURVE('',#1372,(#1376,#1383),.PCURVE_S1.);
#1372 = B_SPLINE_CURVE_WITH_KNOTS('',2,(#1373,#1374,#1375),
  .UNSPECIFIED.,.F.,.F.,(3,3),(0.,1.),.PIECEWISE_BEZIER_KNOTS.);
#1373 = CARTESIAN_POINT('',(-10.41625976562,-10.21701953125,2.));
#1374 = CARTESIAN_POINT('',(-10.60302734375,-9.932595703125,2.));
#1375 = CARTESIAN_POINT('',(-10.61279296875,-9.573708984375,2.));
#1376 = PCURVE('',#100,#1377);
#1377 = DEFINITIONAL_REPRESENTATION('',(#1378),#1382);
#1378 = B_SPLINE_CURVE_WITH_KNOTS('',2,(#1379,#1380,#1381),
  .UNSPECIFIED.,.F.,.F.,(3,3),(0.,1.),.PIECEWISE_BEZIER_KNOTS.);
#1379 = CARTESIAN_POINT('',(-10.41625976562,-10.21701953125));
#1380 = CARTESIAN_POINT('',(-10.60302734375,-9.932595703125));
#1381 = CARTESIAN_POINT('',(-10.61279296875,-9.573708984375));
#1382 = ( GEOMETRIC_REPRESENTATION_CONTEXT(2) 
PARAMETRIC_REPRESENTATION_CONTEXT() REPRESENTATION_CONTEXT('2D SPACE',''
  ) );
#1383 = PCURVE('',#1384,#1391);
#1384 = SURFACE_OF_LINEAR_EXTRUSION('',#1385,#1389);
#1385 = B_SPLINE_CURVE_WITH_KNOTS('',2,(#1386,#1387,#1388),
  .UNSPECIFIED.,.F.,.F.,(3,3),(0.,1.),.PIECEWISE_BEZIER_KNOTS.);
#1386 = CARTESIAN_POINT('',(-10.41625976562,-10.21701953125,2.));
#1387 = CARTESIAN_POINT('',(-10.60302734375,-9.932595703125,2.));
#1388 = CARTESIAN_POINT('',(-10.61279296875,-9.573708984375,2.));
#1389 = VECTOR('',#1390,1.);
#1390 = DIRECTION('',(-0.,-0.,-1.));
#1391 = DEFINITIONAL_REPRESENTATION('',(#1392),#1396);
#1392 = LINE('',#1393,#1394);
#1393 = CARTESIAN_POINT('',(0.,0.));
#1394 = VECTOR('',#1395,1.);
#1395 = DIRECTION('',(1.,0.));
#1396 = ( GEOMETRIC_REPRESENTATION_CONTEXT(2) 
PARAMETRIC_REPRESENTATION_CONTEXT() REPRESENTATION_CONTEXT('2D SPACE',''
  ) );
#1397 = ORIENTED_EDGE('',*,*,#1398,.T.);
#1398 = EDGE_CURVE('',#1369,#1399,#1401,.T.);
#1399 = VERTEX_POINT('',#1400);
#1400 = CARTESIAN_POINT('',(-10.166015625,-9.534646484375,2.));
#1401 = SURFACE_CURVE('',#1402,(#1406,#1413),.PCURVE_S1.);
#1402 = LINE('',#1403,#1404);
#1403 = CARTESIAN_POINT('',(-10.61279296875,-9.573708984375,2.));
#1404 = VECTOR('',#1405,1.);
#1405 = DIRECTION('',(0.99619962403,8.70994206802E-02,0.));
#1406 = PCURVE('',#100,#1407);
#1407 = DEFINITIONAL_REPRESENTATION('',(#1408),#1412);
#1408 = LINE('',#1409,#1410);
#1409 = CARTESIAN_POINT('',(-10.61279296875,-9.573708984375));
#1410 = VECTOR('',#1411,1.);
#1411 = DIRECTION('',(0.99619962403,8.70994206802E-02));
#1412 = ( GEOMETRIC_REPRESENTATION_CONTEXT(2) 
PARAMETRIC_REPRESENTATION_CONTEXT() REPRESENTATION_CONTEXT('2D SPACE',''
  ) );
#1413 = PCURVE('',#1414,#1419);
#1414 = PLANE('',#1415);
#1415 = AXIS2_PLACEMENT_3D('',#1416,#1417,#1418);
#1416 = CARTESIAN_POINT('',(-10.61279296875,-9.573708984375,2.));
#1417 = DIRECTION('',(-8.70994206802E-02,0.99619962403,0.));
#1418 = DIRECTION('',(0.99619962403,8.70994206802E-02,0.));
#1419 = DEFINITIONAL_REPRESENTATION('',(#1420),#1424);
#1420 = LINE('',#1421,#1422);
#1421 = CARTESIAN_POINT('',(0.,0.));
#1422 = VECTOR('',#1423,1.);
#1423 = DIRECTION('',(1.,0.));
#1424 = ( GEOMETRIC_REPRESENTATION_CONTEXT(2) 
PARAMETRIC_REPRESENTATION_CONTEXT() REPRESENTATION_CONTEXT('2D SPACE',''
  ) );
#1425 = ORIENTED_EDGE('',*,*,#1426,.T.);
#1426 = EDGE_CURVE('',#1399,#1427,#1429,.T.);
#1427 = VERTEX_POINT('',#1428);
#1428 = CARTESIAN_POINT('',(-10.01831054687,-9.9753203125,2.));
#1429 = SURFACE_CURVE('',#1430,(#1434,#1441),.PCURVE_S1.);
#1430 = B_SPLINE_CURVE_WITH_KNOTS('',2,(#1431,#1432,#1433),
  .UNSPECIFIED.,.F.,.F.,(3,3),(0.,1.),.PIECEWISE_BEZIER_KNOTS.);
#1431 = CARTESIAN_POINT('',(-10.166015625,-9.534646484375,2.));
#1432 = CARTESIAN_POINT('',(-10.13427734375,-9.803201171875,2.));
#1433 = CARTESIAN_POINT('',(-10.01831054687,-9.9753203125,2.));
#1434 = PCURVE('',#100,#1435);
#1435 = DEFINITIONAL_REPRESENTATION('',(#1436),#1440);
#1436 = B_SPLINE_CURVE_WITH_KNOTS('',2,(#1437,#1438,#1439),
  .UNSPECIFIED.,.F.,.F.,(3,3),(0.,1.),.PIECEWISE_BEZIER_KNOTS.);
#1437 = CARTESIAN_POINT('',(-10.166015625,-9.534646484375));
#1438 = CARTESIAN_POINT('',(-10.13427734375,-9.803201171875));
#1439 = CARTESIAN_POINT('',(-10.01831054687,-9.9753203125));
#1440 = ( GEOMETRIC_REPRESENTATION_CONTEXT(2) 
PARAMETRIC_REPRESENTATION_CONTEXT() REPRESENTATION_CONTEXT('2D SPACE',''
  ) );
#1441 = PCURVE('',#1442,#1449);
#1442 = SURFACE_OF_LINEAR_EXTRUSION('',#1443,#1447);
#1443 = B_SPLINE_CURVE_WITH_KNOTS('',2,(#1444,#1445,#1446),
  .UNSPECIFIED.,.F.,.F.,(3,3),(0.,1.),.PIECEWISE_BEZIER_KNOTS.);
#1444 = CARTESIAN_POINT('',(-10.166015625,-9.534646484375,2.));
#1445 = CARTESIAN_POINT('',(-10.13427734375,-9.803201171875,2.));
#1446 = CARTESIAN_POINT('',(-10.01831054687,-9.9753203125,2.));
#1447 = VECTOR('',#1448,1.);
#1448 = DIRECTION('',(-0.,-0.,-1.));
#1449 = DEFINITIONAL_REPRESENTATION('',(#1450),#1454);
#1450 = LINE('',#1451,#1452);
#1451 = CARTESIAN_POINT('',(0.,0.));
#1452 = VECTOR('',#1453,1.);
#1453 = DIRECTION('',(1.,0.));
#1454 = ( GEOMETRIC_REPRESENTATION_CONTEXT(2) 
PARAMETRIC_REPRESENTATION_CONTEXT() REPRESENTATION_CONTEXT('2D SPACE',''
  ) );
#1455 = ORIENTED_EDGE('',*,*,#1456,.T.);
#1456 = EDGE_CURVE('',#1427,#1457,#1459,.T.);
#1457 = VERTEX_POINT('',#1458);
#1458 = CARTESIAN_POINT('',(-9.658203125,-10.253640625,2.));
#1459 = SURFACE_CURVE('',#1460,(#1464,#1471),.PCURVE_S1.);
#1460 = B_SPLINE_CURVE_WITH_KNOTS('',2,(#1461,#1462,#1463),
  .UNSPECIFIED.,.F.,.F.,(3,3),(0.,1.),.PIECEWISE_BEZIER_KNOTS.);
#1461 = CARTESIAN_POINT('',(-10.01831054687,-9.9753203125,2.));
#1462 = CARTESIAN_POINT('',(-9.90234375,-10.14743945312,2.));
#1463 = CARTESIAN_POINT('',(-9.658203125,-10.253640625,2.));
#1464 = PCURVE('',#100,#1465);
#1465 = DEFINITIONAL_REPRESENTATION('',(#1466),#1470);
#1466 = B_SPLINE_CURVE_WITH_KNOTS('',2,(#1467,#1468,#1469),
  .UNSPECIFIED.,.F.,.F.,(3,3),(0.,1.),.PIECEWISE_BEZIER_KNOTS.);
#1467 = CARTESIAN_POINT('',(-10.01831054687,-9.9753203125));
#1468 = CARTESIAN_POINT('',(-9.90234375,-10.14743945312));
#1469 = CARTESIAN_POINT('',(-9.658203125,-10.253640625));
#1470 = ( GEOMETRIC_REPRESENTATION_CONTEXT(2) 
PARAMETRIC_REPRESENTATION_CONTEXT() REPRESENTATION_CONTEXT('2D SPACE',''
  ) );
#1471 = PCURVE('',#1472,#1479);
#1472 = SURFACE_OF_LINEAR_EXTRUSION('',#1473,#1477);
#1473 = B_SPLINE_CURVE_WITH_KNOTS('',2,(#1474,#1475,#1476),
  .UNSPECIFIED.,.F.,.F.,(3,3),(0.,1.),.PIECEWISE_BEZIER_KNOTS.);
#1474 = CARTESIAN_POINT('',(-10.01831054687,-9.9753203125,2.));
#1475 = CARTESIAN_POINT('',(-9.90234375,-10.14743945312,2.));
#1476 = CARTESIAN_POINT('',(-9.658203125,-10.253640625,2.));
#1477 = VECTOR('',#1478,1.);
#1478 = DIRECTION('',(-0.,-0.,-1.));
#1479 = DEFINITIONAL_REPRESENTATION('',(#1480),#1484);
#1480 = LINE('',#1481,#1482);
#1481 = CARTESIAN_POINT('',(0.,0.));
#1482 = VECTOR('',#1483,1.);
#1483 = DIRECTION('',(1.,0.));
#1484 = ( GEOMETRIC_REPRESENTATION_CONTEXT(2) 
PARAMETRIC_REPRESENTATION_CONTEXT() REPRESENTATION_CONTEXT('2D SPACE',''
  ) );
#1485 = ORIENTED_EDGE('',*,*,#1486,.T.);
#1486 = EDGE_CURVE('',#1457,#1487,#1489,.T.);
#1487 = VERTEX_POINT('',#1488);
#1488 = CARTESIAN_POINT('',(-9.10888671875,-10.35984179687,2.));
#1489 = SURFACE_CURVE('',#1490,(#1494,#1501),.PCURVE_S1.);
#1490 = B_SPLINE_CURVE_WITH_KNOTS('',2,(#1491,#1492,#1493),
  .UNSPECIFIED.,.F.,.F.,(3,3),(0.,1.),.PIECEWISE_BEZIER_KNOTS.);
#1491 = CARTESIAN_POINT('',(-9.658203125,-10.253640625,2.));
#1492 = CARTESIAN_POINT('',(-9.4140625,-10.35984179687,2.));
#1493 = CARTESIAN_POINT('',(-9.10888671875,-10.35984179687,2.));
#1494 = PCURVE('',#100,#1495);
#1495 = DEFINITIONAL_REPRESENTATION('',(#1496),#1500);
#1496 = B_SPLINE_CURVE_WITH_KNOTS('',2,(#1497,#1498,#1499),
  .UNSPECIFIED.,.F.,.F.,(3,3),(0.,1.),.PIECEWISE_BEZIER_KNOTS.);
#1497 = CARTESIAN_POINT('',(-9.658203125,-10.253640625));
#1498 = CARTESIAN_POINT('',(-9.4140625,-10.35984179687));
#1499 = CARTESIAN_POINT('',(-9.10888671875,-10.35984179687));
#1500 = ( GEOMETRIC_REPRESENTATION_CONTEXT(2) 
PARAMETRIC_REPRESENTATION_CONTEXT() REPRESENTATION_CONTEXT('2D SPACE',''
  ) );
#1501 = PCURVE('',#1502,#1509);
#1502 = SURFACE_OF_LINEAR_EXTRUSION('',#1503,#1507);
#1503 = B_SPLINE_CURVE_WITH_KNOTS('',2,(#1504,#1505,#1506),
  .UNSPECIFIED.,.F.,.F.,(3,3),(0.,1.),.PIECEWISE_BEZIER_KNOTS.);
#1504 = CARTESIAN_POINT('',(-9.658203125,-10.253640625,2.));
#1505 = CARTESIAN_POINT('',(-9.4140625,-10.35984179687,2.));
#1506 = CARTESIAN_POINT('',(-9.10888671875,-10.35984179687,2.));
#1507 = VECTOR('',#1508,1.);
#1508 = DIRECTION('',(-0.,-0.,-1.));
#1509 = DEFINITIONAL_REPRESENTATION('',(#1510),#1514);
#1510 = LINE('',#1511,#1512);
#1511 = CARTESIAN_POINT('',(0.,0.));
#1512 = VECTOR('',#1513,1.);
#1513 = DIRECTION('',(1.,0.));
#1514 = ( GEOMETRIC_REPRESENTATION_CONTEXT(2) 
PARAMETRIC_REPRESENTATION_CONTEXT() REPRESENTATION_CONTEXT('2D SPACE',''
  ) );
#1515 = ORIENTED_EDGE('',*,*,#1516,.T.);
#1516 = EDGE_CURVE('',#1487,#1517,#1519,.T.);
#1517 = VERTEX_POINT('',#1518);
#1518 = CARTESIAN_POINT('',(-9.,-10.35642738241,2.));
#1519 = SURFACE_CURVE('',#1520,(#1524,#1531),.PCURVE_S1.);
#1520 = B_SPLINE_CURVE_WITH_KNOTS('',2,(#1521,#1522,#1523),
  .UNSPECIFIED.,.F.,.F.,(3,3),(0.,1.),.PIECEWISE_BEZIER_KNOTS.);
#1521 = CARTESIAN_POINT('',(-9.10888671875,-10.35984179687,2.));
#1522 = CARTESIAN_POINT('',(-8.837890625,-10.35984179687,2.));
#1523 = CARTESIAN_POINT('',(-8.63037109375,-10.27927539062,2.));
#1524 = PCURVE('',#100,#1525);
#1525 = DEFINITIONAL_REPRESENTATION('',(#1526),#1530);
#1526 = B_SPLINE_CURVE_WITH_KNOTS('',2,(#1527,#1528,#1529),
  .UNSPECIFIED.,.F.,.F.,(3,3),(0.,1.),.PIECEWISE_BEZIER_KNOTS.);
#1527 = CARTESIAN_POINT('',(-9.10888671875,-10.35984179687));
#1528 = CARTESIAN_POINT('',(-8.837890625,-10.35984179687));
#1529 = CARTESIAN_POINT('',(-8.63037109375,-10.27927539062));
#1530 = ( GEOMETRIC_REPRESENTATION_CONTEXT(2) 
PARAMETRIC_REPRESENTATION_CONTEXT() REPRESENTATION_CONTEXT('2D SPACE',''
  ) );
#1531 = PCURVE('',#1532,#1539);
#1532 = SURFACE_OF_LINEAR_EXTRUSION('',#1533,#1537);
#1533 = B_SPLINE_CURVE_WITH_KNOTS('',2,(#1534,#1535,#1536),
  .UNSPECIFIED.,.F.,.F.,(3,3),(0.,1.),.PIECEWISE_BEZIER_KNOTS.);
#1534 = CARTESIAN_POINT('',(-9.10888671875,-10.35984179687,2.));
#1535 = CARTESIAN_POINT('',(-8.837890625,-10.35984179687,2.));
#1536 = CARTESIAN_POINT('',(-8.63037109375,-10.27927539062,2.));
#1537 = VECTOR('',#1538,1.);
#1538 = DIRECTION('',(-0.,-0.,-1.));
#1539 = DEFINITIONAL_REPRESENTATION('',(#1540),#1544);
#1540 = LINE('',#1541,#1542);
#1541 = CARTESIAN_POINT('',(0.,0.));
#1542 = VECTOR('',#1543,1.);
#1543 = DIRECTION('',(1.,0.));
#1544 = ( GEOMETRIC_REPRESENTATION_CONTEXT(2) 
PARAMETRIC_REPRESENTATION_CONTEXT() REPRESENTATION_CONTEXT('2D SPACE',''
  ) );
#1545 = ORIENTED_EDGE('',*,*,#1546,.T.);
#1546 = EDGE_CURVE('',#1517,#1547,#1549,.T.);
#1547 = VERTEX_POINT('',#1548);
#1548 = CARTESIAN_POINT('',(-9.,-9.140753006224,2.));
#1549 = SURFACE_CURVE('',#1550,(#1554,#1560),.PCURVE_S1.);
#1550 = LINE('',#1551,#1552);
#1551 = CARTESIAN_POINT('',(-9.,-4.5,2.));
#1552 = VECTOR('',#1553,1.);
#1553 = DIRECTION('',(-0.,1.,0.));
#1554 = PCURVE('',#100,#1555);
#1555 = DEFINITIONAL_REPRESENTATION('',(#1556),#1559);
#1556 = B_SPLINE_CURVE_WITH_KNOTS('',1,(#1557,#1558),.UNSPECIFIED.,.F.,
  .F.,(2,2),(-6.5,-4.5),.PIECEWISE_BEZIER_KNOTS.);
#1557 = CARTESIAN_POINT('',(-9.,-11.));
#1558 = CARTESIAN_POINT('',(-9.,-9.));
#1559 = ( GEOMETRIC_REPRESENTATION_CONTEXT(2) 
PARAMETRIC_REPRESENTATION_CONTEXT() REPRESENTATION_CONTEXT('2D SPACE',''
  ) );
#1560 = PCURVE('',#1267,#1561);
#1561 = DEFINITIONAL_REPRESENTATION('',(#1562),#1565);
#1562 = B_SPLINE_CURVE_WITH_KNOTS('',1,(#1563,#1564),.UNSPECIFIED.,.F.,
  .F.,(2,2),(-6.5,-4.5),.PIECEWISE_BEZIER_KNOTS.);
#1563 = CARTESIAN_POINT('',(2.,-2.));
#1564 = CARTESIAN_POINT('',(0.,-2.));
#1565 = ( GEOMETRIC_REPRESENTATION_CONTEXT(2) 
PARAMETRIC_REPRESENTATION_CONTEXT() REPRESENTATION_CONTEXT('2D SPACE',''
  ) );
#1566 = ORIENTED_EDGE('',*,*,#1567,.T.);
#1567 = EDGE_CURVE('',#1547,#1568,#1570,.T.);
#1568 = VERTEX_POINT('',#1569);
#1569 = CARTESIAN_POINT('',(-9.27734375,-9.072,2.));
#1570 = SURFACE_CURVE('',#1571,(#1575,#1582),.PCURVE_S1.);
#1571 = B_SPLINE_CURVE_WITH_KNOTS('',2,(#1572,#1573,#1574),
  .UNSPECIFIED.,.F.,.F.,(3,3),(0.,1.),.PIECEWISE_BEZIER_KNOTS.);
#1572 = CARTESIAN_POINT('',(-8.64013671875,-9.246560546875,2.));
#1573 = CARTESIAN_POINT('',(-8.7841796875,-9.190408203125,2.));
#1574 = CARTESIAN_POINT('',(-9.27734375,-9.072,2.));
#1575 = PCURVE('',#100,#1576);
#1576 = DEFINITIONAL_REPRESENTATION('',(#1577),#1581);
#1577 = B_SPLINE_CURVE_WITH_KNOTS('',2,(#1578,#1579,#1580),
  .UNSPECIFIED.,.F.,.F.,(3,3),(0.,1.),.PIECEWISE_BEZIER_KNOTS.);
#1578 = CARTESIAN_POINT('',(-8.64013671875,-9.246560546875));
#1579 = CARTESIAN_POINT('',(-8.7841796875,-9.190408203125));
#1580 = CARTESIAN_POINT('',(-9.27734375,-9.072));
#1581 = ( GEOMETRIC_REPRESENTATION_CONTEXT(2) 
PARAMETRIC_REPRESENTATION_CONTEXT() REPRESENTATION_CONTEXT('2D SPACE',''
  ) );
#1582 = PCURVE('',#1583,#1590);
#1583 = SURFACE_OF_LINEAR_EXTRUSION('',#1584,#1588);
#1584 = B_SPLINE_CURVE_WITH_KNOTS('',2,(#1585,#1586,#1587),
  .UNSPECIFIED.,.F.,.F.,(3,3),(0.,1.),.PIECEWISE_BEZIER_KNOTS.);
#1585 = CARTESIAN_POINT('',(-8.64013671875,-9.246560546875,2.));
#1586 = CARTESIAN_POINT('',(-8.7841796875,-9.190408203125,2.));
#1587 = CARTESIAN_POINT('',(-9.27734375,-9.072,2.));
#1588 = VECTOR('',#1589,1.);
#1589 = DIRECTION('',(-0.,-0.,-1.));
#1590 = DEFINITIONAL_REPRESENTATION('',(#1591),#1595);
#1591 = LINE('',#1592,#1593);
#1592 = CARTESIAN_POINT('',(0.,0.));
#1593 = VECTOR('',#1594,1.);
#1594 = DIRECTION('',(1.,0.));
#1595 = ( GEOMETRIC_REPRESENTATION_CONTEXT(2) 
PARAMETRIC_REPRESENTATION_CONTEXT() REPRESENTATION_CONTEXT('2D SPACE',''
  ) );
#1596 = ORIENTED_EDGE('',*,*,#1597,.T.);
#1597 = EDGE_CURVE('',#1568,#1598,#1600,.T.);
#1598 = VERTEX_POINT('',#1599);
#1599 = CARTESIAN_POINT('',(-9.96826171875,-8.848611328125,2.));
#1600 = SURFACE_CURVE('',#1601,(#1605,#1612),.PCURVE_S1.);
#1601 = B_SPLINE_CURVE_WITH_KNOTS('',2,(#1602,#1603,#1604),
  .UNSPECIFIED.,.F.,.F.,(3,3),(0.,1.),.PIECEWISE_BEZIER_KNOTS.);
#1602 = CARTESIAN_POINT('',(-9.27734375,-9.072,2.));
#1603 = CARTESIAN_POINT('',(-9.7705078125,-8.953591796875,2.));
#1604 = CARTESIAN_POINT('',(-9.96826171875,-8.848611328125,2.));
#1605 = PCURVE('',#100,#1606);
#1606 = DEFINITIONAL_REPRESENTATION('',(#1607),#1611);
#1607 = B_SPLINE_CURVE_WITH_KNOTS('',2,(#1608,#1609,#1610),
  .UNSPECIFIED.,.F.,.F.,(3,3),(0.,1.),.PIECEWISE_BEZIER_KNOTS.);
#1608 = CARTESIAN_POINT('',(-9.27734375,-9.072));
#1609 = CARTESIAN_POINT('',(-9.7705078125,-8.953591796875));
#1610 = CARTESIAN_POINT('',(-9.96826171875,-8.848611328125));
#1611 = ( GEOMETRIC_REPRESENTATION_CONTEXT(2) 
PARAMETRIC_REPRESENTATION_CONTEXT() REPRESENTATION_CONTEXT('2D SPACE',''
  ) );
#1612 = PCURVE('',#1613,#1620);
#1613 = SURFACE_OF_LINEAR_EXTRUSION('',#1614,#1618);
#1614 = B_SPLINE_CURVE_WITH_KNOTS('',2,(#1615,#1616,#1617),
  .UNSPECIFIED.,.F.,.F.,(3,3),(0.,1.),.PIECEWISE_BEZIER_KNOTS.);
#1615 = CARTESIAN_POINT('',(-9.27734375,-9.072,2.));
#1616 = CARTESIAN_POINT('',(-9.7705078125,-8.953591796875,2.));
#1617 = CARTESIAN_POINT('',(-9.96826171875,-8.848611328125,2.));
#1618 = VECTOR('',#1619,1.);
#1619 = DIRECTION('',(-0.,-0.,-1.));
#1620 = DEFINITIONAL_REPRESENTATION('',(#1621),#1625);
#1621 = LINE('',#1622,#1623);
#1622 = CARTESIAN_POINT('',(0.,0.));
#1623 = VECTOR('',#1624,1.);
#1624 = DIRECTION('',(1.,0.));
#1625 = ( GEOMETRIC_REPRESENTATION_CONTEXT(2) 
PARAMETRIC_REPRESENTATION_CONTEXT() REPRESENTATION_CONTEXT('2D SPACE',''
  ) );
#1626 = ORIENTED_EDGE('',*,*,#1627,.T.);
#1627 = EDGE_CURVE('',#1598,#1628,#1630,.T.);
#1628 = VERTEX_POINT('',#1629);
#1629 = CARTESIAN_POINT('',(-10.35034179687,-8.515359375,2.));
#1630 = SURFACE_CURVE('',#1631,(#1635,#1642),.PCURVE_S1.);
#1631 = B_SPLINE_CURVE_WITH_KNOTS('',2,(#1632,#1633,#1634),
  .UNSPECIFIED.,.F.,.F.,(3,3),(0.,1.),.PIECEWISE_BEZIER_KNOTS.);
#1632 = CARTESIAN_POINT('',(-9.96826171875,-8.848611328125,2.));
#1633 = CARTESIAN_POINT('',(-10.224609375,-8.714333984375,2.));
#1634 = CARTESIAN_POINT('',(-10.35034179687,-8.515359375,2.));
#1635 = PCURVE('',#100,#1636);
#1636 = DEFINITIONAL_REPRESENTATION('',(#1637),#1641);
#1637 = B_SPLINE_CURVE_WITH_KNOTS('',2,(#1638,#1639,#1640),
  .UNSPECIFIED.,.F.,.F.,(3,3),(0.,1.),.PIECEWISE_BEZIER_KNOTS.);
#1638 = CARTESIAN_POINT('',(-9.96826171875,-8.848611328125));
#1639 = CARTESIAN_POINT('',(-10.224609375,-8.714333984375));
#1640 = CARTESIAN_POINT('',(-10.35034179687,-8.515359375));
#1641 = ( GEOMETRIC_REPRESENTATION_CONTEXT(2) 
PARAMETRIC_REPRESENTATION_CONTEXT() REPRESENTATION_CONTEXT('2D SPACE',''
  ) );
#1642 = PCURVE('',#1643,#1650);
#1643 = SURFACE_OF_LINEAR_EXTRUSION('',#1644,#1648);
#1644 = B_SPLINE_CURVE_WITH_KNOTS('',2,(#1645,#1646,#1647),
  .UNSPECIFIED.,.F.,.F.,(3,3),(0.,1.),.PIECEWISE_BEZIER_KNOTS.);
#1645 = CARTESIAN_POINT('',(-9.96826171875,-8.848611328125,2.));
#1646 = CARTESIAN_POINT('',(-10.224609375,-8.714333984375,2.));
#1647 = CARTESIAN_POINT('',(-10.35034179687,-8.515359375,2.));
#1648 = VECTOR('',#1649,1.);
#1649 = DIRECTION('',(-0.,-0.,-1.));
#1650 = DEFINITIONAL_REPRESENTATION('',(#1651),#1655);
#1651 = LINE('',#1652,#1653);
#1652 = CARTESIAN_POINT('',(0.,0.));
#1653 = VECTOR('',#1654,1.);
#1654 = DIRECTION('',(1.,0.));
#1655 = ( GEOMETRIC_REPRESENTATION_CONTEXT(2) 
PARAMETRIC_REPRESENTATION_CONTEXT() REPRESENTATION_CONTEXT('2D SPACE',''
  ) );
#1656 = ORIENTED_EDGE('',*,*,#1657,.T.);
#1657 = EDGE_CURVE('',#1628,#1658,#1660,.T.);
#1658 = VERTEX_POINT('',#1659);
#1659 = CARTESIAN_POINT('',(-10.47607421875,-8.069802734375,2.));
#1660 = SURFACE_CURVE('',#1661,(#1665,#1672),.PCURVE_S1.);
#1661 = B_SPLINE_CURVE_WITH_KNOTS('',2,(#1662,#1663,#1664),
  .UNSPECIFIED.,.F.,.F.,(3,3),(0.,1.),.PIECEWISE_BEZIER_KNOTS.);
#1662 = CARTESIAN_POINT('',(-10.35034179687,-8.515359375,2.));
#1663 = CARTESIAN_POINT('',(-10.47607421875,-8.316384765625,2.));
#1664 = CARTESIAN_POINT('',(-10.47607421875,-8.069802734375,2.));
#1665 = PCURVE('',#100,#1666);
#1666 = DEFINITIONAL_REPRESENTATION('',(#1667),#1671);
#1667 = B_SPLINE_CURVE_WITH_KNOTS('',2,(#1668,#1669,#1670),
  .UNSPECIFIED.,.F.,.F.,(3,3),(0.,1.),.PIECEWISE_BEZIER_KNOTS.);
#1668 = CARTESIAN_POINT('',(-10.35034179687,-8.515359375));
#1669 = CARTESIAN_POINT('',(-10.47607421875,-8.316384765625));
#1670 = CARTESIAN_POINT('',(-10.47607421875,-8.069802734375));
#1671 = ( GEOMETRIC_REPRESENTATION_CONTEXT(2) 
PARAMETRIC_REPRESENTATION_CONTEXT() REPRESENTATION_CONTEXT('2D SPACE',''
  ) );
#1672 = PCURVE('',#1673,#1680);
#1673 = SURFACE_OF_LINEAR_EXTRUSION('',#1674,#1678);
#1674 = B_SPLINE_CURVE_WITH_KNOTS('',2,(#1675,#1676,#1677),
  .UNSPECIFIED.,.F.,.F.,(3,3),(0.,1.),.PIECEWISE_BEZIER_KNOTS.);
#1675 = CARTESIAN_POINT('',(-10.35034179687,-8.515359375,2.));
#1676 = CARTESIAN_POINT('',(-10.47607421875,-8.316384765625,2.));
#1677 = CARTESIAN_POINT('',(-10.47607421875,-8.069802734375,2.));
#1678 = VECTOR('',#1679,1.);
#1679 = DIRECTION('',(-0.,-0.,-1.));
#1680 = DEFINITIONAL_REPRESENTATION('',(#1681),#1685);
#1681 = LINE('',#1682,#1683);
#1682 = CARTESIAN_POINT('',(0.,0.));
#1683 = VECTOR('',#1684,1.);
#1684 = DIRECTION('',(1.,0.));
#1685 = ( GEOMETRIC_REPRESENTATION_CONTEXT(2) 
PARAMETRIC_REPRESENTATION_CONTEXT() REPRESENTATION_CONTEXT('2D SPACE',''
  ) );
#1686 = ORIENTED_EDGE('',*,*,#1687,.T.);
#1687 = EDGE_CURVE('',#1658,#1688,#1690,.T.);
#1688 = VERTEX_POINT('',#1689);
#1689 = CARTESIAN_POINT('',(-10.322265625,-7.5632109375,2.));
#1690 = SURFACE_CURVE('',#1691,(#1695,#1702),.PCURVE_S1.);
#1691 = B_SPLINE_CURVE_WITH_KNOTS('',2,(#1692,#1693,#1694),
  .UNSPECIFIED.,.F.,.F.,(3,3),(0.,1.),.PIECEWISE_BEZIER_KNOTS.);
#1692 = CARTESIAN_POINT('',(-10.47607421875,-8.069802734375,2.));
#1693 = CARTESIAN_POINT('',(-10.47607421875,-7.798806640625,2.));
#1694 = CARTESIAN_POINT('',(-10.322265625,-7.5632109375,2.));
#1695 = PCURVE('',#100,#1696);
#1696 = DEFINITIONAL_REPRESENTATION('',(#1697),#1701);
#1697 = B_SPLINE_CURVE_WITH_KNOTS('',2,(#1698,#1699,#1700),
  .UNSPECIFIED.,.F.,.F.,(3,3),(0.,1.),.PIECEWISE_BEZIER_KNOTS.);
#1698 = CARTESIAN_POINT('',(-10.47607421875,-8.069802734375));
#1699 = CARTESIAN_POINT('',(-10.47607421875,-7.798806640625));
#1700 = CARTESIAN_POINT('',(-10.322265625,-7.5632109375));
#1701 = ( GEOMETRIC_REPRESENTATION_CONTEXT(2) 
PARAMETRIC_REPRESENTATION_CONTEXT() REPRESENTATION_CONTEXT('2D SPACE',''
  ) );
#1702 = PCURVE('',#1703,#1710);
#1703 = SURFACE_OF_LINEAR_EXTRUSION('',#1704,#1708);
#1704 = B_SPLINE_CURVE_WITH_KNOTS('',2,(#1705,#1706,#1707),
  .UNSPECIFIED.,.F.,.F.,(3,3),(0.,1.),.PIECEWISE_BEZIER_KNOTS.);
#1705 = CARTESIAN_POINT('',(-10.47607421875,-8.069802734375,2.));
#1706 = CARTESIAN_POINT('',(-10.47607421875,-7.798806640625,2.));
#1707 = CARTESIAN_POINT('',(-10.322265625,-7.5632109375,2.));
#1708 = VECTOR('',#1709,1.);
#1709 = DIRECTION('',(-0.,-0.,-1.));
#1710 = DEFINITIONAL_REPRESENTATION('',(#1711),#1715);
#1711 = LINE('',#1712,#1713);
#1712 = CARTESIAN_POINT('',(0.,0.));
#1713 = VECTOR('',#1714,1.);
#1714 = DIRECTION('',(1.,0.));
#1715 = ( GEOMETRIC_REPRESENTATION_CONTEXT(2) 
PARAMETRIC_REPRESENTATION_CONTEXT() REPRESENTATION_CONTEXT('2D SPACE',''
  ) );
#1716 = ORIENTED_EDGE('',*,*,#1717,.T.);
#1717 = EDGE_CURVE('',#1688,#1718,#1720,.T.);
#1718 = VERTEX_POINT('',#1719);
#1719 = CARTESIAN_POINT('',(-9.873046875,-7.205544921875,2.));
#1720 = SURFACE_CURVE('',#1721,(#1725,#1732),.PCURVE_S1.);
#1721 = B_SPLINE_CURVE_WITH_KNOTS('',2,(#1722,#1723,#1724),
  .UNSPECIFIED.,.F.,.F.,(3,3),(0.,1.),.PIECEWISE_BEZIER_KNOTS.);
#1722 = CARTESIAN_POINT('',(-10.322265625,-7.5632109375,2.));
#1723 = CARTESIAN_POINT('',(-10.16845703125,-7.327615234375,2.));
#1724 = CARTESIAN_POINT('',(-9.873046875,-7.205544921875,2.));
#1725 = PCURVE('',#100,#1726);
#1726 = DEFINITIONAL_REPRESENTATION('',(#1727),#1731);
#1727 = B_SPLINE_CURVE_WITH_KNOTS('',2,(#1728,#1729,#1730),
  .UNSPECIFIED.,.F.,.F.,(3,3),(0.,1.),.PIECEWISE_BEZIER_KNOTS.);
#1728 = CARTESIAN_POINT('',(-10.322265625,-7.5632109375));
#1729 = CARTESIAN_POINT('',(-10.16845703125,-7.327615234375));
#1730 = CARTESIAN_POINT('',(-9.873046875,-7.205544921875));
#1731 = ( GEOMETRIC_REPRESENTATION_CONTEXT(2) 
PARAMETRIC_REPRESENTATION_CONTEXT() REPRESENTATION_CONTEXT('2D SPACE',''
  ) );
#1732 = PCURVE('',#1733,#1740);
#1733 = SURFACE_OF_LINEAR_EXTRUSION('',#1734,#1738);
#1734 = B_SPLINE_CURVE_WITH_KNOTS('',2,(#1735,#1736,#1737),
  .UNSPECIFIED.,.F.,.F.,(3,3),(0.,1.),.PIECEWISE_BEZIER_KNOTS.);
#1735 = CARTESIAN_POINT('',(-10.322265625,-7.5632109375,2.));
#1736 = CARTESIAN_POINT('',(-10.16845703125,-7.327615234375,2.));
#1737 = CARTESIAN_POINT('',(-9.873046875,-7.205544921875,2.));
#1738 = VECTOR('',#1739,1.);
#1739 = DIRECTION('',(-0.,-0.,-1.));
#1740 = DEFINITIONAL_REPRESENTATION('',(#1741),#1745);
#1741 = LINE('',#1742,#1743);
#1742 = CARTESIAN_POINT('',(0.,0.));
#1743 = VECTOR('',#1744,1.);
#1744 = DIRECTION('',(1.,0.));
#1745 = ( GEOMETRIC_REPRESENTATION_CONTEXT(2) 
PARAMETRIC_REPRESENTATION_CONTEXT() REPRESENTATION_CONTEXT('2D SPACE',''
  ) );
#1746 = ORIENTED_EDGE('',*,*,#1747,.T.);
#1747 = EDGE_CURVE('',#1718,#1748,#1750,.T.);
#1748 = VERTEX_POINT('',#1749);
#1749 = CARTESIAN_POINT('',(-9.21630859375,-7.083474609375,2.));
#1750 = SURFACE_CURVE('',#1751,(#1755,#1762),.PCURVE_S1.);
#1751 = B_SPLINE_CURVE_WITH_KNOTS('',2,(#1752,#1753,#1754),
  .UNSPECIFIED.,.F.,.F.,(3,3),(0.,1.),.PIECEWISE_BEZIER_KNOTS.);
#1752 = CARTESIAN_POINT('',(-9.873046875,-7.205544921875,2.));
#1753 = CARTESIAN_POINT('',(-9.57763671875,-7.083474609375,2.));
#1754 = CARTESIAN_POINT('',(-9.21630859375,-7.083474609375,2.));
#1755 = PCURVE('',#100,#1756);
#1756 = DEFINITIONAL_REPRESENTATION('',(#1757),#1761);
#1757 = B_SPLINE_CURVE_WITH_KNOTS('',2,(#1758,#1759,#1760),
  .UNSPECIFIED.,.F.,.F.,(3,3),(0.,1.),.PIECEWISE_BEZIER_KNOTS.);
#1758 = CARTESIAN_POINT('',(-9.873046875,-7.205544921875));
#1759 = CARTESIAN_POINT('',(-9.57763671875,-7.083474609375));
#1760 = CARTESIAN_POINT('',(-9.21630859375,-7.083474609375));
#1761 = ( GEOMETRIC_REPRESENTATION_CONTEXT(2) 
PARAMETRIC_REPRESENTATION_CONTEXT() REPRESENTATION_CONTEXT('2D SPACE',''
  ) );
#1762 = PCURVE('',#1763,#1770);
#1763 = SURFACE_OF_LINEAR_EXTRUSION('',#1764,#1768);
#1764 = B_SPLINE_CURVE_WITH_KNOTS('',2,(#1765,#1766,#1767),
  .UNSPECIFIED.,.F.,.F.,(3,3),(0.,1.),.PIECEWISE_BEZIER_KNOTS.);
#1765 = CARTESIAN_POINT('',(-9.873046875,-7.205544921875,2.));
#1766 = CARTESIAN_POINT('',(-9.57763671875,-7.083474609375,2.));
#1767 = CARTESIAN_POINT('',(-9.21630859375,-7.083474609375,2.));
#1768 = VECTOR('',#1769,1.);
#1769 = DIRECTION('',(-0.,-0.,-1.));
#1770 = DEFINITIONAL_REPRESENTATION('',(#1771),#1775);
#1771 = LINE('',#1772,#1773);
#1772 = CARTESIAN_POINT('',(0.,0.));
#1773 = VECTOR('',#1774,1.);
#1774 = DIRECTION('',(1.,0.));
#1775 = ( GEOMETRIC_REPRESENTATION_CONTEXT(2) 
PARAMETRIC_REPRESENTATION_CONTEXT() REPRESENTATION_CONTEXT('2D SPACE',''
  ) );
#1776 = ORIENTED_EDGE('',*,*,#1777,.T.);
#1777 = EDGE_CURVE('',#1748,#1778,#1780,.T.);
#1778 = VERTEX_POINT('',#1779);
#1779 = CARTESIAN_POINT('',(-8.514404296875,-7.2116484375,2.));
#1780 = SURFACE_CURVE('',#1781,(#1785,#1792),.PCURVE_S1.);
#1781 = B_SPLINE_CURVE_WITH_KNOTS('',2,(#1782,#1783,#1784),
  .UNSPECIFIED.,.F.,.F.,(3,3),(0.,1.),.PIECEWISE_BEZIER_KNOTS.);
#1782 = CARTESIAN_POINT('',(-9.21630859375,-7.083474609375,2.));
#1783 = CARTESIAN_POINT('',(-8.818359375,-7.083474609375,2.));
#1784 = CARTESIAN_POINT('',(-8.514404296875,-7.2116484375,2.));
#1785 = PCURVE('',#100,#1786);
#1786 = DEFINITIONAL_REPRESENTATION('',(#1787),#1791);
#1787 = B_SPLINE_CURVE_WITH_KNOTS('',2,(#1788,#1789,#1790),
  .UNSPECIFIED.,.F.,.F.,(3,3),(0.,1.),.PIECEWISE_BEZIER_KNOTS.);
#1788 = CARTESIAN_POINT('',(-9.21630859375,-7.083474609375));
#1789 = CARTESIAN_POINT('',(-8.818359375,-7.083474609375));
#1790 = CARTESIAN_POINT('',(-8.514404296875,-7.2116484375));
#1791 = ( GEOMETRIC_REPRESENTATION_CONTEXT(2) 
PARAMETRIC_REPRESENTATION_CONTEXT() REPRESENTATION_CONTEXT('2D SPACE',''
  ) );
#1792 = PCURVE('',#1793,#1800);
#1793 = SURFACE_OF_LINEAR_EXTRUSION('',#1794,#1798);
#1794 = B_SPLINE_CURVE_WITH_KNOTS('',2,(#1795,#1796,#1797),
  .UNSPECIFIED.,.F.,.F.,(3,3),(0.,1.),.PIECEWISE_BEZIER_KNOTS.);
#1795 = CARTESIAN_POINT('',(-9.21630859375,-7.083474609375,2.));
#1796 = CARTESIAN_POINT('',(-8.818359375,-7.083474609375,2.));
#1797 = CARTESIAN_POINT('',(-8.514404296875,-7.2116484375,2.));
#1798 = VECTOR('',#1799,1.);
#1799 = DIRECTION('',(-0.,-0.,-1.));
#1800 = DEFINITIONAL_REPRESENTATION('',(#1801),#1805);
#1801 = LINE('',#1802,#1803);
#1802 = CARTESIAN_POINT('',(0.,0.));
#1803 = VECTOR('',#1804,1.);
#1804 = DIRECTION('',(1.,0.));
#1805 = ( GEOMETRIC_REPRESENTATION_CONTEXT(2) 
PARAMETRIC_REPRESENTATION_CONTEXT() REPRESENTATION_CONTEXT('2D SPACE',''
  ) );
#1806 = ORIENTED_EDGE('',*,*,#1807,.T.);
#1807 = EDGE_CURVE('',#1778,#1808,#1810,.T.);
#1808 = VERTEX_POINT('',#1809);
#1809 = CARTESIAN_POINT('',(-8.046875,-7.588845703125,2.));
#1810 = SURFACE_CURVE('',#1811,(#1815,#1822),.PCURVE_S1.);
#1811 = B_SPLINE_CURVE_WITH_KNOTS('',2,(#1812,#1813,#1814),
  .UNSPECIFIED.,.F.,.F.,(3,3),(0.,1.),.PIECEWISE_BEZIER_KNOTS.);
#1812 = CARTESIAN_POINT('',(-8.514404296875,-7.2116484375,2.));
#1813 = CARTESIAN_POINT('',(-8.21044921875,-7.339822265625,2.));
#1814 = CARTESIAN_POINT('',(-8.046875,-7.588845703125,2.));
#1815 = PCURVE('',#100,#1816);
#1816 = DEFINITIONAL_REPRESENTATION('',(#1817),#1821);
#1817 = B_SPLINE_CURVE_WITH_KNOTS('',2,(#1818,#1819,#1820),
  .UNSPECIFIED.,.F.,.F.,(3,3),(0.,1.),.PIECEWISE_BEZIER_KNOTS.);
#1818 = CARTESIAN_POINT('',(-8.514404296875,-7.2116484375));
#1819 = CARTESIAN_POINT('',(-8.21044921875,-7.339822265625));
#1820 = CARTESIAN_POINT('',(-8.046875,-7.588845703125));
#1821 = ( GEOMETRIC_REPRESENTATION_CONTEXT(2) 
PARAMETRIC_REPRESENTATION_CONTEXT() REPRESENTATION_CONTEXT('2D SPACE',''
  ) );
#1822 = PCURVE('',#1823,#1830);
#1823 = SURFACE_OF_LINEAR_EXTRUSION('',#1824,#1828);
#1824 = B_SPLINE_CURVE_WITH_KNOTS('',2,(#1825,#1826,#1827),
  .UNSPECIFIED.,.F.,.F.,(3,3),(0.,1.),.PIECEWISE_BEZIER_KNOTS.);
#1825 = CARTESIAN_POINT('',(-8.514404296875,-7.2116484375,2.));
#1826 = CARTESIAN_POINT('',(-8.21044921875,-7.339822265625,2.));
#1827 = CARTESIAN_POINT('',(-8.046875,-7.588845703125,2.));
#1828 = VECTOR('',#1829,1.);
#1829 = DIRECTION('',(-0.,-0.,-1.));
#1830 = DEFINITIONAL_REPRESENTATION('',(#1831),#1835);
#1831 = LINE('',#1832,#1833);
#1832 = CARTESIAN_POINT('',(0.,0.));
#1833 = VECTOR('',#1834,1.);
#1834 = DIRECTION('',(1.,0.));
#1835 = ( GEOMETRIC_REPRESENTATION_CONTEXT(2) 
PARAMETRIC_REPRESENTATION_CONTEXT() REPRESENTATION_CONTEXT('2D SPACE',''
  ) );
#1836 = ORIENTED_EDGE('',*,*,#1837,.T.);
#1837 = EDGE_CURVE('',#1808,#1838,#1840,.T.);
#1838 = VERTEX_POINT('',#1839);
#1839 = CARTESIAN_POINT('',(-7.87109375,-8.152810546875,2.));
#1840 = SURFACE_CURVE('',#1841,(#1845,#1852),.PCURVE_S1.);
#1841 = B_SPLINE_CURVE_WITH_KNOTS('',2,(#1842,#1843,#1844),
  .UNSPECIFIED.,.F.,.F.,(3,3),(0.,1.),.PIECEWISE_BEZIER_KNOTS.);
#1842 = CARTESIAN_POINT('',(-8.046875,-7.588845703125,2.));
#1843 = CARTESIAN_POINT('',(-7.88330078125,-7.837869140625,2.));
#1844 = CARTESIAN_POINT('',(-7.87109375,-8.152810546875,2.));
#1845 = PCURVE('',#100,#1846);
#1846 = DEFINITIONAL_REPRESENTATION('',(#1847),#1851);
#1847 = B_SPLINE_CURVE_WITH_KNOTS('',2,(#1848,#1849,#1850),
  .UNSPECIFIED.,.F.,.F.,(3,3),(0.,1.),.PIECEWISE_BEZIER_KNOTS.);
#1848 = CARTESIAN_POINT('',(-8.046875,-7.588845703125));
#1849 = CARTESIAN_POINT('',(-7.88330078125,-7.837869140625));
#1850 = CARTESIAN_POINT('',(-7.87109375,-8.152810546875));
#1851 = ( GEOMETRIC_REPRESENTATION_CONTEXT(2) 
PARAMETRIC_REPRESENTATION_CONTEXT() REPRESENTATION_CONTEXT('2D SPACE',''
  ) );
#1852 = PCURVE('',#1853,#1860);
#1853 = SURFACE_OF_LINEAR_EXTRUSION('',#1854,#1858);
#1854 = B_SPLINE_CURVE_WITH_KNOTS('',2,(#1855,#1856,#1857),
  .UNSPECIFIED.,.F.,.F.,(3,3),(0.,1.),.PIECEWISE_BEZIER_KNOTS.);
#1855 = CARTESIAN_POINT('',(-8.046875,-7.588845703125,2.));
#1856 = CARTESIAN_POINT('',(-7.88330078125,-7.837869140625,2.));
#1857 = CARTESIAN_POINT('',(-7.87109375,-8.152810546875,2.));
#1858 = VECTOR('',#1859,1.);
#1859 = DIRECTION('',(-0.,-0.,-1.));
#1860 = DEFINITIONAL_REPRESENTATION('',(#1861),#1865);
#1861 = LINE('',#1862,#1863);
#1862 = CARTESIAN_POINT('',(0.,0.));
#1863 = VECTOR('',#1864,1.);
#1864 = DIRECTION('',(1.,0.));
#1865 = ( GEOMETRIC_REPRESENTATION_CONTEXT(2) 
PARAMETRIC_REPRESENTATION_CONTEXT() REPRESENTATION_CONTEXT('2D SPACE',''
  ) );
#1866 = ORIENTED_EDGE('',*,*,#1867,.T.);
#1867 = EDGE_CURVE('',#1838,#1868,#1870,.T.);
#1868 = VERTEX_POINT('',#1869);
#1869 = CARTESIAN_POINT('',(-8.3251953125,-8.186990234375,2.));
#1870 = SURFACE_CURVE('',#1871,(#1875,#1882),.PCURVE_S1.);
#1871 = LINE('',#1872,#1873);
#1872 = CARTESIAN_POINT('',(-7.87109375,-8.152810546875,2.));
#1873 = VECTOR('',#1874,1.);
#1874 = DIRECTION('',(-0.997179282295,-7.505650511901E-02,0.));
#1875 = PCURVE('',#100,#1876);
#1876 = DEFINITIONAL_REPRESENTATION('',(#1877),#1881);
#1877 = LINE('',#1878,#1879);
#1878 = CARTESIAN_POINT('',(-7.87109375,-8.152810546875));
#1879 = VECTOR('',#1880,1.);
#1880 = DIRECTION('',(-0.997179282295,-7.505650511901E-02));
#1881 = ( GEOMETRIC_REPRESENTATION_CONTEXT(2) 
PARAMETRIC_REPRESENTATION_CONTEXT() REPRESENTATION_CONTEXT('2D SPACE',''
  ) );
#1882 = PCURVE('',#1883,#1888);
#1883 = PLANE('',#1884);
#1884 = AXIS2_PLACEMENT_3D('',#1885,#1886,#1887);
#1885 = CARTESIAN_POINT('',(-7.87109375,-8.152810546875,2.));
#1886 = DIRECTION('',(7.505650511901E-02,-0.997179282295,0.));
#1887 = DIRECTION('',(-0.997179282295,-7.505650511901E-02,0.));
#1888 = DEFINITIONAL_REPRESENTATION('',(#1889),#1893);
#1889 = LINE('',#1890,#1891);
#1890 = CARTESIAN_POINT('',(0.,0.));
#1891 = VECTOR('',#1892,1.);
#1892 = DIRECTION('',(1.,0.));
#1893 = ( GEOMETRIC_REPRESENTATION_CONTEXT(2) 
PARAMETRIC_REPRESENTATION_CONTEXT() REPRESENTATION_CONTEXT('2D SPACE',''
  ) );
#1894 = ORIENTED_EDGE('',*,*,#1895,.T.);
#1895 = EDGE_CURVE('',#1868,#1896,#1898,.T.);
#1896 = VERTEX_POINT('',#1897);
#1897 = CARTESIAN_POINT('',(-8.572998046875,-7.674294921875,2.));
#1898 = SURFACE_CURVE('',#1899,(#1903,#1910),.PCURVE_S1.);
#1899 = B_SPLINE_CURVE_WITH_KNOTS('',2,(#1900,#1901,#1902),
  .UNSPECIFIED.,.F.,.F.,(3,3),(0.,1.),.PIECEWISE_BEZIER_KNOTS.);
#1900 = CARTESIAN_POINT('',(-8.3251953125,-8.186990234375,2.));
#1901 = CARTESIAN_POINT('',(-8.36181640625,-7.847634765625,2.));
#1902 = CARTESIAN_POINT('',(-8.572998046875,-7.674294921875,2.));
#1903 = PCURVE('',#100,#1904);
#1904 = DEFINITIONAL_REPRESENTATION('',(#1905),#1909);
#1905 = B_SPLINE_CURVE_WITH_KNOTS('',2,(#1906,#1907,#1908),
  .UNSPECIFIED.,.F.,.F.,(3,3),(0.,1.),.PIECEWISE_BEZIER_KNOTS.);
#1906 = CARTESIAN_POINT('',(-8.3251953125,-8.186990234375));
#1907 = CARTESIAN_POINT('',(-8.36181640625,-7.847634765625));
#1908 = CARTESIAN_POINT('',(-8.572998046875,-7.674294921875));
#1909 = ( GEOMETRIC_REPRESENTATION_CONTEXT(2) 
PARAMETRIC_REPRESENTATION_CONTEXT() REPRESENTATION_CONTEXT('2D SPACE',''
  ) );
#1910 = PCURVE('',#1911,#1918);
#1911 = SURFACE_OF_LINEAR_EXTRUSION('',#1912,#1916);
#1912 = B_SPLINE_CURVE_WITH_KNOTS('',2,(#1913,#1914,#1915),
  .UNSPECIFIED.,.F.,.F.,(3,3),(0.,1.),.PIECEWISE_BEZIER_KNOTS.);
#1913 = CARTESIAN_POINT('',(-8.3251953125,-8.186990234375,2.));
#1914 = CARTESIAN_POINT('',(-8.36181640625,-7.847634765625,2.));
#1915 = CARTESIAN_POINT('',(-8.572998046875,-7.674294921875,2.));
#1916 = VECTOR('',#1917,1.);
#1917 = DIRECTION('',(-0.,-0.,-1.));
#1918 = DEFINITIONAL_REPRESENTATION('',(#1919),#1923);
#1919 = LINE('',#1920,#1921);
#1920 = CARTESIAN_POINT('',(0.,0.));
#1921 = VECTOR('',#1922,1.);
#1922 = DIRECTION('',(1.,0.));
#1923 = ( GEOMETRIC_REPRESENTATION_CONTEXT(2) 
PARAMETRIC_REPRESENTATION_CONTEXT() REPRESENTATION_CONTEXT('2D SPACE',''
  ) );
#1924 = ORIENTED_EDGE('',*,*,#1925,.T.);
#1925 = EDGE_CURVE('',#1896,#1926,#1928,.T.);
#1926 = VERTEX_POINT('',#1927);
#1927 = CARTESIAN_POINT('',(-9.19677734375,-7.500955078125,2.));
#1928 = SURFACE_CURVE('',#1929,(#1933,#1940),.PCURVE_S1.);
#1929 = B_SPLINE_CURVE_WITH_KNOTS('',2,(#1930,#1931,#1932),
  .UNSPECIFIED.,.F.,.F.,(3,3),(0.,1.),.PIECEWISE_BEZIER_KNOTS.);
#1930 = CARTESIAN_POINT('',(-8.572998046875,-7.674294921875,2.));
#1931 = CARTESIAN_POINT('',(-8.7841796875,-7.500955078125,2.));
#1932 = CARTESIAN_POINT('',(-9.19677734375,-7.500955078125,2.));
#1933 = PCURVE('',#100,#1934);
#1934 = DEFINITIONAL_REPRESENTATION('',(#1935),#1939);
#1935 = B_SPLINE_CURVE_WITH_KNOTS('',2,(#1936,#1937,#1938),
  .UNSPECIFIED.,.F.,.F.,(3,3),(0.,1.),.PIECEWISE_BEZIER_KNOTS.);
#1936 = CARTESIAN_POINT('',(-8.572998046875,-7.674294921875));
#1937 = CARTESIAN_POINT('',(-8.7841796875,-7.500955078125));
#1938 = CARTESIAN_POINT('',(-9.19677734375,-7.500955078125));
#1939 = ( GEOMETRIC_REPRESENTATION_CONTEXT(2) 
PARAMETRIC_REPRESENTATION_CONTEXT() REPRESENTATION_CONTEXT('2D SPACE',''
  ) );
#1940 = PCURVE('',#1941,#1948);
#1941 = SURFACE_OF_LINEAR_EXTRUSION('',#1942,#1946);
#1942 = B_SPLINE_CURVE_WITH_KNOTS('',2,(#1943,#1944,#1945),
  .UNSPECIFIED.,.F.,.F.,(3,3),(0.,1.),.PIECEWISE_BEZIER_KNOTS.);
#1943 = CARTESIAN_POINT('',(-8.572998046875,-7.674294921875,2.));
#1944 = CARTESIAN_POINT('',(-8.7841796875,-7.500955078125,2.));
#1945 = CARTESIAN_POINT('',(-9.19677734375,-7.500955078125,2.));
#1946 = VECTOR('',#1947,1.);
#1947 = DIRECTION('',(-0.,-0.,-1.));
#1948 = DEFINITIONAL_REPRESENTATION('',(#1949),#1953);
#1949 = LINE('',#1950,#1951);
#1950 = CARTESIAN_POINT('',(0.,0.));
#1951 = VECTOR('',#1952,1.);
#1952 = DIRECTION('',(1.,0.));
#1953 = ( GEOMETRIC_REPRESENTATION_CONTEXT(2) 
PARAMETRIC_REPRESENTATION_CONTEXT() REPRESENTATION_CONTEXT('2D SPACE',''
  ) );
#1954 = ORIENTED_EDGE('',*,*,#1955,.T.);
#1955 = EDGE_CURVE('',#1926,#1956,#1958,.T.);
#1956 = VERTEX_POINT('',#1957);
#1957 = CARTESIAN_POINT('',(-9.822998046875,-7.65842578125,2.));
#1958 = SURFACE_CURVE('',#1959,(#1963,#1970),.PCURVE_S1.);
#1959 = B_SPLINE_CURVE_WITH_KNOTS('',2,(#1960,#1961,#1962),
  .UNSPECIFIED.,.F.,.F.,(3,3),(0.,1.),.PIECEWISE_BEZIER_KNOTS.);
#1960 = CARTESIAN_POINT('',(-9.19677734375,-7.500955078125,2.));
#1961 = CARTESIAN_POINT('',(-9.62646484375,-7.500955078125,2.));
#1962 = CARTESIAN_POINT('',(-9.822998046875,-7.65842578125,2.));
#1963 = PCURVE('',#100,#1964);
#1964 = DEFINITIONAL_REPRESENTATION('',(#1965),#1969);
#1965 = B_SPLINE_CURVE_WITH_KNOTS('',2,(#1966,#1967,#1968),
  .UNSPECIFIED.,.F.,.F.,(3,3),(0.,1.),.PIECEWISE_BEZIER_KNOTS.);
#1966 = CARTESIAN_POINT('',(-9.19677734375,-7.500955078125));
#1967 = CARTESIAN_POINT('',(-9.62646484375,-7.500955078125));
#1968 = CARTESIAN_POINT('',(-9.822998046875,-7.65842578125));
#1969 = ( GEOMETRIC_REPRESENTATION_CONTEXT(2) 
PARAMETRIC_REPRESENTATION_CONTEXT() REPRESENTATION_CONTEXT('2D SPACE',''
  ) );
#1970 = PCURVE('',#1971,#1978);
#1971 = SURFACE_OF_LINEAR_EXTRUSION('',#1972,#1976);
#1972 = B_SPLINE_CURVE_WITH_KNOTS('',2,(#1973,#1974,#1975),
  .UNSPECIFIED.,.F.,.F.,(3,3),(0.,1.),.PIECEWISE_BEZIER_KNOTS.);
#1973 = CARTESIAN_POINT('',(-9.19677734375,-7.500955078125,2.));
#1974 = CARTESIAN_POINT('',(-9.62646484375,-7.500955078125,2.));
#1975 = CARTESIAN_POINT('',(-9.822998046875,-7.65842578125,2.));
#1976 = VECTOR('',#1977,1.);
#1977 = DIRECTION('',(-0.,-0.,-1.));
#1978 = DEFINITIONAL_REPRESENTATION('',(#1979),#1983);
#1979 = LINE('',#1980,#1981);
#1980 = CARTESIAN_POINT('',(0.,0.));
#1981 = VECTOR('',#1982,1.);
#1982 = DIRECTION('',(1.,0.));
#1983 = ( GEOMETRIC_REPRESENTATION_CONTEXT(2) 
PARAMETRIC_REPRESENTATION_CONTEXT() REPRESENTATION_CONTEXT('2D SPACE',''
  ) );
#1984 = ORIENTED_EDGE('',*,*,#1985,.T.);
#1985 = EDGE_CURVE('',#1956,#1986,#1988,.T.);
#1986 = VERTEX_POINT('',#1987);
#1987 = CARTESIAN_POINT('',(-10.01953125,-8.038064453125,2.));
#1988 = SURFACE_CURVE('',#1989,(#1993,#2000),.PCURVE_S1.);
#1989 = B_SPLINE_CURVE_WITH_KNOTS('',2,(#1990,#1991,#1992),
  .UNSPECIFIED.,.F.,.F.,(3,3),(0.,1.),.PIECEWISE_BEZIER_KNOTS.);
#1990 = CARTESIAN_POINT('',(-9.822998046875,-7.65842578125,2.));
#1991 = CARTESIAN_POINT('',(-10.01953125,-7.815896484375,2.));
#1992 = CARTESIAN_POINT('',(-10.01953125,-8.038064453125,2.));
#1993 = PCURVE('',#100,#1994);
#1994 = DEFINITIONAL_REPRESENTATION('',(#1995),#1999);
#1995 = B_SPLINE_CURVE_WITH_KNOTS('',2,(#1996,#1997,#1998),
  .UNSPECIFIED.,.F.,.F.,(3,3),(0.,1.),.PIECEWISE_BEZIER_KNOTS.);
#1996 = CARTESIAN_POINT('',(-9.822998046875,-7.65842578125));
#1997 = CARTESIAN_POINT('',(-10.01953125,-7.815896484375));
#1998 = CARTESIAN_POINT('',(-10.01953125,-8.038064453125));
#1999 = ( GEOMETRIC_REPRESENTATION_CONTEXT(2) 
PARAMETRIC_REPRESENTATION_CONTEXT() REPRESENTATION_CONTEXT('2D SPACE',''
  ) );
#2000 = PCURVE('',#2001,#2008);
#2001 = SURFACE_OF_LINEAR_EXTRUSION('',#2002,#2006);
#2002 = B_SPLINE_CURVE_WITH_KNOTS('',2,(#2003,#2004,#2005),
  .UNSPECIFIED.,.F.,.F.,(3,3),(0.,1.),.PIECEWISE_BEZIER_KNOTS.);
#2003 = CARTESIAN_POINT('',(-9.822998046875,-7.65842578125,2.));
#2004 = CARTESIAN_POINT('',(-10.01953125,-7.815896484375,2.));
#2005 = CARTESIAN_POINT('',(-10.01953125,-8.038064453125,2.));
#2006 = VECTOR('',#2007,1.);
#2007 = DIRECTION('',(-0.,-0.,-1.));
#2008 = DEFINITIONAL_REPRESENTATION('',(#2009),#2013);
#2009 = LINE('',#2010,#2011);
#2010 = CARTESIAN_POINT('',(0.,0.));
#2011 = VECTOR('',#2012,1.);
#2012 = DIRECTION('',(1.,0.));
#2013 = ( GEOMETRIC_REPRESENTATION_CONTEXT(2) 
PARAMETRIC_REPRESENTATION_CONTEXT() REPRESENTATION_CONTEXT('2D SPACE',''
  ) );
#2014 = ORIENTED_EDGE('',*,*,#2015,.T.);
#2015 = EDGE_CURVE('',#1986,#2016,#2018,.T.);
#2016 = VERTEX_POINT('',#2017);
#2017 = CARTESIAN_POINT('',(-9.88037109375,-8.355447265625,2.));
#2018 = SURFACE_CURVE('',#2019,(#2023,#2030),.PCURVE_S1.);
#2019 = B_SPLINE_CURVE_WITH_KNOTS('',2,(#2020,#2021,#2022),
  .UNSPECIFIED.,.F.,.F.,(3,3),(0.,1.),.PIECEWISE_BEZIER_KNOTS.);
#2020 = CARTESIAN_POINT('',(-10.01953125,-8.038064453125,2.));
#2021 = CARTESIAN_POINT('',(-10.01953125,-8.230935546875,2.));
#2022 = CARTESIAN_POINT('',(-9.88037109375,-8.355447265625,2.));
#2023 = PCURVE('',#100,#2024);
#2024 = DEFINITIONAL_REPRESENTATION('',(#2025),#2029);
#2025 = B_SPLINE_CURVE_WITH_KNOTS('',2,(#2026,#2027,#2028),
  .UNSPECIFIED.,.F.,.F.,(3,3),(0.,1.),.PIECEWISE_BEZIER_KNOTS.);
#2026 = CARTESIAN_POINT('',(-10.01953125,-8.038064453125));
#2027 = CARTESIAN_POINT('',(-10.01953125,-8.230935546875));
#2028 = CARTESIAN_POINT('',(-9.88037109375,-8.355447265625));
#2029 = ( GEOMETRIC_REPRESENTATION_CONTEXT(2) 
PARAMETRIC_REPRESENTATION_CONTEXT() REPRESENTATION_CONTEXT('2D SPACE',''
  ) );
#2030 = PCURVE('',#2031,#2038);
#2031 = SURFACE_OF_LINEAR_EXTRUSION('',#2032,#2036);
#2032 = B_SPLINE_CURVE_WITH_KNOTS('',2,(#2033,#2034,#2035),
  .UNSPECIFIED.,.F.,.F.,(3,3),(0.,1.),.PIECEWISE_BEZIER_KNOTS.);
#2033 = CARTESIAN_POINT('',(-10.01953125,-8.038064453125,2.));
#2034 = CARTESIAN_POINT('',(-10.01953125,-8.230935546875,2.));
#2035 = CARTESIAN_POINT('',(-9.88037109375,-8.355447265625,2.));
#2036 = VECTOR('',#2037,1.);
#2037 = DIRECTION('',(-0.,-0.,-1.));
#2038 = DEFINITIONAL_REPRESENTATION('',(#2039),#2043);
#2039 = LINE('',#2040,#2041);
#2040 = CARTESIAN_POINT('',(0.,0.));
#2041 = VECTOR('',#2042,1.);
#2042 = DIRECTION('',(1.,0.));
#2043 = ( GEOMETRIC_REPRESENTATION_CONTEXT(2) 
PARAMETRIC_REPRESENTATION_CONTEXT() REPRESENTATION_CONTEXT('2D SPACE',''
  ) );
#2044 = ORIENTED_EDGE('',*,*,#2045,.T.);
#2045 = EDGE_CURVE('',#2016,#2046,#2048,.T.);
#2046 = VERTEX_POINT('',#2047);
#2047 = CARTESIAN_POINT('',(-9.166259765625,-8.61057421875,2.));
#2048 = SURFACE_CURVE('',#2049,(#2053,#2060),.PCURVE_S1.);
#2049 = B_SPLINE_CURVE_WITH_KNOTS('',2,(#2050,#2051,#2052),
  .UNSPECIFIED.,.F.,.F.,(3,3),(0.,1.),.PIECEWISE_BEZIER_KNOTS.);
#2050 = CARTESIAN_POINT('',(-9.88037109375,-8.355447265625,2.));
#2051 = CARTESIAN_POINT('',(-9.74365234375,-8.479958984375,2.));
#2052 = CARTESIAN_POINT('',(-9.166259765625,-8.61057421875,2.));
#2053 = PCURVE('',#100,#2054);
#2054 = DEFINITIONAL_REPRESENTATION('',(#2055),#2059);
#2055 = B_SPLINE_CURVE_WITH_KNOTS('',2,(#2056,#2057,#2058),
  .UNSPECIFIED.,.F.,.F.,(3,3),(0.,1.),.PIECEWISE_BEZIER_KNOTS.);
#2056 = CARTESIAN_POINT('',(-9.88037109375,-8.355447265625));
#2057 = CARTESIAN_POINT('',(-9.74365234375,-8.479958984375));
#2058 = CARTESIAN_POINT('',(-9.166259765625,-8.61057421875));
#2059 = ( GEOMETRIC_REPRESENTATION_CONTEXT(2) 
PARAMETRIC_REPRESENTATION_CONTEXT() REPRESENTATION_CONTEXT('2D SPACE',''
  ) );
#2060 = PCURVE('',#2061,#2068);
#2061 = SURFACE_OF_LINEAR_EXTRUSION('',#2062,#2066);
#2062 = B_SPLINE_CURVE_WITH_KNOTS('',2,(#2063,#2064,#2065),
  .UNSPECIFIED.,.F.,.F.,(3,3),(0.,1.),.PIECEWISE_BEZIER_KNOTS.);
#2063 = CARTESIAN_POINT('',(-9.88037109375,-8.355447265625,2.));
#2064 = CARTESIAN_POINT('',(-9.74365234375,-8.479958984375,2.));
#2065 = CARTESIAN_POINT('',(-9.166259765625,-8.61057421875,2.));
#2066 = VECTOR('',#2067,1.);
#2067 = DIRECTION('',(-0.,-0.,-1.));
#2068 = DEFINITIONAL_REPRESENTATION('',(#2069),#2073);
#2069 = LINE('',#2070,#2071);
#2070 = CARTESIAN_POINT('',(0.,0.));
#2071 = VECTOR('',#2072,1.);
#2072 = DIRECTION('',(1.,0.));
#2073 = ( GEOMETRIC_REPRESENTATION_CONTEXT(2) 
PARAMETRIC_REPRESENTATION_CONTEXT() REPRESENTATION_CONTEXT('2D SPACE',''
  ) );
#2074 = ORIENTED_EDGE('',*,*,#2075,.T.);
#2075 = EDGE_CURVE('',#2046,#2076,#2078,.T.);
#2076 = VERTEX_POINT('',#2077);
#2077 = CARTESIAN_POINT('',(-8.3740234375,-8.838845703125,2.));
#2078 = SURFACE_CURVE('',#2079,(#2083,#2090),.PCURVE_S1.);
#2079 = B_SPLINE_CURVE_WITH_KNOTS('',2,(#2080,#2081,#2082),
  .UNSPECIFIED.,.F.,.F.,(3,3),(0.,1.),.PIECEWISE_BEZIER_KNOTS.);
#2080 = CARTESIAN_POINT('',(-9.166259765625,-8.61057421875,2.));
#2081 = CARTESIAN_POINT('',(-8.5888671875,-8.741189453125,2.));
#2082 = CARTESIAN_POINT('',(-8.3740234375,-8.838845703125,2.));
#2083 = PCURVE('',#100,#2084);
#2084 = DEFINITIONAL_REPRESENTATION('',(#2085),#2089);
#2085 = B_SPLINE_CURVE_WITH_KNOTS('',2,(#2086,#2087,#2088),
  .UNSPECIFIED.,.F.,.F.,(3,3),(0.,1.),.PIECEWISE_BEZIER_KNOTS.);
#2086 = CARTESIAN_POINT('',(-9.166259765625,-8.61057421875));
#2087 = CARTESIAN_POINT('',(-8.5888671875,-8.741189453125));
#2088 = CARTESIAN_POINT('',(-8.3740234375,-8.838845703125));
#2089 = ( GEOMETRIC_REPRESENTATION_CONTEXT(2) 
PARAMETRIC_REPRESENTATION_CONTEXT() REPRESENTATION_CONTEXT('2D SPACE',''
  ) );
#2090 = PCURVE('',#2091,#2098);
#2091 = SURFACE_OF_LINEAR_EXTRUSION('',#2092,#2096);
#2092 = B_SPLINE_CURVE_WITH_KNOTS('',2,(#2093,#2094,#2095),
  .UNSPECIFIED.,.F.,.F.,(3,3),(0.,1.),.PIECEWISE_BEZIER_KNOTS.);
#2093 = CARTESIAN_POINT('',(-9.166259765625,-8.61057421875,2.));
#2094 = CARTESIAN_POINT('',(-8.5888671875,-8.741189453125,2.));
#2095 = CARTESIAN_POINT('',(-8.3740234375,-8.838845703125,2.));
#2096 = VECTOR('',#2097,1.);
#2097 = DIRECTION('',(-0.,-0.,-1.));
#2098 = DEFINITIONAL_REPRESENTATION('',(#2099),#2103);
#2099 = LINE('',#2100,#2101);
#2100 = CARTESIAN_POINT('',(0.,0.));
#2101 = VECTOR('',#2102,1.);
#2102 = DIRECTION('',(1.,0.));
#2103 = ( GEOMETRIC_REPRESENTATION_CONTEXT(2) 
PARAMETRIC_REPRESENTATION_CONTEXT() REPRESENTATION_CONTEXT('2D SPACE',''
  ) );
#2104 = ORIENTED_EDGE('',*,*,#2105,.T.);
#2105 = EDGE_CURVE('',#2076,#2106,#2108,.T.);
#2106 = VERTEX_POINT('',#2107);
#2107 = CARTESIAN_POINT('',(-8.105099260379,-9.,2.));
#2108 = SURFACE_CURVE('',#2109,(#2113,#2120),.PCURVE_S1.);
#2109 = B_SPLINE_CURVE_WITH_KNOTS('',2,(#2110,#2111,#2112),
  .UNSPECIFIED.,.F.,.F.,(3,3),(0.,1.),.PIECEWISE_BEZIER_KNOTS.);
#2110 = CARTESIAN_POINT('',(-8.3740234375,-8.838845703125,2.));
#2111 = CARTESIAN_POINT('',(-8.0615234375,-8.982888671875,2.));
#2112 = CARTESIAN_POINT('',(-7.91259765625,-9.2038359375,2.));
#2113 = PCURVE('',#100,#2114);
#2114 = DEFINITIONAL_REPRESENTATION('',(#2115),#2119);
#2115 = B_SPLINE_CURVE_WITH_KNOTS('',2,(#2116,#2117,#2118),
  .UNSPECIFIED.,.F.,.F.,(3,3),(0.,1.),.PIECEWISE_BEZIER_KNOTS.);
#2116 = CARTESIAN_POINT('',(-8.3740234375,-8.838845703125));
#2117 = CARTESIAN_POINT('',(-8.0615234375,-8.982888671875));
#2118 = CARTESIAN_POINT('',(-7.91259765625,-9.2038359375));
#2119 = ( GEOMETRIC_REPRESENTATION_CONTEXT(2) 
PARAMETRIC_REPRESENTATION_CONTEXT() REPRESENTATION_CONTEXT('2D SPACE',''
  ) );
#2120 = PCURVE('',#2121,#2128);
#2121 = SURFACE_OF_LINEAR_EXTRUSION('',#2122,#2126);
#2122 = B_SPLINE_CURVE_WITH_KNOTS('',2,(#2123,#2124,#2125),
  .UNSPECIFIED.,.F.,.F.,(3,3),(0.,1.),.PIECEWISE_BEZIER_KNOTS.);
#2123 = CARTESIAN_POINT('',(-8.3740234375,-8.838845703125,2.));
#2124 = CARTESIAN_POINT('',(-8.0615234375,-8.982888671875,2.));
#2125 = CARTESIAN_POINT('',(-7.91259765625,-9.2038359375,2.));
#2126 = VECTOR('',#2127,1.);
#2127 = DIRECTION('',(-0.,-0.,-1.));
#2128 = DEFINITIONAL_REPRESENTATION('',(#2129),#2133);
#2129 = LINE('',#2130,#2131);
#2130 = CARTESIAN_POINT('',(0.,0.));
#2131 = VECTOR('',#2132,1.);
#2132 = DIRECTION('',(1.,0.));
#2133 = ( GEOMETRIC_REPRESENTATION_CONTEXT(2) 
PARAMETRIC_REPRESENTATION_CONTEXT() REPRESENTATION_CONTEXT('2D SPACE',''
  ) );
#2134 = ORIENTED_EDGE('',*,*,#2135,.T.);
#2135 = EDGE_CURVE('',#2106,#2136,#2138,.T.);
#2136 = VERTEX_POINT('',#2137);
#2137 = CARTESIAN_POINT('',(-7.11669921875,-9.,2.));
#2138 = SURFACE_CURVE('',#2139,(#2143,#2149),.PCURVE_S1.);
#2139 = LINE('',#2140,#2141);
#2140 = CARTESIAN_POINT('',(4.5,-9.,2.));
#2141 = VECTOR('',#2142,1.);
#2142 = DIRECTION('',(1.,0.,-0.));
#2143 = PCURVE('',#100,#2144);
#2144 = DEFINITIONAL_REPRESENTATION('',(#2145),#2148);
#2145 = B_SPLINE_CURVE_WITH_KNOTS('',1,(#2146,#2147),.UNSPECIFIED.,.F.,
  .F.,(2,2),(-13.5,4.5),.PIECEWISE_BEZIER_KNOTS.);
#2146 = CARTESIAN_POINT('',(-9.,-9.));
#2147 = CARTESIAN_POINT('',(9.,-9.));
#2148 = ( GEOMETRIC_REPRESENTATION_CONTEXT(2) 
PARAMETRIC_REPRESENTATION_CONTEXT() REPRESENTATION_CONTEXT('2D SPACE',''
  ) );
#2149 = PCURVE('',#2150,#2155);
#2150 = PLANE('',#2151);
#2151 = AXIS2_PLACEMENT_3D('',#2152,#2153,#2154);
#2152 = CARTESIAN_POINT('',(9.,-9.,0.));
#2153 = DIRECTION('',(0.,-1.,0.));
#2154 = DIRECTION('',(-1.,0.,0.));
#2155 = DEFINITIONAL_REPRESENTATION('',(#2156),#2159);
#2156 = B_SPLINE_CURVE_WITH_KNOTS('',1,(#2157,#2158),.UNSPECIFIED.,.F.,
  .F.,(2,2),(-13.5,4.5),.PIECEWISE_BEZIER_KNOTS.);
#2157 = CARTESIAN_POINT('',(18.,-2.));
#2158 = CARTESIAN_POINT('',(0.,-2.));
#2159 = ( GEOMETRIC_REPRESENTATION_CONTEXT(2) 
PARAMETRIC_REPRESENTATION_CONTEXT() REPRESENTATION_CONTEXT('2D SPACE',''
  ) );
#2160 = ORIENTED_EDGE('',*,*,#2161,.T.);
#2161 = EDGE_CURVE('',#2136,#2162,#2164,.T.);
#2162 = VERTEX_POINT('',#2163);
#2163 = CARTESIAN_POINT('',(-7.11669921875,-7.144509765625,2.));
#2164 = SURFACE_CURVE('',#2165,(#2169,#2176),.PCURVE_S1.);
#2165 = LINE('',#2166,#2167);
#2166 = CARTESIAN_POINT('',(-7.11669921875,-10.72361132812,2.));
#2167 = VECTOR('',#2168,1.);
#2168 = DIRECTION('',(0.,1.,0.));
#2169 = PCURVE('',#100,#2170);
#2170 = DEFINITIONAL_REPRESENTATION('',(#2171),#2175);
#2171 = LINE('',#2172,#2173);
#2172 = CARTESIAN_POINT('',(-7.11669921875,-10.72361132812));
#2173 = VECTOR('',#2174,1.);
#2174 = DIRECTION('',(0.,1.));
#2175 = ( GEOMETRIC_REPRESENTATION_CONTEXT(2) 
PARAMETRIC_REPRESENTATION_CONTEXT() REPRESENTATION_CONTEXT('2D SPACE',''
  ) );
#2176 = PCURVE('',#2177,#2182);
#2177 = PLANE('',#2178);
#2178 = AXIS2_PLACEMENT_3D('',#2179,#2180,#2181);
#2179 = CARTESIAN_POINT('',(-7.11669921875,-10.72361132812,2.));
#2180 = DIRECTION('',(-1.,0.,0.));
#2181 = DIRECTION('',(0.,1.,0.));
#2182 = DEFINITIONAL_REPRESENTATION('',(#2183),#2187);
#2183 = LINE('',#2184,#2185);
#2184 = CARTESIAN_POINT('',(0.,0.));
#2185 = VECTOR('',#2186,1.);
#2186 = DIRECTION('',(1.,0.));
#2187 = ( GEOMETRIC_REPRESENTATION_CONTEXT(2) 
PARAMETRIC_REPRESENTATION_CONTEXT() REPRESENTATION_CONTEXT('2D SPACE',''
  ) );
#2188 = ORIENTED_EDGE('',*,*,#2189,.T.);
#2189 = EDGE_CURVE('',#2162,#2190,#2192,.T.);
#2190 = VERTEX_POINT('',#2191);
#2191 = CARTESIAN_POINT('',(-5.7666015625,-7.144509765625,2.));
#2192 = SURFACE_CURVE('',#2193,(#2197,#2204),.PCURVE_S1.);
#2193 = LINE('',#2194,#2195);
#2194 = CARTESIAN_POINT('',(-7.11669921875,-7.144509765625,2.));
#2195 = VECTOR('',#2196,1.);
#2196 = DIRECTION('',(1.,0.,0.));
#2197 = PCURVE('',#100,#2198);
#2198 = DEFINITIONAL_REPRESENTATION('',(#2199),#2203);
#2199 = LINE('',#2200,#2201);
#2200 = CARTESIAN_POINT('',(-7.11669921875,-7.144509765625));
#2201 = VECTOR('',#2202,1.);
#2202 = DIRECTION('',(1.,0.));
#2203 = ( GEOMETRIC_REPRESENTATION_CONTEXT(2) 
PARAMETRIC_REPRESENTATION_CONTEXT() REPRESENTATION_CONTEXT('2D SPACE',''
  ) );
#2204 = PCURVE('',#2205,#2210);
#2205 = PLANE('',#2206);
#2206 = AXIS2_PLACEMENT_3D('',#2207,#2208,#2209);
#2207 = CARTESIAN_POINT('',(-7.11669921875,-7.144509765625,2.));
#2208 = DIRECTION('',(0.,1.,0.));
#2209 = DIRECTION('',(1.,0.,0.));
#2210 = DEFINITIONAL_REPRESENTATION('',(#2211),#2215);
#2211 = LINE('',#2212,#2213);
#2212 = CARTESIAN_POINT('',(0.,0.));
#2213 = VECTOR('',#2214,1.);
#2214 = DIRECTION('',(1.,0.));
#2215 = ( GEOMETRIC_REPRESENTATION_CONTEXT(2) 
PARAMETRIC_REPRESENTATION_CONTEXT() REPRESENTATION_CONTEXT('2D SPACE',''
  ) );
#2216 = ORIENTED_EDGE('',*,*,#2217,.T.);
#2217 = EDGE_CURVE('',#2190,#2218,#2220,.T.);
#2218 = VERTEX_POINT('',#2219);
#2219 = CARTESIAN_POINT('',(-5.22216796875,-7.178689453125,2.));
#2220 = SURFACE_CURVE('',#2221,(#2225,#2232),.PCURVE_S1.);
#2221 = B_SPLINE_CURVE_WITH_KNOTS('',2,(#2222,#2223,#2224),
  .UNSPECIFIED.,.F.,.F.,(3,3),(0.,1.),.PIECEWISE_BEZIER_KNOTS.);
#2222 = CARTESIAN_POINT('',(-5.7666015625,-7.144509765625,2.));
#2223 = CARTESIAN_POINT('',(-5.41015625,-7.144509765625,2.));
#2224 = CARTESIAN_POINT('',(-5.22216796875,-7.178689453125,2.));
#2225 = PCURVE('',#100,#2226);
#2226 = DEFINITIONAL_REPRESENTATION('',(#2227),#2231);
#2227 = B_SPLINE_CURVE_WITH_KNOTS('',2,(#2228,#2229,#2230),
  .UNSPECIFIED.,.F.,.F.,(3,3),(0.,1.),.PIECEWISE_BEZIER_KNOTS.);
#2228 = CARTESIAN_POINT('',(-5.7666015625,-7.144509765625));
#2229 = CARTESIAN_POINT('',(-5.41015625,-7.144509765625));
#2230 = CARTESIAN_POINT('',(-5.22216796875,-7.178689453125));
#2231 = ( GEOMETRIC_REPRESENTATION_CONTEXT(2) 
PARAMETRIC_REPRESENTATION_CONTEXT() REPRESENTATION_CONTEXT('2D SPACE',''
  ) );
#2232 = PCURVE('',#2233,#2240);
#2233 = SURFACE_OF_LINEAR_EXTRUSION('',#2234,#2238);
#2234 = B_SPLINE_CURVE_WITH_KNOTS('',2,(#2235,#2236,#2237),
  .UNSPECIFIED.,.F.,.F.,(3,3),(0.,1.),.PIECEWISE_BEZIER_KNOTS.);
#2235 = CARTESIAN_POINT('',(-5.7666015625,-7.144509765625,2.));
#2236 = CARTESIAN_POINT('',(-5.41015625,-7.144509765625,2.));
#2237 = CARTESIAN_POINT('',(-5.22216796875,-7.178689453125,2.));
#2238 = VECTOR('',#2239,1.);
#2239 = DIRECTION('',(-0.,-0.,-1.));
#2240 = DEFINITIONAL_REPRESENTATION('',(#2241),#2245);
#2241 = LINE('',#2242,#2243);
#2242 = CARTESIAN_POINT('',(0.,0.));
#2243 = VECTOR('',#2244,1.);
#2244 = DIRECTION('',(1.,0.));
#2245 = ( GEOMETRIC_REPRESENTATION_CONTEXT(2) 
PARAMETRIC_REPRESENTATION_CONTEXT() REPRESENTATION_CONTEXT('2D SPACE',''
  ) );
#2246 = ORIENTED_EDGE('',*,*,#2247,.T.);
#2247 = EDGE_CURVE('',#2218,#2248,#2250,.T.);
#2248 = VERTEX_POINT('',#2249);
#2249 = CARTESIAN_POINT('',(-4.7802734375,-7.34592578125,2.));
#2250 = SURFACE_CURVE('',#2251,(#2255,#2262),.PCURVE_S1.);
#2251 = B_SPLINE_CURVE_WITH_KNOTS('',2,(#2252,#2253,#2254),
  .UNSPECIFIED.,.F.,.F.,(3,3),(0.,1.),.PIECEWISE_BEZIER_KNOTS.);
#2252 = CARTESIAN_POINT('',(-5.22216796875,-7.178689453125,2.));
#2253 = CARTESIAN_POINT('',(-4.95849609375,-7.222634765625,2.));
#2254 = CARTESIAN_POINT('',(-4.7802734375,-7.34592578125,2.));
#2255 = PCURVE('',#100,#2256);
#2256 = DEFINITIONAL_REPRESENTATION('',(#2257),#2261);
#2257 = B_SPLINE_CURVE_WITH_KNOTS('',2,(#2258,#2259,#2260),
  .UNSPECIFIED.,.F.,.F.,(3,3),(0.,1.),.PIECEWISE_BEZIER_KNOTS.);
#2258 = CARTESIAN_POINT('',(-5.22216796875,-7.178689453125));
#2259 = CARTESIAN_POINT('',(-4.95849609375,-7.222634765625));
#2260 = CARTESIAN_POINT('',(-4.7802734375,-7.34592578125));
#2261 = ( GEOMETRIC_REPRESENTATION_CONTEXT(2) 
PARAMETRIC_REPRESENTATION_CONTEXT() REPRESENTATION_CONTEXT('2D SPACE',''
  ) );
#2262 = PCURVE('',#2263,#2270);
#2263 = SURFACE_OF_LINEAR_EXTRUSION('',#2264,#2268);
#2264 = B_SPLINE_CURVE_WITH_KNOTS('',2,(#2265,#2266,#2267),
  .UNSPECIFIED.,.F.,.F.,(3,3),(0.,1.),.PIECEWISE_BEZIER_KNOTS.);
#2265 = CARTESIAN_POINT('',(-5.22216796875,-7.178689453125,2.));
#2266 = CARTESIAN_POINT('',(-4.95849609375,-7.222634765625,2.));
#2267 = CARTESIAN_POINT('',(-4.7802734375,-7.34592578125,2.));
#2268 = VECTOR('',#2269,1.);
#2269 = DIRECTION('',(-0.,-0.,-1.));
#2270 = DEFINITIONAL_REPRESENTATION('',(#2271),#2275);
#2271 = LINE('',#2272,#2273);
#2272 = CARTESIAN_POINT('',(0.,0.));
#2273 = VECTOR('',#2274,1.);
#2274 = DIRECTION('',(1.,0.));
#2275 = ( GEOMETRIC_REPRESENTATION_CONTEXT(2) 
PARAMETRIC_REPRESENTATION_CONTEXT() REPRESENTATION_CONTEXT('2D SPACE',''
  ) );
#2276 = ORIENTED_EDGE('',*,*,#2277,.T.);
#2277 = EDGE_CURVE('',#2248,#2278,#2280,.T.);
#2278 = VERTEX_POINT('',#2279);
#2279 = CARTESIAN_POINT('',(-4.493408203125,-7.691384765625,2.));
#2280 = SURFACE_CURVE('',#2281,(#2285,#2292),.PCURVE_S1.);
#2281 = B_SPLINE_CURVE_WITH_KNOTS('',2,(#2282,#2283,#2284),
  .UNSPECIFIED.,.F.,.F.,(3,3),(0.,1.),.PIECEWISE_BEZIER_KNOTS.);
#2282 = CARTESIAN_POINT('',(-4.7802734375,-7.34592578125,2.));
#2283 = CARTESIAN_POINT('',(-4.60205078125,-7.469216796875,2.));
#2284 = CARTESIAN_POINT('',(-4.493408203125,-7.691384765625,2.));
#2285 = PCURVE('',#100,#2286);
#2286 = DEFINITIONAL_REPRESENTATION('',(#2287),#2291);
#2287 = B_SPLINE_CURVE_WITH_KNOTS('',2,(#2288,#2289,#2290),
  .UNSPECIFIED.,.F.,.F.,(3,3),(0.,1.),.PIECEWISE_BEZIER_KNOTS.);
#2288 = CARTESIAN_POINT('',(-4.7802734375,-7.34592578125));
#2289 = CARTESIAN_POINT('',(-4.60205078125,-7.469216796875));
#2290 = CARTESIAN_POINT('',(-4.493408203125,-7.691384765625));
#2291 = ( GEOMETRIC_REPRESENTATION_CONTEXT(2) 
PARAMETRIC_REPRESENTATION_CONTEXT() REPRESENTATION_CONTEXT('2D SPACE',''
  ) );
#2292 = PCURVE('',#2293,#2300);
#2293 = SURFACE_OF_LINEAR_EXTRUSION('',#2294,#2298);
#2294 = B_SPLINE_CURVE_WITH_KNOTS('',2,(#2295,#2296,#2297),
  .UNSPECIFIED.,.F.,.F.,(3,3),(0.,1.),.PIECEWISE_BEZIER_KNOTS.);
#2295 = CARTESIAN_POINT('',(-4.7802734375,-7.34592578125,2.));
#2296 = CARTESIAN_POINT('',(-4.60205078125,-7.469216796875,2.));
#2297 = CARTESIAN_POINT('',(-4.493408203125,-7.691384765625,2.));
#2298 = VECTOR('',#2299,1.);
#2299 = DIRECTION('',(-0.,-0.,-1.));
#2300 = DEFINITIONAL_REPRESENTATION('',(#2301),#2305);
#2301 = LINE('',#2302,#2303);
#2302 = CARTESIAN_POINT('',(0.,0.));
#2303 = VECTOR('',#2304,1.);
#2304 = DIRECTION('',(1.,0.));
#2305 = ( GEOMETRIC_REPRESENTATION_CONTEXT(2) 
PARAMETRIC_REPRESENTATION_CONTEXT() REPRESENTATION_CONTEXT('2D SPACE',''
  ) );
#2306 = ORIENTED_EDGE('',*,*,#2307,.T.);
#2307 = EDGE_CURVE('',#2278,#2308,#2310,.T.);
#2308 = VERTEX_POINT('',#2309);
#2309 = CARTESIAN_POINT('',(-4.384765625,-8.179666015625,2.));
#2310 = SURFACE_CURVE('',#2311,(#2315,#2322),.PCURVE_S1.);
#2311 = B_SPLINE_CURVE_WITH_KNOTS('',2,(#2312,#2313,#2314),
  .UNSPECIFIED.,.F.,.F.,(3,3),(0.,1.),.PIECEWISE_BEZIER_KNOTS.);
#2312 = CARTESIAN_POINT('',(-4.493408203125,-7.691384765625,2.));
#2313 = CARTESIAN_POINT('',(-4.384765625,-7.913552734375,2.));
#2314 = CARTESIAN_POINT('',(-4.384765625,-8.179666015625,2.));
#2315 = PCURVE('',#100,#2316);
#2316 = DEFINITIONAL_REPRESENTATION('',(#2317),#2321);
#2317 = B_SPLINE_CURVE_WITH_KNOTS('',2,(#2318,#2319,#2320),
  .UNSPECIFIED.,.F.,.F.,(3,3),(0.,1.),.PIECEWISE_BEZIER_KNOTS.);
#2318 = CARTESIAN_POINT('',(-4.493408203125,-7.691384765625));
#2319 = CARTESIAN_POINT('',(-4.384765625,-7.913552734375));
#2320 = CARTESIAN_POINT('',(-4.384765625,-8.179666015625));
#2321 = ( GEOMETRIC_REPRESENTATION_CONTEXT(2) 
PARAMETRIC_REPRESENTATION_CONTEXT() REPRESENTATION_CONTEXT('2D SPACE',''
  ) );
#2322 = PCURVE('',#2323,#2330);
#2323 = SURFACE_OF_LINEAR_EXTRUSION('',#2324,#2328);
#2324 = B_SPLINE_CURVE_WITH_KNOTS('',2,(#2325,#2326,#2327),
  .UNSPECIFIED.,.F.,.F.,(3,3),(0.,1.),.PIECEWISE_BEZIER_KNOTS.);
#2325 = CARTESIAN_POINT('',(-4.493408203125,-7.691384765625,2.));
#2326 = CARTESIAN_POINT('',(-4.384765625,-7.913552734375,2.));
#2327 = CARTESIAN_POINT('',(-4.384765625,-8.179666015625,2.));
#2328 = VECTOR('',#2329,1.);
#2329 = DIRECTION('',(-0.,-0.,-1.));
#2330 = DEFINITIONAL_REPRESENTATION('',(#2331),#2335);
#2331 = LINE('',#2332,#2333);
#2332 = CARTESIAN_POINT('',(0.,0.));
#2333 = VECTOR('',#2334,1.);
#2334 = DIRECTION('',(1.,0.));
#2335 = ( GEOMETRIC_REPRESENTATION_CONTEXT(2) 
PARAMETRIC_REPRESENTATION_CONTEXT() REPRESENTATION_CONTEXT('2D SPACE',''
  ) );
#2336 = ORIENTED_EDGE('',*,*,#2337,.T.);
#2337 = EDGE_CURVE('',#2308,#2338,#2340,.T.);
#2338 = VERTEX_POINT('',#2339);
#2339 = CARTESIAN_POINT('',(-4.67529296875,-8.95237109375,2.));
#2340 = SURFACE_CURVE('',#2341,(#2345,#2352),.PCURVE_S1.);
#2341 = B_SPLINE_CURVE_WITH_KNOTS('',2,(#2342,#2343,#2344),
  .UNSPECIFIED.,.F.,.F.,(3,3),(0.,1.),.PIECEWISE_BEZIER_KNOTS.);
#2342 = CARTESIAN_POINT('',(-4.384765625,-8.179666015625,2.));
#2343 = CARTESIAN_POINT('',(-4.384765625,-8.636208984375,2.));
#2344 = CARTESIAN_POINT('',(-4.67529296875,-8.95237109375,2.));
#2345 = PCURVE('',#100,#2346);
#2346 = DEFINITIONAL_REPRESENTATION('',(#2347),#2351);
#2347 = B_SPLINE_CURVE_WITH_KNOTS('',2,(#2348,#2349,#2350),
  .UNSPECIFIED.,.F.,.F.,(3,3),(0.,1.),.PIECEWISE_BEZIER_KNOTS.);
#2348 = CARTESIAN_POINT('',(-4.384765625,-8.179666015625));
#2349 = CARTESIAN_POINT('',(-4.384765625,-8.636208984375));
#2350 = CARTESIAN_POINT('',(-4.67529296875,-8.95237109375));
#2351 = ( GEOMETRIC_REPRESENTATION_CONTEXT(2) 
PARAMETRIC_REPRESENTATION_CONTEXT() REPRESENTATION_CONTEXT('2D SPACE',''
  ) );
#2352 = PCURVE('',#2353,#2360);
#2353 = SURFACE_OF_LINEAR_EXTRUSION('',#2354,#2358);
#2354 = B_SPLINE_CURVE_WITH_KNOTS('',2,(#2355,#2356,#2357),
  .UNSPECIFIED.,.F.,.F.,(3,3),(0.,1.),.PIECEWISE_BEZIER_KNOTS.);
#2355 = CARTESIAN_POINT('',(-4.384765625,-8.179666015625,2.));
#2356 = CARTESIAN_POINT('',(-4.384765625,-8.636208984375,2.));
#2357 = CARTESIAN_POINT('',(-4.67529296875,-8.95237109375,2.));
#2358 = VECTOR('',#2359,1.);
#2359 = DIRECTION('',(-0.,-0.,-1.));
#2360 = DEFINITIONAL_REPRESENTATION('',(#2361),#2365);
#2361 = LINE('',#2362,#2363);
#2362 = CARTESIAN_POINT('',(0.,0.));
#2363 = VECTOR('',#2364,1.);
#2364 = DIRECTION('',(1.,0.));
#2365 = ( GEOMETRIC_REPRESENTATION_CONTEXT(2) 
PARAMETRIC_REPRESENTATION_CONTEXT() REPRESENTATION_CONTEXT('2D SPACE',''
  ) );
#2366 = ORIENTED_EDGE('',*,*,#2367,.T.);
#2367 = EDGE_CURVE('',#2338,#2368,#2370,.T.);
#2368 = VERTEX_POINT('',#2369);
#2369 = CARTESIAN_POINT('',(-4.723726606316,-9.,2.));
#2370 = SURFACE_CURVE('',#2371,(#2375,#2382),.PCURVE_S1.);
#2371 = B_SPLINE_CURVE_WITH_KNOTS('',2,(#2372,#2373,#2374),
  .UNSPECIFIED.,.F.,.F.,(3,3),(0.,1.),.PIECEWISE_BEZIER_KNOTS.);
#2372 = CARTESIAN_POINT('',(-4.67529296875,-8.95237109375,2.));
#2373 = CARTESIAN_POINT('',(-4.9658203125,-9.268533203125,2.));
#2374 = CARTESIAN_POINT('',(-5.72509765625,-9.268533203125,2.));
#2375 = PCURVE('',#100,#2376);
#2376 = DEFINITIONAL_REPRESENTATION('',(#2377),#2381);
#2377 = B_SPLINE_CURVE_WITH_KNOTS('',2,(#2378,#2379,#2380),
  .UNSPECIFIED.,.F.,.F.,(3,3),(0.,1.),.PIECEWISE_BEZIER_KNOTS.);
#2378 = CARTESIAN_POINT('',(-4.67529296875,-8.95237109375));
#2379 = CARTESIAN_POINT('',(-4.9658203125,-9.268533203125));
#2380 = CARTESIAN_POINT('',(-5.72509765625,-9.268533203125));
#2381 = ( GEOMETRIC_REPRESENTATION_CONTEXT(2) 
PARAMETRIC_REPRESENTATION_CONTEXT() REPRESENTATION_CONTEXT('2D SPACE',''
  ) );
#2382 = PCURVE('',#2383,#2390);
#2383 = SURFACE_OF_LINEAR_EXTRUSION('',#2384,#2388);
#2384 = B_SPLINE_CURVE_WITH_KNOTS('',2,(#2385,#2386,#2387),
  .UNSPECIFIED.,.F.,.F.,(3,3),(0.,1.),.PIECEWISE_BEZIER_KNOTS.);
#2385 = CARTESIAN_POINT('',(-4.67529296875,-8.95237109375,2.));
#2386 = CARTESIAN_POINT('',(-4.9658203125,-9.268533203125,2.));
#2387 = CARTESIAN_POINT('',(-5.72509765625,-9.268533203125,2.));
#2388 = VECTOR('',#2389,1.);
#2389 = DIRECTION('',(-0.,-0.,-1.));
#2390 = DEFINITIONAL_REPRESENTATION('',(#2391),#2395);
#2391 = LINE('',#2392,#2393);
#2392 = CARTESIAN_POINT('',(0.,0.));
#2393 = VECTOR('',#2394,1.);
#2394 = DIRECTION('',(1.,0.));
#2395 = ( GEOMETRIC_REPRESENTATION_CONTEXT(2) 
PARAMETRIC_REPRESENTATION_CONTEXT() REPRESENTATION_CONTEXT('2D SPACE',''
  ) );
#2396 = ORIENTED_EDGE('',*,*,#2397,.T.);
#2397 = EDGE_CURVE('',#2368,#2398,#2400,.T.);
#2398 = VERTEX_POINT('',#2399);
#2399 = CARTESIAN_POINT('',(-3.087114566851,-9.,2.));
#2400 = SURFACE_CURVE('',#2401,(#2405,#2411),.PCURVE_S1.);
#2401 = LINE('',#2402,#2403);
#2402 = CARTESIAN_POINT('',(4.5,-9.,2.));
#2403 = VECTOR('',#2404,1.);
#2404 = DIRECTION('',(1.,0.,-0.));
#2405 = PCURVE('',#100,#2406);
#2406 = DEFINITIONAL_REPRESENTATION('',(#2407),#2410);
#2407 = B_SPLINE_CURVE_WITH_KNOTS('',1,(#2408,#2409),.UNSPECIFIED.,.F.,
  .F.,(2,2),(-13.5,4.5),.PIECEWISE_BEZIER_KNOTS.);
#2408 = CARTESIAN_POINT('',(-9.,-9.));
#2409 = CARTESIAN_POINT('',(9.,-9.));
#2410 = ( GEOMETRIC_REPRESENTATION_CONTEXT(2) 
PARAMETRIC_REPRESENTATION_CONTEXT() REPRESENTATION_CONTEXT('2D SPACE',''
  ) );
#2411 = PCURVE('',#2150,#2412);
#2412 = DEFINITIONAL_REPRESENTATION('',(#2413),#2416);
#2413 = B_SPLINE_CURVE_WITH_KNOTS('',1,(#2414,#2415),.UNSPECIFIED.,.F.,
  .F.,(2,2),(-13.5,4.5),.PIECEWISE_BEZIER_KNOTS.);
#2414 = CARTESIAN_POINT('',(18.,-2.));
#2415 = CARTESIAN_POINT('',(0.,-2.));
#2416 = ( GEOMETRIC_REPRESENTATION_CONTEXT(2) 
PARAMETRIC_REPRESENTATION_CONTEXT() REPRESENTATION_CONTEXT('2D SPACE',''
  ) );
#2417 = ORIENTED_EDGE('',*,*,#2418,.T.);
#2418 = EDGE_CURVE('',#2398,#2419,#2421,.T.);
#2419 = VERTEX_POINT('',#2420);
#2420 = CARTESIAN_POINT('',(-3.0419921875,-8.643533203125,2.));
#2421 = SURFACE_CURVE('',#2422,(#2426,#2433),.PCURVE_S1.);
#2422 = LINE('',#2423,#2424);
#2423 = CARTESIAN_POINT('',(-3.0908203125,-9.029275390625,2.));
#2424 = VECTOR('',#2425,1.);
#2425 = DIRECTION('',(0.125580186416,0.992083472687,0.));
#2426 = PCURVE('',#100,#2427);
#2427 = DEFINITIONAL_REPRESENTATION('',(#2428),#2432);
#2428 = LINE('',#2429,#2430);
#2429 = CARTESIAN_POINT('',(-3.0908203125,-9.029275390625));
#2430 = VECTOR('',#2431,1.);
#2431 = DIRECTION('',(0.125580186416,0.992083472687));
#2432 = ( GEOMETRIC_REPRESENTATION_CONTEXT(2) 
PARAMETRIC_REPRESENTATION_CONTEXT() REPRESENTATION_CONTEXT('2D SPACE',''
  ) );
#2433 = PCURVE('',#2434,#2439);
#2434 = PLANE('',#2435);
#2435 = AXIS2_PLACEMENT_3D('',#2436,#2437,#2438);
#2436 = CARTESIAN_POINT('',(-3.0908203125,-9.029275390625,2.));
#2437 = DIRECTION('',(-0.992083472687,0.125580186416,0.));
#2438 = DIRECTION('',(0.125580186416,0.992083472687,0.));
#2439 = DEFINITIONAL_REPRESENTATION('',(#2440),#2444);
#2440 = LINE('',#2441,#2442);
#2441 = CARTESIAN_POINT('',(0.,0.));
#2442 = VECTOR('',#2443,1.);
#2443 = DIRECTION('',(1.,0.));
#2444 = ( GEOMETRIC_REPRESENTATION_CONTEXT(2) 
PARAMETRIC_REPRESENTATION_CONTEXT() REPRESENTATION_CONTEXT('2D SPACE',''
  ) );
#2445 = ORIENTED_EDGE('',*,*,#2446,.T.);
#2446 = EDGE_CURVE('',#2419,#2447,#2449,.T.);
#2447 = VERTEX_POINT('',#2448);
#2448 = CARTESIAN_POINT('',(-2.97119140625,-8.648416015625,2.));
#2449 = SURFACE_CURVE('',#2450,(#2454,#2461),.PCURVE_S1.);
#2450 = B_SPLINE_CURVE_WITH_KNOTS('',2,(#2451,#2452,#2453),
  .UNSPECIFIED.,.F.,.F.,(3,3),(0.,1.),.PIECEWISE_BEZIER_KNOTS.);
#2451 = CARTESIAN_POINT('',(-3.0419921875,-8.643533203125,2.));
#2452 = CARTESIAN_POINT('',(-2.998046875,-8.648416015625,2.));
#2453 = CARTESIAN_POINT('',(-2.97119140625,-8.648416015625,2.));
#2454 = PCURVE('',#100,#2455);
#2455 = DEFINITIONAL_REPRESENTATION('',(#2456),#2460);
#2456 = B_SPLINE_CURVE_WITH_KNOTS('',2,(#2457,#2458,#2459),
  .UNSPECIFIED.,.F.,.F.,(3,3),(0.,1.),.PIECEWISE_BEZIER_KNOTS.);
#2457 = CARTESIAN_POINT('',(-3.0419921875,-8.643533203125));
#2458 = CARTESIAN_POINT('',(-2.998046875,-8.648416015625));
#2459 = CARTESIAN_POINT('',(-2.97119140625,-8.648416015625));
#2460 = ( GEOMETRIC_REPRESENTATION_CONTEXT(2) 
PARAMETRIC_REPRESENTATION_CONTEXT() REPRESENTATION_CONTEXT('2D SPACE',''
  ) );
#2461 = PCURVE('',#2462,#2469);
#2462 = SURFACE_OF_LINEAR_EXTRUSION('',#2463,#2467);
#2463 = B_SPLINE_CURVE_WITH_KNOTS('',2,(#2464,#2465,#2466),
  .UNSPECIFIED.,.F.,.F.,(3,3),(0.,1.),.PIECEWISE_BEZIER_KNOTS.);
#2464 = CARTESIAN_POINT('',(-3.0419921875,-8.643533203125,2.));
#2465 = CARTESIAN_POINT('',(-2.998046875,-8.648416015625,2.));
#2466 = CARTESIAN_POINT('',(-2.97119140625,-8.648416015625,2.));
#2467 = VECTOR('',#2468,1.);
#2468 = DIRECTION('',(-0.,-0.,-1.));
#2469 = DEFINITIONAL_REPRESENTATION('',(#2470),#2474);
#2470 = LINE('',#2471,#2472);
#2471 = CARTESIAN_POINT('',(0.,0.));
#2472 = VECTOR('',#2473,1.);
#2473 = DIRECTION('',(1.,0.));
#2474 = ( GEOMETRIC_REPRESENTATION_CONTEXT(2) 
PARAMETRIC_REPRESENTATION_CONTEXT() REPRESENTATION_CONTEXT('2D SPACE',''
  ) );
#2475 = ORIENTED_EDGE('',*,*,#2476,.T.);
#2476 = EDGE_CURVE('',#2447,#2477,#2479,.T.);
#2477 = VERTEX_POINT('',#2478);
#2478 = CARTESIAN_POINT('',(-2.4658203125,-8.501931640625,2.));
#2479 = SURFACE_CURVE('',#2480,(#2484,#2491),.PCURVE_S1.);
#2480 = B_SPLINE_CURVE_WITH_KNOTS('',2,(#2481,#2482,#2483),
  .UNSPECIFIED.,.F.,.F.,(3,3),(0.,1.),.PIECEWISE_BEZIER_KNOTS.);
#2481 = CARTESIAN_POINT('',(-2.97119140625,-8.648416015625,2.));
#2482 = CARTESIAN_POINT('',(-2.6904296875,-8.648416015625,2.));
#2483 = CARTESIAN_POINT('',(-2.4658203125,-8.501931640625,2.));
#2484 = PCURVE('',#100,#2485);
#2485 = DEFINITIONAL_REPRESENTATION('',(#2486),#2490);
#2486 = B_SPLINE_CURVE_WITH_KNOTS('',2,(#2487,#2488,#2489),
  .UNSPECIFIED.,.F.,.F.,(3,3),(0.,1.),.PIECEWISE_BEZIER_KNOTS.);
#2487 = CARTESIAN_POINT('',(-2.97119140625,-8.648416015625));
#2488 = CARTESIAN_POINT('',(-2.6904296875,-8.648416015625));
#2489 = CARTESIAN_POINT('',(-2.4658203125,-8.501931640625));
#2490 = ( GEOMETRIC_REPRESENTATION_CONTEXT(2) 
PARAMETRIC_REPRESENTATION_CONTEXT() REPRESENTATION_CONTEXT('2D SPACE',''
  ) );
#2491 = PCURVE('',#2492,#2499);
#2492 = SURFACE_OF_LINEAR_EXTRUSION('',#2493,#2497);
#2493 = B_SPLINE_CURVE_WITH_KNOTS('',2,(#2494,#2495,#2496),
  .UNSPECIFIED.,.F.,.F.,(3,3),(0.,1.),.PIECEWISE_BEZIER_KNOTS.);
#2494 = CARTESIAN_POINT('',(-2.97119140625,-8.648416015625,2.));
#2495 = CARTESIAN_POINT('',(-2.6904296875,-8.648416015625,2.));
#2496 = CARTESIAN_POINT('',(-2.4658203125,-8.501931640625,2.));
#2497 = VECTOR('',#2498,1.);
#2498 = DIRECTION('',(-0.,-0.,-1.));
#2499 = DEFINITIONAL_REPRESENTATION('',(#2500),#2504);
#2500 = LINE('',#2501,#2502);
#2501 = CARTESIAN_POINT('',(0.,0.));
#2502 = VECTOR('',#2503,1.);
#2503 = DIRECTION('',(1.,0.));
#2504 = ( GEOMETRIC_REPRESENTATION_CONTEXT(2) 
PARAMETRIC_REPRESENTATION_CONTEXT() REPRESENTATION_CONTEXT('2D SPACE',''
  ) );
#2505 = ORIENTED_EDGE('',*,*,#2506,.T.);
#2506 = EDGE_CURVE('',#2477,#2507,#2509,.T.);
#2507 = VERTEX_POINT('',#2508);
#2508 = CARTESIAN_POINT('',(-2.2412109375,-8.050271484375,2.));
#2509 = SURFACE_CURVE('',#2510,(#2514,#2521),.PCURVE_S1.);
#2510 = B_SPLINE_CURVE_WITH_KNOTS('',2,(#2511,#2512,#2513),
  .UNSPECIFIED.,.F.,.F.,(3,3),(0.,1.),.PIECEWISE_BEZIER_KNOTS.);
#2511 = CARTESIAN_POINT('',(-2.4658203125,-8.501931640625,2.));
#2512 = CARTESIAN_POINT('',(-2.2412109375,-8.355447265625,2.));
#2513 = CARTESIAN_POINT('',(-2.2412109375,-8.050271484375,2.));
#2514 = PCURVE('',#100,#2515);
#2515 = DEFINITIONAL_REPRESENTATION('',(#2516),#2520);
#2516 = B_SPLINE_CURVE_WITH_KNOTS('',2,(#2517,#2518,#2519),
  .UNSPECIFIED.,.F.,.F.,(3,3),(0.,1.),.PIECEWISE_BEZIER_KNOTS.);
#2517 = CARTESIAN_POINT('',(-2.4658203125,-8.501931640625));
#2518 = CARTESIAN_POINT('',(-2.2412109375,-8.355447265625));
#2519 = CARTESIAN_POINT('',(-2.2412109375,-8.050271484375));
#2520 = ( GEOMETRIC_REPRESENTATION_CONTEXT(2) 
PARAMETRIC_REPRESENTATION_CONTEXT() REPRESENTATION_CONTEXT('2D SPACE',''
  ) );
#2521 = PCURVE('',#2522,#2529);
#2522 = SURFACE_OF_LINEAR_EXTRUSION('',#2523,#2527);
#2523 = B_SPLINE_CURVE_WITH_KNOTS('',2,(#2524,#2525,#2526),
  .UNSPECIFIED.,.F.,.F.,(3,3),(0.,1.),.PIECEWISE_BEZIER_KNOTS.);
#2524 = CARTESIAN_POINT('',(-2.4658203125,-8.501931640625,2.));
#2525 = CARTESIAN_POINT('',(-2.2412109375,-8.355447265625,2.));
#2526 = CARTESIAN_POINT('',(-2.2412109375,-8.050271484375,2.));
#2527 = VECTOR('',#2528,1.);
#2528 = DIRECTION('',(-0.,-0.,-1.));
#2529 = DEFINITIONAL_REPRESENTATION('',(#2530),#2534);
#2530 = LINE('',#2531,#2532);
#2531 = CARTESIAN_POINT('',(0.,0.));
#2532 = VECTOR('',#2533,1.);
#2533 = DIRECTION('',(1.,0.));
#2534 = ( GEOMETRIC_REPRESENTATION_CONTEXT(2) 
PARAMETRIC_REPRESENTATION_CONTEXT() REPRESENTATION_CONTEXT('2D SPACE',''
  ) );
#2535 = ORIENTED_EDGE('',*,*,#2536,.T.);
#2536 = EDGE_CURVE('',#2507,#2537,#2539,.T.);
#2537 = VERTEX_POINT('',#2538);
#2538 = CARTESIAN_POINT('',(-2.40478515625,-7.649880859375,2.));
#2539 = SURFACE_CURVE('',#2540,(#2544,#2551),.PCURVE_S1.);
#2540 = B_SPLINE_CURVE_WITH_KNOTS('',2,(#2541,#2542,#2543),
  .UNSPECIFIED.,.F.,.F.,(3,3),(0.,1.),.PIECEWISE_BEZIER_KNOTS.);
#2541 = CARTESIAN_POINT('',(-2.2412109375,-8.050271484375,2.));
#2542 = CARTESIAN_POINT('',(-2.2412109375,-7.808572265625,2.));
#2543 = CARTESIAN_POINT('',(-2.40478515625,-7.649880859375,2.));
#2544 = PCURVE('',#100,#2545);
#2545 = DEFINITIONAL_REPRESENTATION('',(#2546),#2550);
#2546 = B_SPLINE_CURVE_WITH_KNOTS('',2,(#2547,#2548,#2549),
  .UNSPECIFIED.,.F.,.F.,(3,3),(0.,1.),.PIECEWISE_BEZIER_KNOTS.);
#2547 = CARTESIAN_POINT('',(-2.2412109375,-8.050271484375));
#2548 = CARTESIAN_POINT('',(-2.2412109375,-7.808572265625));
#2549 = CARTESIAN_POINT('',(-2.40478515625,-7.649880859375));
#2550 = ( GEOMETRIC_REPRESENTATION_CONTEXT(2) 
PARAMETRIC_REPRESENTATION_CONTEXT() REPRESENTATION_CONTEXT('2D SPACE',''
  ) );
#2551 = PCURVE('',#2552,#2559);
#2552 = SURFACE_OF_LINEAR_EXTRUSION('',#2553,#2557);
#2553 = B_SPLINE_CURVE_WITH_KNOTS('',2,(#2554,#2555,#2556),
  .UNSPECIFIED.,.F.,.F.,(3,3),(0.,1.),.PIECEWISE_BEZIER_KNOTS.);
#2554 = CARTESIAN_POINT('',(-2.2412109375,-8.050271484375,2.));
#2555 = CARTESIAN_POINT('',(-2.2412109375,-7.808572265625,2.));
#2556 = CARTESIAN_POINT('',(-2.40478515625,-7.649880859375,2.));
#2557 = VECTOR('',#2558,1.);
#2558 = DIRECTION('',(-0.,-0.,-1.));
#2559 = DEFINITIONAL_REPRESENTATION('',(#2560),#2564);
#2560 = LINE('',#2561,#2562);
#2561 = CARTESIAN_POINT('',(0.,0.));
#2562 = VECTOR('',#2563,1.);
#2563 = DIRECTION('',(1.,0.));
#2564 = ( GEOMETRIC_REPRESENTATION_CONTEXT(2) 
PARAMETRIC_REPRESENTATION_CONTEXT() REPRESENTATION_CONTEXT('2D SPACE',''
  ) );
#2565 = ORIENTED_EDGE('',*,*,#2566,.T.);
#2566 = EDGE_CURVE('',#2537,#2567,#2569,.T.);
#2567 = VERTEX_POINT('',#2568);
#2568 = CARTESIAN_POINT('',(-2.8271484375,-7.491189453125,2.));
#2569 = SURFACE_CURVE('',#2570,(#2574,#2581),.PCURVE_S1.);
#2570 = B_SPLINE_CURVE_WITH_KNOTS('',2,(#2571,#2572,#2573),
  .UNSPECIFIED.,.F.,.F.,(3,3),(0.,1.),.PIECEWISE_BEZIER_KNOTS.);
#2571 = CARTESIAN_POINT('',(-2.40478515625,-7.649880859375,2.));
#2572 = CARTESIAN_POINT('',(-2.568359375,-7.491189453125,2.));
#2573 = CARTESIAN_POINT('',(-2.8271484375,-7.491189453125,2.));
#2574 = PCURVE('',#100,#2575);
#2575 = DEFINITIONAL_REPRESENTATION('',(#2576),#2580);
#2576 = B_SPLINE_CURVE_WITH_KNOTS('',2,(#2577,#2578,#2579),
  .UNSPECIFIED.,.F.,.F.,(3,3),(0.,1.),.PIECEWISE_BEZIER_KNOTS.);
#2577 = CARTESIAN_POINT('',(-2.40478515625,-7.649880859375));
#2578 = CARTESIAN_POINT('',(-2.568359375,-7.491189453125));
#2579 = CARTESIAN_POINT('',(-2.8271484375,-7.491189453125));
#2580 = ( GEOMETRIC_REPRESENTATION_CONTEXT(2) 
PARAMETRIC_REPRESENTATION_CONTEXT() REPRESENTATION_CONTEXT('2D SPACE',''
  ) );
#2581 = PCURVE('',#2582,#2589);
#2582 = SURFACE_OF_LINEAR_EXTRUSION('',#2583,#2587);
#2583 = B_SPLINE_CURVE_WITH_KNOTS('',2,(#2584,#2585,#2586),
  .UNSPECIFIED.,.F.,.F.,(3,3),(0.,1.),.PIECEWISE_BEZIER_KNOTS.);
#2584 = CARTESIAN_POINT('',(-2.40478515625,-7.649880859375,2.));
#2585 = CARTESIAN_POINT('',(-2.568359375,-7.491189453125,2.));
#2586 = CARTESIAN_POINT('',(-2.8271484375,-7.491189453125,2.));
#2587 = VECTOR('',#2588,1.);
#2588 = DIRECTION('',(-0.,-0.,-1.));
#2589 = DEFINITIONAL_REPRESENTATION('',(#2590),#2594);
#2590 = LINE('',#2591,#2592);
#2591 = CARTESIAN_POINT('',(0.,0.));
#2592 = VECTOR('',#2593,1.);
#2593 = DIRECTION('',(1.,0.));
#2594 = ( GEOMETRIC_REPRESENTATION_CONTEXT(2) 
PARAMETRIC_REPRESENTATION_CONTEXT() REPRESENTATION_CONTEXT('2D SPACE',''
  ) );
#2595 = ORIENTED_EDGE('',*,*,#2596,.T.);
#2596 = EDGE_CURVE('',#2567,#2597,#2599,.T.);
#2597 = VERTEX_POINT('',#2598);
#2598 = CARTESIAN_POINT('',(-3.25439453125,-7.652322265625,2.));
#2599 = SURFACE_CURVE('',#2600,(#2604,#2611),.PCURVE_S1.);
#2600 = B_SPLINE_CURVE_WITH_KNOTS('',2,(#2601,#2602,#2603),
  .UNSPECIFIED.,.F.,.F.,(3,3),(0.,1.),.PIECEWISE_BEZIER_KNOTS.);
#2601 = CARTESIAN_POINT('',(-2.8271484375,-7.491189453125,2.));
#2602 = CARTESIAN_POINT('',(-3.08349609375,-7.491189453125,2.));
#2603 = CARTESIAN_POINT('',(-3.25439453125,-7.652322265625,2.));
#2604 = PCURVE('',#100,#2605);
#2605 = DEFINITIONAL_REPRESENTATION('',(#2606),#2610);
#2606 = B_SPLINE_CURVE_WITH_KNOTS('',2,(#2607,#2608,#2609),
  .UNSPECIFIED.,.F.,.F.,(3,3),(0.,1.),.PIECEWISE_BEZIER_KNOTS.);
#2607 = CARTESIAN_POINT('',(-2.8271484375,-7.491189453125));
#2608 = CARTESIAN_POINT('',(-3.08349609375,-7.491189453125));
#2609 = CARTESIAN_POINT('',(-3.25439453125,-7.652322265625));
#2610 = ( GEOMETRIC_REPRESENTATION_CONTEXT(2) 
PARAMETRIC_REPRESENTATION_CONTEXT() REPRESENTATION_CONTEXT('2D SPACE',''
  ) );
#2611 = PCURVE('',#2612,#2619);
#2612 = SURFACE_OF_LINEAR_EXTRUSION('',#2613,#2617);
#2613 = B_SPLINE_CURVE_WITH_KNOTS('',2,(#2614,#2615,#2616),
  .UNSPECIFIED.,.F.,.F.,(3,3),(0.,1.),.PIECEWISE_BEZIER_KNOTS.);
#2614 = CARTESIAN_POINT('',(-2.8271484375,-7.491189453125,2.));
#2615 = CARTESIAN_POINT('',(-3.08349609375,-7.491189453125,2.));
#2616 = CARTESIAN_POINT('',(-3.25439453125,-7.652322265625,2.));
#2617 = VECTOR('',#2618,1.);
#2618 = DIRECTION('',(-0.,-0.,-1.));
#2619 = DEFINITIONAL_REPRESENTATION('',(#2620),#2624);
#2620 = LINE('',#2621,#2622);
#2621 = CARTESIAN_POINT('',(0.,0.));
#2622 = VECTOR('',#2623,1.);
#2623 = DIRECTION('',(1.,0.));
#2624 = ( GEOMETRIC_REPRESENTATION_CONTEXT(2) 
PARAMETRIC_REPRESENTATION_CONTEXT() REPRESENTATION_CONTEXT('2D SPACE',''
  ) );
#2625 = ORIENTED_EDGE('',*,*,#2626,.T.);
#2626 = EDGE_CURVE('',#2597,#2627,#2629,.T.);
#2627 = VERTEX_POINT('',#2628);
#2628 = CARTESIAN_POINT('',(-3.47412109375,-8.135720703125,2.));
#2629 = SURFACE_CURVE('',#2630,(#2634,#2641),.PCURVE_S1.);
#2630 = B_SPLINE_CURVE_WITH_KNOTS('',2,(#2631,#2632,#2633),
  .UNSPECIFIED.,.F.,.F.,(3,3),(0.,1.),.PIECEWISE_BEZIER_KNOTS.);
#2631 = CARTESIAN_POINT('',(-3.25439453125,-7.652322265625,2.));
#2632 = CARTESIAN_POINT('',(-3.42529296875,-7.813455078125,2.));
#2633 = CARTESIAN_POINT('',(-3.47412109375,-8.135720703125,2.));
#2634 = PCURVE('',#100,#2635);
#2635 = DEFINITIONAL_REPRESENTATION('',(#2636),#2640);
#2636 = B_SPLINE_CURVE_WITH_KNOTS('',2,(#2637,#2638,#2639),
  .UNSPECIFIED.,.F.,.F.,(3,3),(0.,1.),.PIECEWISE_BEZIER_KNOTS.);
#2637 = CARTESIAN_POINT('',(-3.25439453125,-7.652322265625));
#2638 = CARTESIAN_POINT('',(-3.42529296875,-7.813455078125));
#2639 = CARTESIAN_POINT('',(-3.47412109375,-8.135720703125));
#2640 = ( GEOMETRIC_REPRESENTATION_CONTEXT(2) 
PARAMETRIC_REPRESENTATION_CONTEXT() REPRESENTATION_CONTEXT('2D SPACE',''
  ) );
#2641 = PCURVE('',#2642,#2649);
#2642 = SURFACE_OF_LINEAR_EXTRUSION('',#2643,#2647);
#2643 = B_SPLINE_CURVE_WITH_KNOTS('',2,(#2644,#2645,#2646),
  .UNSPECIFIED.,.F.,.F.,(3,3),(0.,1.),.PIECEWISE_BEZIER_KNOTS.);
#2644 = CARTESIAN_POINT('',(-3.25439453125,-7.652322265625,2.));
#2645 = CARTESIAN_POINT('',(-3.42529296875,-7.813455078125,2.));
#2646 = CARTESIAN_POINT('',(-3.47412109375,-8.135720703125,2.));
#2647 = VECTOR('',#2648,1.);
#2648 = DIRECTION('',(-0.,-0.,-1.));
#2649 = DEFINITIONAL_REPRESENTATION('',(#2650),#2654);
#2650 = LINE('',#2651,#2652);
#2651 = CARTESIAN_POINT('',(0.,0.));
#2652 = VECTOR('',#2653,1.);
#2653 = DIRECTION('',(1.,0.));
#2654 = ( GEOMETRIC_REPRESENTATION_CONTEXT(2) 
PARAMETRIC_REPRESENTATION_CONTEXT() REPRESENTATION_CONTEXT('2D SPACE',''
  ) );
#2655 = ORIENTED_EDGE('',*,*,#2656,.T.);
#2656 = EDGE_CURVE('',#2627,#2657,#2659,.T.);
#2657 = VERTEX_POINT('',#2658);
#2658 = CARTESIAN_POINT('',(-3.91357421875,-8.057595703125,2.));
#2659 = SURFACE_CURVE('',#2660,(#2664,#2671),.PCURVE_S1.);
#2660 = LINE('',#2661,#2662);
#2661 = CARTESIAN_POINT('',(-3.47412109375,-8.135720703125,2.));
#2662 = VECTOR('',#2663,1.);
#2663 = DIRECTION('',(-0.984562507786,0.175033334717,0.));
#2664 = PCURVE('',#100,#2665);
#2665 = DEFINITIONAL_REPRESENTATION('',(#2666),#2670);
#2666 = LINE('',#2667,#2668);
#2667 = CARTESIAN_POINT('',(-3.47412109375,-8.135720703125));
#2668 = VECTOR('',#2669,1.);
#2669 = DIRECTION('',(-0.984562507786,0.175033334717));
#2670 = ( GEOMETRIC_REPRESENTATION_CONTEXT(2) 
PARAMETRIC_REPRESENTATION_CONTEXT() REPRESENTATION_CONTEXT('2D SPACE',''
  ) );
#2671 = PCURVE('',#2672,#2677);
#2672 = PLANE('',#2673);
#2673 = AXIS2_PLACEMENT_3D('',#2674,#2675,#2676);
#2674 = CARTESIAN_POINT('',(-3.47412109375,-8.135720703125,2.));
#2675 = DIRECTION('',(-0.175033334717,-0.984562507786,0.));
#2676 = DIRECTION('',(-0.984562507786,0.175033334717,0.));
#2677 = DEFINITIONAL_REPRESENTATION('',(#2678),#2682);
#2678 = LINE('',#2679,#2680);
#2679 = CARTESIAN_POINT('',(0.,0.));
#2680 = VECTOR('',#2681,1.);
#2681 = DIRECTION('',(1.,0.));
#2682 = ( GEOMETRIC_REPRESENTATION_CONTEXT(2) 
PARAMETRIC_REPRESENTATION_CONTEXT() REPRESENTATION_CONTEXT('2D SPACE',''
  ) );
#2683 = ORIENTED_EDGE('',*,*,#2684,.T.);
#2684 = EDGE_CURVE('',#2657,#2685,#2687,.T.);
#2685 = VERTEX_POINT('',#2686);
#2686 = CARTESIAN_POINT('',(-3.54736328125,-7.37278125,2.));
#2687 = SURFACE_CURVE('',#2688,(#2692,#2699),.PCURVE_S1.);
#2688 = B_SPLINE_CURVE_WITH_KNOTS('',2,(#2689,#2690,#2691),
  .UNSPECIFIED.,.F.,.F.,(3,3),(0.,1.),.PIECEWISE_BEZIER_KNOTS.);
#2689 = CARTESIAN_POINT('',(-3.91357421875,-8.057595703125,2.));
#2690 = CARTESIAN_POINT('',(-3.8330078125,-7.615701171875,2.));
#2691 = CARTESIAN_POINT('',(-3.54736328125,-7.37278125,2.));
#2692 = PCURVE('',#100,#2693);
#2693 = DEFINITIONAL_REPRESENTATION('',(#2694),#2698);
#2694 = B_SPLINE_CURVE_WITH_KNOTS('',2,(#2695,#2696,#2697),
  .UNSPECIFIED.,.F.,.F.,(3,3),(0.,1.),.PIECEWISE_BEZIER_KNOTS.);
#2695 = CARTESIAN_POINT('',(-3.91357421875,-8.057595703125));
#2696 = CARTESIAN_POINT('',(-3.8330078125,-7.615701171875));
#2697 = CARTESIAN_POINT('',(-3.54736328125,-7.37278125));
#2698 = ( GEOMETRIC_REPRESENTATION_CONTEXT(2) 
PARAMETRIC_REPRESENTATION_CONTEXT() REPRESENTATION_CONTEXT('2D SPACE',''
  ) );
#2699 = PCURVE('',#2700,#2707);
#2700 = SURFACE_OF_LINEAR_EXTRUSION('',#2701,#2705);
#2701 = B_SPLINE_CURVE_WITH_KNOTS('',2,(#2702,#2703,#2704),
  .UNSPECIFIED.,.F.,.F.,(3,3),(0.,1.),.PIECEWISE_BEZIER_KNOTS.);
#2702 = CARTESIAN_POINT('',(-3.91357421875,-8.057595703125,2.));
#2703 = CARTESIAN_POINT('',(-3.8330078125,-7.615701171875,2.));
#2704 = CARTESIAN_POINT('',(-3.54736328125,-7.37278125,2.));
#2705 = VECTOR('',#2706,1.);
#2706 = DIRECTION('',(-0.,-0.,-1.));
#2707 = DEFINITIONAL_REPRESENTATION('',(#2708),#2712);
#2708 = LINE('',#2709,#2710);
#2709 = CARTESIAN_POINT('',(0.,0.));
#2710 = VECTOR('',#2711,1.);
#2711 = DIRECTION('',(1.,0.));
#2712 = ( GEOMETRIC_REPRESENTATION_CONTEXT(2) 
PARAMETRIC_REPRESENTATION_CONTEXT() REPRESENTATION_CONTEXT('2D SPACE',''
  ) );
#2713 = ORIENTED_EDGE('',*,*,#2714,.T.);
#2714 = EDGE_CURVE('',#2685,#2715,#2717,.T.);
#2715 = VERTEX_POINT('',#2716);
#2716 = CARTESIAN_POINT('',(-2.8369140625,-7.129861328125,2.));
#2717 = SURFACE_CURVE('',#2718,(#2722,#2729),.PCURVE_S1.);
#2718 = B_SPLINE_CURVE_WITH_KNOTS('',2,(#2719,#2720,#2721),
  .UNSPECIFIED.,.F.,.F.,(3,3),(0.,1.),.PIECEWISE_BEZIER_KNOTS.);
#2719 = CARTESIAN_POINT('',(-3.54736328125,-7.37278125,2.));
#2720 = CARTESIAN_POINT('',(-3.26171875,-7.129861328125,2.));
#2721 = CARTESIAN_POINT('',(-2.8369140625,-7.129861328125,2.));
#2722 = PCURVE('',#100,#2723);
#2723 = DEFINITIONAL_REPRESENTATION('',(#2724),#2728);
#2724 = B_SPLINE_CURVE_WITH_KNOTS('',2,(#2725,#2726,#2727),
  .UNSPECIFIED.,.F.,.F.,(3,3),(0.,1.),.PIECEWISE_BEZIER_KNOTS.);
#2725 = CARTESIAN_POINT('',(-3.54736328125,-7.37278125));
#2726 = CARTESIAN_POINT('',(-3.26171875,-7.129861328125));
#2727 = CARTESIAN_POINT('',(-2.8369140625,-7.129861328125));
#2728 = ( GEOMETRIC_REPRESENTATION_CONTEXT(2) 
PARAMETRIC_REPRESENTATION_CONTEXT() REPRESENTATION_CONTEXT('2D SPACE',''
  ) );
#2729 = PCURVE('',#2730,#2737);
#2730 = SURFACE_OF_LINEAR_EXTRUSION('',#2731,#2735);
#2731 = B_SPLINE_CURVE_WITH_KNOTS('',2,(#2732,#2733,#2734),
  .UNSPECIFIED.,.F.,.F.,(3,3),(0.,1.),.PIECEWISE_BEZIER_KNOTS.);
#2732 = CARTESIAN_POINT('',(-3.54736328125,-7.37278125,2.));
#2733 = CARTESIAN_POINT('',(-3.26171875,-7.129861328125,2.));
#2734 = CARTESIAN_POINT('',(-2.8369140625,-7.129861328125,2.));
#2735 = VECTOR('',#2736,1.);
#2736 = DIRECTION('',(-0.,-0.,-1.));
#2737 = DEFINITIONAL_REPRESENTATION('',(#2738),#2742);
#2738 = LINE('',#2739,#2740);
#2739 = CARTESIAN_POINT('',(0.,0.));
#2740 = VECTOR('',#2741,1.);
#2741 = DIRECTION('',(1.,0.));
#2742 = ( GEOMETRIC_REPRESENTATION_CONTEXT(2) 
PARAMETRIC_REPRESENTATION_CONTEXT() REPRESENTATION_CONTEXT('2D SPACE',''
  ) );
#2743 = ORIENTED_EDGE('',*,*,#2744,.T.);
#2744 = EDGE_CURVE('',#2715,#2745,#2747,.T.);
#2745 = VERTEX_POINT('',#2746);
#2746 = CARTESIAN_POINT('',(-2.29736328125,-7.25559375,2.));
#2747 = SURFACE_CURVE('',#2748,(#2752,#2759),.PCURVE_S1.);
#2748 = B_SPLINE_CURVE_WITH_KNOTS('',2,(#2749,#2750,#2751),
  .UNSPECIFIED.,.F.,.F.,(3,3),(0.,1.),.PIECEWISE_BEZIER_KNOTS.);
#2749 = CARTESIAN_POINT('',(-2.8369140625,-7.129861328125,2.));
#2750 = CARTESIAN_POINT('',(-2.5439453125,-7.129861328125,2.));
#2751 = CARTESIAN_POINT('',(-2.29736328125,-7.25559375,2.));
#2752 = PCURVE('',#100,#2753);
#2753 = DEFINITIONAL_REPRESENTATION('',(#2754),#2758);
#2754 = B_SPLINE_CURVE_WITH_KNOTS('',2,(#2755,#2756,#2757),
  .UNSPECIFIED.,.F.,.F.,(3,3),(0.,1.),.PIECEWISE_BEZIER_KNOTS.);
#2755 = CARTESIAN_POINT('',(-2.8369140625,-7.129861328125));
#2756 = CARTESIAN_POINT('',(-2.5439453125,-7.129861328125));
#2757 = CARTESIAN_POINT('',(-2.29736328125,-7.25559375));
#2758 = ( GEOMETRIC_REPRESENTATION_CONTEXT(2) 
PARAMETRIC_REPRESENTATION_CONTEXT() REPRESENTATION_CONTEXT('2D SPACE',''
  ) );
#2759 = PCURVE('',#2760,#2767);
#2760 = SURFACE_OF_LINEAR_EXTRUSION('',#2761,#2765);
#2761 = B_SPLINE_CURVE_WITH_KNOTS('',2,(#2762,#2763,#2764),
  .UNSPECIFIED.,.F.,.F.,(3,3),(0.,1.),.PIECEWISE_BEZIER_KNOTS.);
#2762 = CARTESIAN_POINT('',(-2.8369140625,-7.129861328125,2.));
#2763 = CARTESIAN_POINT('',(-2.5439453125,-7.129861328125,2.));
#2764 = CARTESIAN_POINT('',(-2.29736328125,-7.25559375,2.));
#2765 = VECTOR('',#2766,1.);
#2766 = DIRECTION('',(-0.,-0.,-1.));
#2767 = DEFINITIONAL_REPRESENTATION('',(#2768),#2772);
#2768 = LINE('',#2769,#2770);
#2769 = CARTESIAN_POINT('',(0.,0.));
#2770 = VECTOR('',#2771,1.);
#2771 = DIRECTION('',(1.,0.));
#2772 = ( GEOMETRIC_REPRESENTATION_CONTEXT(2) 
PARAMETRIC_REPRESENTATION_CONTEXT() REPRESENTATION_CONTEXT('2D SPACE',''
  ) );
#2773 = ORIENTED_EDGE('',*,*,#2774,.T.);
#2774 = EDGE_CURVE('',#2745,#2775,#2777,.T.);
#2775 = VERTEX_POINT('',#2776);
#2776 = CARTESIAN_POINT('',(-1.920166015625,-7.598611328125,2.));
#2777 = SURFACE_CURVE('',#2778,(#2782,#2789),.PCURVE_S1.);
#2778 = B_SPLINE_CURVE_WITH_KNOTS('',2,(#2779,#2780,#2781),
  .UNSPECIFIED.,.F.,.F.,(3,3),(0.,1.),.PIECEWISE_BEZIER_KNOTS.);
#2779 = CARTESIAN_POINT('',(-2.29736328125,-7.25559375,2.));
#2780 = CARTESIAN_POINT('',(-2.05078125,-7.381326171875,2.));
#2781 = CARTESIAN_POINT('',(-1.920166015625,-7.598611328125,2.));
#2782 = PCURVE('',#100,#2783);
#2783 = DEFINITIONAL_REPRESENTATION('',(#2784),#2788);
#2784 = B_SPLINE_CURVE_WITH_KNOTS('',2,(#2785,#2786,#2787),
  .UNSPECIFIED.,.F.,.F.,(3,3),(0.,1.),.PIECEWISE_BEZIER_KNOTS.);
#2785 = CARTESIAN_POINT('',(-2.29736328125,-7.25559375));
#2786 = CARTESIAN_POINT('',(-2.05078125,-7.381326171875));
#2787 = CARTESIAN_POINT('',(-1.920166015625,-7.598611328125));
#2788 = ( GEOMETRIC_REPRESENTATION_CONTEXT(2) 
PARAMETRIC_REPRESENTATION_CONTEXT() REPRESENTATION_CONTEXT('2D SPACE',''
  ) );
#2789 = PCURVE('',#2790,#2797);
#2790 = SURFACE_OF_LINEAR_EXTRUSION('',#2791,#2795);
#2791 = B_SPLINE_CURVE_WITH_KNOTS('',2,(#2792,#2793,#2794),
  .UNSPECIFIED.,.F.,.F.,(3,3),(0.,1.),.PIECEWISE_BEZIER_KNOTS.);
#2792 = CARTESIAN_POINT('',(-2.29736328125,-7.25559375,2.));
#2793 = CARTESIAN_POINT('',(-2.05078125,-7.381326171875,2.));
#2794 = CARTESIAN_POINT('',(-1.920166015625,-7.598611328125,2.));
#2795 = VECTOR('',#2796,1.);
#2796 = DIRECTION('',(-0.,-0.,-1.));
#2797 = DEFINITIONAL_REPRESENTATION('',(#2798),#2802);
#2798 = LINE('',#2799,#2800);
#2799 = CARTESIAN_POINT('',(0.,0.));
#2800 = VECTOR('',#2801,1.);
#2801 = DIRECTION('',(1.,0.));
#2802 = ( GEOMETRIC_REPRESENTATION_CONTEXT(2) 
PARAMETRIC_REPRESENTATION_CONTEXT() REPRESENTATION_CONTEXT('2D SPACE',''
  ) );
#2803 = ORIENTED_EDGE('',*,*,#2804,.T.);
#2804 = EDGE_CURVE('',#2775,#2805,#2807,.T.);
#2805 = VERTEX_POINT('',#2806);
#2806 = CARTESIAN_POINT('',(-1.78955078125,-8.060037109375,2.));
#2807 = SURFACE_CURVE('',#2808,(#2812,#2819),.PCURVE_S1.);
#2808 = B_SPLINE_CURVE_WITH_KNOTS('',2,(#2809,#2810,#2811),
  .UNSPECIFIED.,.F.,.F.,(3,3),(0.,1.),.PIECEWISE_BEZIER_KNOTS.);
#2809 = CARTESIAN_POINT('',(-1.920166015625,-7.598611328125,2.));
#2810 = CARTESIAN_POINT('',(-1.78955078125,-7.815896484375,2.));
#2811 = CARTESIAN_POINT('',(-1.78955078125,-8.060037109375,2.));
#2812 = PCURVE('',#100,#2813);
#2813 = DEFINITIONAL_REPRESENTATION('',(#2814),#2818);
#2814 = B_SPLINE_CURVE_WITH_KNOTS('',2,(#2815,#2816,#2817),
  .UNSPECIFIED.,.F.,.F.,(3,3),(0.,1.),.PIECEWISE_BEZIER_KNOTS.);
#2815 = CARTESIAN_POINT('',(-1.920166015625,-7.598611328125));
#2816 = CARTESIAN_POINT('',(-1.78955078125,-7.815896484375));
#2817 = CARTESIAN_POINT('',(-1.78955078125,-8.060037109375));
#2818 = ( GEOMETRIC_REPRESENTATION_CONTEXT(2) 
PARAMETRIC_REPRESENTATION_CONTEXT() REPRESENTATION_CONTEXT('2D SPACE',''
  ) );
#2819 = PCURVE('',#2820,#2827);
#2820 = SURFACE_OF_LINEAR_EXTRUSION('',#2821,#2825);
#2821 = B_SPLINE_CURVE_WITH_KNOTS('',2,(#2822,#2823,#2824),
  .UNSPECIFIED.,.F.,.F.,(3,3),(0.,1.),.PIECEWISE_BEZIER_KNOTS.);
#2822 = CARTESIAN_POINT('',(-1.920166015625,-7.598611328125,2.));
#2823 = CARTESIAN_POINT('',(-1.78955078125,-7.815896484375,2.));
#2824 = CARTESIAN_POINT('',(-1.78955078125,-8.060037109375,2.));
#2825 = VECTOR('',#2826,1.);
#2826 = DIRECTION('',(-0.,-0.,-1.));
#2827 = DEFINITIONAL_REPRESENTATION('',(#2828),#2832);
#2828 = LINE('',#2829,#2830);
#2829 = CARTESIAN_POINT('',(0.,0.));
#2830 = VECTOR('',#2831,1.);
#2831 = DIRECTION('',(1.,0.));
#2832 = ( GEOMETRIC_REPRESENTATION_CONTEXT(2) 
PARAMETRIC_REPRESENTATION_CONTEXT() REPRESENTATION_CONTEXT('2D SPACE',''
  ) );
#2833 = ORIENTED_EDGE('',*,*,#2834,.T.);
#2834 = EDGE_CURVE('',#2805,#2835,#2837,.T.);
#2835 = VERTEX_POINT('',#2836);
#2836 = CARTESIAN_POINT('',(-1.9140625,-8.482400390625,2.));
#2837 = SURFACE_CURVE('',#2838,(#2842,#2849),.PCURVE_S1.);
#2838 = B_SPLINE_CURVE_WITH_KNOTS('',2,(#2839,#2840,#2841),
  .UNSPECIFIED.,.F.,.F.,(3,3),(0.,1.),.PIECEWISE_BEZIER_KNOTS.);
#2839 = CARTESIAN_POINT('',(-1.78955078125,-8.060037109375,2.));
#2840 = CARTESIAN_POINT('',(-1.78955078125,-8.291970703125,2.));
#2841 = CARTESIAN_POINT('',(-1.9140625,-8.482400390625,2.));
#2842 = PCURVE('',#100,#2843);
#2843 = DEFINITIONAL_REPRESENTATION('',(#2844),#2848);
#2844 = B_SPLINE_CURVE_WITH_KNOTS('',2,(#2845,#2846,#2847),
  .UNSPECIFIED.,.F.,.F.,(3,3),(0.,1.),.PIECEWISE_BEZIER_KNOTS.);
#2845 = CARTESIAN_POINT('',(-1.78955078125,-8.060037109375));
#2846 = CARTESIAN_POINT('',(-1.78955078125,-8.291970703125));
#2847 = CARTESIAN_POINT('',(-1.9140625,-8.482400390625));
#2848 = ( GEOMETRIC_REPRESENTATION_CONTEXT(2) 
PARAMETRIC_REPRESENTATION_CONTEXT() REPRESENTATION_CONTEXT('2D SPACE',''
  ) );
#2849 = PCURVE('',#2850,#2857);
#2850 = SURFACE_OF_LINEAR_EXTRUSION('',#2851,#2855);
#2851 = B_SPLINE_CURVE_WITH_KNOTS('',2,(#2852,#2853,#2854),
  .UNSPECIFIED.,.F.,.F.,(3,3),(0.,1.),.PIECEWISE_BEZIER_KNOTS.);
#2852 = CARTESIAN_POINT('',(-1.78955078125,-8.060037109375,2.));
#2853 = CARTESIAN_POINT('',(-1.78955078125,-8.291970703125,2.));
#2854 = CARTESIAN_POINT('',(-1.9140625,-8.482400390625,2.));
#2855 = VECTOR('',#2856,1.);
#2856 = DIRECTION('',(-0.,-0.,-1.));
#2857 = DEFINITIONAL_REPRESENTATION('',(#2858),#2862);
#2858 = LINE('',#2859,#2860);
#2859 = CARTESIAN_POINT('',(0.,0.));
#2860 = VECTOR('',#2861,1.);
#2861 = DIRECTION('',(1.,0.));
#2862 = ( GEOMETRIC_REPRESENTATION_CONTEXT(2) 
PARAMETRIC_REPRESENTATION_CONTEXT() REPRESENTATION_CONTEXT('2D SPACE',''
  ) );
#2863 = ORIENTED_EDGE('',*,*,#2864,.T.);
#2864 = EDGE_CURVE('',#2835,#2865,#2867,.T.);
#2865 = VERTEX_POINT('',#2866);
#2866 = CARTESIAN_POINT('',(-2.28271484375,-8.785134765625,2.));
#2867 = SURFACE_CURVE('',#2868,(#2872,#2879),.PCURVE_S1.);
#2868 = B_SPLINE_CURVE_WITH_KNOTS('',2,(#2869,#2870,#2871),
  .UNSPECIFIED.,.F.,.F.,(3,3),(0.,1.),.PIECEWISE_BEZIER_KNOTS.);
#2869 = CARTESIAN_POINT('',(-1.9140625,-8.482400390625,2.));
#2870 = CARTESIAN_POINT('',(-2.03857421875,-8.672830078125,2.));
#2871 = CARTESIAN_POINT('',(-2.28271484375,-8.785134765625,2.));
#2872 = PCURVE('',#100,#2873);
#2873 = DEFINITIONAL_REPRESENTATION('',(#2874),#2878);
#2874 = B_SPLINE_CURVE_WITH_KNOTS('',2,(#2875,#2876,#2877),
  .UNSPECIFIED.,.F.,.F.,(3,3),(0.,1.),.PIECEWISE_BEZIER_KNOTS.);
#2875 = CARTESIAN_POINT('',(-1.9140625,-8.482400390625));
#2876 = CARTESIAN_POINT('',(-2.03857421875,-8.672830078125));
#2877 = CARTESIAN_POINT('',(-2.28271484375,-8.785134765625));
#2878 = ( GEOMETRIC_REPRESENTATION_CONTEXT(2) 
PARAMETRIC_REPRESENTATION_CONTEXT() REPRESENTATION_CONTEXT('2D SPACE',''
  ) );
#2879 = PCURVE('',#2880,#2887);
#2880 = SURFACE_OF_LINEAR_EXTRUSION('',#2881,#2885);
#2881 = B_SPLINE_CURVE_WITH_KNOTS('',2,(#2882,#2883,#2884),
  .UNSPECIFIED.,.F.,.F.,(3,3),(0.,1.),.PIECEWISE_BEZIER_KNOTS.);
#2882 = CARTESIAN_POINT('',(-1.9140625,-8.482400390625,2.));
#2883 = CARTESIAN_POINT('',(-2.03857421875,-8.672830078125,2.));
#2884 = CARTESIAN_POINT('',(-2.28271484375,-8.785134765625,2.));
#2885 = VECTOR('',#2886,1.);
#2886 = DIRECTION('',(-0.,-0.,-1.));
#2887 = DEFINITIONAL_REPRESENTATION('',(#2888),#2892);
#2888 = LINE('',#2889,#2890);
#2889 = CARTESIAN_POINT('',(0.,0.));
#2890 = VECTOR('',#2891,1.);
#2891 = DIRECTION('',(1.,0.));
#2892 = ( GEOMETRIC_REPRESENTATION_CONTEXT(2) 
PARAMETRIC_REPRESENTATION_CONTEXT() REPRESENTATION_CONTEXT('2D SPACE',''
  ) );
#2893 = ORIENTED_EDGE('',*,*,#2894,.T.);
#2894 = EDGE_CURVE('',#2865,#2895,#2897,.T.);
#2895 = VERTEX_POINT('',#2896);
#2896 = CARTESIAN_POINT('',(-1.868725419418,-9.,2.));
#2897 = SURFACE_CURVE('',#2898,(#2902,#2909),.PCURVE_S1.);
#2898 = B_SPLINE_CURVE_WITH_KNOTS('',2,(#2899,#2900,#2901),
  .UNSPECIFIED.,.F.,.F.,(3,3),(0.,1.),.PIECEWISE_BEZIER_KNOTS.);
#2899 = CARTESIAN_POINT('',(-2.28271484375,-8.785134765625,2.));
#2900 = CARTESIAN_POINT('',(-1.96533203125,-8.858376953125,2.));
#2901 = CARTESIAN_POINT('',(-1.78955078125,-9.08908984375,2.));
#2902 = PCURVE('',#100,#2903);
#2903 = DEFINITIONAL_REPRESENTATION('',(#2904),#2908);
#2904 = B_SPLINE_CURVE_WITH_KNOTS('',2,(#2905,#2906,#2907),
  .UNSPECIFIED.,.F.,.F.,(3,3),(0.,1.),.PIECEWISE_BEZIER_KNOTS.);
#2905 = CARTESIAN_POINT('',(-2.28271484375,-8.785134765625));
#2906 = CARTESIAN_POINT('',(-1.96533203125,-8.858376953125));
#2907 = CARTESIAN_POINT('',(-1.78955078125,-9.08908984375));
#2908 = ( GEOMETRIC_REPRESENTATION_CONTEXT(2) 
PARAMETRIC_REPRESENTATION_CONTEXT() REPRESENTATION_CONTEXT('2D SPACE',''
  ) );
#2909 = PCURVE('',#2910,#2917);
#2910 = SURFACE_OF_LINEAR_EXTRUSION('',#2911,#2915);
#2911 = B_SPLINE_CURVE_WITH_KNOTS('',2,(#2912,#2913,#2914),
  .UNSPECIFIED.,.F.,.F.,(3,3),(0.,1.),.PIECEWISE_BEZIER_KNOTS.);
#2912 = CARTESIAN_POINT('',(-2.28271484375,-8.785134765625,2.));
#2913 = CARTESIAN_POINT('',(-1.96533203125,-8.858376953125,2.));
#2914 = CARTESIAN_POINT('',(-1.78955078125,-9.08908984375,2.));
#2915 = VECTOR('',#2916,1.);
#2916 = DIRECTION('',(-0.,-0.,-1.));
#2917 = DEFINITIONAL_REPRESENTATION('',(#2918),#2922);
#2918 = LINE('',#2919,#2920);
#2919 = CARTESIAN_POINT('',(0.,0.));
#2920 = VECTOR('',#2921,1.);
#2921 = DIRECTION('',(1.,0.));
#2922 = ( GEOMETRIC_REPRESENTATION_CONTEXT(2) 
PARAMETRIC_REPRESENTATION_CONTEXT() REPRESENTATION_CONTEXT('2D SPACE',''
  ) );
#2923 = ORIENTED_EDGE('',*,*,#2924,.T.);
#2924 = EDGE_CURVE('',#2895,#2925,#2927,.T.);
#2925 = VERTEX_POINT('',#2926);
#2926 = CARTESIAN_POINT('',(0.139285074001,-9.,2.));
#2927 = SURFACE_CURVE('',#2928,(#2932,#2938),.PCURVE_S1.);
#2928 = LINE('',#2929,#2930);
#2929 = CARTESIAN_POINT('',(4.5,-9.,2.));
#2930 = VECTOR('',#2931,1.);
#2931 = DIRECTION('',(1.,0.,-0.));
#2932 = PCURVE('',#100,#2933);
#2933 = DEFINITIONAL_REPRESENTATION('',(#2934),#2937);
#2934 = B_SPLINE_CURVE_WITH_KNOTS('',1,(#2935,#2936),.UNSPECIFIED.,.F.,
  .F.,(2,2),(-13.5,4.5),.PIECEWISE_BEZIER_KNOTS.);
#2935 = CARTESIAN_POINT('',(-9.,-9.));
#2936 = CARTESIAN_POINT('',(9.,-9.));
#2937 = ( GEOMETRIC_REPRESENTATION_CONTEXT(2) 
PARAMETRIC_REPRESENTATION_CONTEXT() REPRESENTATION_CONTEXT('2D SPACE',''
  ) );
#2938 = PCURVE('',#2150,#2939);
#2939 = DEFINITIONAL_REPRESENTATION('',(#2940),#2943);
#2940 = B_SPLINE_CURVE_WITH_KNOTS('',1,(#2941,#2942),.UNSPECIFIED.,.F.,
  .F.,(2,2),(-13.5,4.5),.PIECEWISE_BEZIER_KNOTS.);
#2941 = CARTESIAN_POINT('',(18.,-2.));
#2942 = CARTESIAN_POINT('',(0.,-2.));
#2943 = ( GEOMETRIC_REPRESENTATION_CONTEXT(2) 
PARAMETRIC_REPRESENTATION_CONTEXT() REPRESENTATION_CONTEXT('2D SPACE',''
  ) );
#2944 = ORIENTED_EDGE('',*,*,#2945,.T.);
#2945 = EDGE_CURVE('',#2925,#2946,#2948,.T.);
#2946 = VERTEX_POINT('',#2947);
#2947 = CARTESIAN_POINT('',(0.46875,-8.6423125,2.));
#2948 = SURFACE_CURVE('',#2949,(#2953,#2960),.PCURVE_S1.);
#2949 = B_SPLINE_CURVE_WITH_KNOTS('',2,(#2950,#2951,#2952),
  .UNSPECIFIED.,.F.,.F.,(3,3),(0.,1.),.PIECEWISE_BEZIER_KNOTS.);
#2950 = CARTESIAN_POINT('',(-0.31982421875,-9.400369140625,2.));
#2951 = CARTESIAN_POINT('',(0.263671875,-8.921853515625,2.));
#2952 = CARTESIAN_POINT('',(0.46875,-8.6423125,2.));
#2953 = PCURVE('',#100,#2954);
#2954 = DEFINITIONAL_REPRESENTATION('',(#2955),#2959);
#2955 = B_SPLINE_CURVE_WITH_KNOTS('',2,(#2956,#2957,#2958),
  .UNSPECIFIED.,.F.,.F.,(3,3),(0.,1.),.PIECEWISE_BEZIER_KNOTS.);
#2956 = CARTESIAN_POINT('',(-0.31982421875,-9.400369140625));
#2957 = CARTESIAN_POINT('',(0.263671875,-8.921853515625));
#2958 = CARTESIAN_POINT('',(0.46875,-8.6423125));
#2959 = ( GEOMETRIC_REPRESENTATION_CONTEXT(2) 
PARAMETRIC_REPRESENTATION_CONTEXT() REPRESENTATION_CONTEXT('2D SPACE',''
  ) );
#2960 = PCURVE('',#2961,#2968);
#2961 = SURFACE_OF_LINEAR_EXTRUSION('',#2962,#2966);
#2962 = B_SPLINE_CURVE_WITH_KNOTS('',2,(#2963,#2964,#2965),
  .UNSPECIFIED.,.F.,.F.,(3,3),(0.,1.),.PIECEWISE_BEZIER_KNOTS.);
#2963 = CARTESIAN_POINT('',(-0.31982421875,-9.400369140625,2.));
#2964 = CARTESIAN_POINT('',(0.263671875,-8.921853515625,2.));
#2965 = CARTESIAN_POINT('',(0.46875,-8.6423125,2.));
#2966 = VECTOR('',#2967,1.);
#2967 = DIRECTION('',(-0.,-0.,-1.));
#2968 = DEFINITIONAL_REPRESENTATION('',(#2969),#2973);
#2969 = LINE('',#2970,#2971);
#2970 = CARTESIAN_POINT('',(0.,0.));
#2971 = VECTOR('',#2972,1.);
#2972 = DIRECTION('',(1.,0.));
#2973 = ( GEOMETRIC_REPRESENTATION_CONTEXT(2) 
PARAMETRIC_REPRESENTATION_CONTEXT() REPRESENTATION_CONTEXT('2D SPACE',''
  ) );
#2974 = ORIENTED_EDGE('',*,*,#2975,.T.);
#2975 = EDGE_CURVE('',#2946,#2976,#2978,.T.);
#2976 = VERTEX_POINT('',#2977);
#2977 = CARTESIAN_POINT('',(0.673828125,-8.113748046875,2.));
#2978 = SURFACE_CURVE('',#2979,(#2983,#2990),.PCURVE_S1.);
#2979 = B_SPLINE_CURVE_WITH_KNOTS('',2,(#2980,#2981,#2982),
  .UNSPECIFIED.,.F.,.F.,(3,3),(0.,1.),.PIECEWISE_BEZIER_KNOTS.);
#2980 = CARTESIAN_POINT('',(0.46875,-8.6423125,2.));
#2981 = CARTESIAN_POINT('',(0.673828125,-8.362771484375,2.));
#2982 = CARTESIAN_POINT('',(0.673828125,-8.113748046875,2.));
#2983 = PCURVE('',#100,#2984);
#2984 = DEFINITIONAL_REPRESENTATION('',(#2985),#2989);
#2985 = B_SPLINE_CURVE_WITH_KNOTS('',2,(#2986,#2987,#2988),
  .UNSPECIFIED.,.F.,.F.,(3,3),(0.,1.),.PIECEWISE_BEZIER_KNOTS.);
#2986 = CARTESIAN_POINT('',(0.46875,-8.6423125));
#2987 = CARTESIAN_POINT('',(0.673828125,-8.362771484375));
#2988 = CARTESIAN_POINT('',(0.673828125,-8.113748046875));
#2989 = ( GEOMETRIC_REPRESENTATION_CONTEXT(2) 
PARAMETRIC_REPRESENTATION_CONTEXT() REPRESENTATION_CONTEXT('2D SPACE',''
  ) );
#2990 = PCURVE('',#2991,#2998);
#2991 = SURFACE_OF_LINEAR_EXTRUSION('',#2992,#2996);
#2992 = B_SPLINE_CURVE_WITH_KNOTS('',2,(#2993,#2994,#2995),
  .UNSPECIFIED.,.F.,.F.,(3,3),(0.,1.),.PIECEWISE_BEZIER_KNOTS.);
#2993 = CARTESIAN_POINT('',(0.46875,-8.6423125,2.));
#2994 = CARTESIAN_POINT('',(0.673828125,-8.362771484375,2.));
#2995 = CARTESIAN_POINT('',(0.673828125,-8.113748046875,2.));
#2996 = VECTOR('',#2997,1.);
#2997 = DIRECTION('',(-0.,-0.,-1.));
#2998 = DEFINITIONAL_REPRESENTATION('',(#2999),#3003);
#2999 = LINE('',#3000,#3001);
#3000 = CARTESIAN_POINT('',(0.,0.));
#3001 = VECTOR('',#3002,1.);
#3002 = DIRECTION('',(1.,0.));
#3003 = ( GEOMETRIC_REPRESENTATION_CONTEXT(2) 
PARAMETRIC_REPRESENTATION_CONTEXT() REPRESENTATION_CONTEXT('2D SPACE',''
  ) );
#3004 = ORIENTED_EDGE('',*,*,#3005,.T.);
#3005 = EDGE_CURVE('',#2976,#3006,#3008,.T.);
#3006 = VERTEX_POINT('',#3007);
#3007 = CARTESIAN_POINT('',(0.487060546875,-7.67307421875,2.));
#3008 = SURFACE_CURVE('',#3009,(#3013,#3020),.PCURVE_S1.);
#3009 = B_SPLINE_CURVE_WITH_KNOTS('',2,(#3010,#3011,#3012),
  .UNSPECIFIED.,.F.,.F.,(3,3),(0.,1.),.PIECEWISE_BEZIER_KNOTS.);
#3010 = CARTESIAN_POINT('',(0.673828125,-8.113748046875,2.));
#3011 = CARTESIAN_POINT('',(0.673828125,-7.852517578125,2.));
#3012 = CARTESIAN_POINT('',(0.487060546875,-7.67307421875,2.));
#3013 = PCURVE('',#100,#3014);
#3014 = DEFINITIONAL_REPRESENTATION('',(#3015),#3019);
#3015 = B_SPLINE_CURVE_WITH_KNOTS('',2,(#3016,#3017,#3018),
  .UNSPECIFIED.,.F.,.F.,(3,3),(0.,1.),.PIECEWISE_BEZIER_KNOTS.);
#3016 = CARTESIAN_POINT('',(0.673828125,-8.113748046875));
#3017 = CARTESIAN_POINT('',(0.673828125,-7.852517578125));
#3018 = CARTESIAN_POINT('',(0.487060546875,-7.67307421875));
#3019 = ( GEOMETRIC_REPRESENTATION_CONTEXT(2) 
PARAMETRIC_REPRESENTATION_CONTEXT() REPRESENTATION_CONTEXT('2D SPACE',''
  ) );
#3020 = PCURVE('',#3021,#3028);
#3021 = SURFACE_OF_LINEAR_EXTRUSION('',#3022,#3026);
#3022 = B_SPLINE_CURVE_WITH_KNOTS('',2,(#3023,#3024,#3025),
  .UNSPECIFIED.,.F.,.F.,(3,3),(0.,1.),.PIECEWISE_BEZIER_KNOTS.);
#3023 = CARTESIAN_POINT('',(0.673828125,-8.113748046875,2.));
#3024 = CARTESIAN_POINT('',(0.673828125,-7.852517578125,2.));
#3025 = CARTESIAN_POINT('',(0.487060546875,-7.67307421875,2.));
#3026 = VECTOR('',#3027,1.);
#3027 = DIRECTION('',(-0.,-0.,-1.));
#3028 = DEFINITIONAL_REPRESENTATION('',(#3029),#3033);
#3029 = LINE('',#3030,#3031);
#3030 = CARTESIAN_POINT('',(0.,0.));
#3031 = VECTOR('',#3032,1.);
#3032 = DIRECTION('',(1.,0.));
#3033 = ( GEOMETRIC_REPRESENTATION_CONTEXT(2) 
PARAMETRIC_REPRESENTATION_CONTEXT() REPRESENTATION_CONTEXT('2D SPACE',''
  ) );
#3034 = ORIENTED_EDGE('',*,*,#3035,.T.);
#3035 = EDGE_CURVE('',#3006,#3036,#3038,.T.);
#3036 = VERTEX_POINT('',#3037);
#3037 = CARTESIAN_POINT('',(0.,-7.493630859375,2.));
#3038 = SURFACE_CURVE('',#3039,(#3043,#3050),.PCURVE_S1.);
#3039 = B_SPLINE_CURVE_WITH_KNOTS('',2,(#3040,#3041,#3042),
  .UNSPECIFIED.,.F.,.F.,(3,3),(0.,1.),.PIECEWISE_BEZIER_KNOTS.);
#3040 = CARTESIAN_POINT('',(0.487060546875,-7.67307421875,2.));
#3041 = CARTESIAN_POINT('',(0.30029296875,-7.493630859375,2.));
#3042 = CARTESIAN_POINT('',(0.,-7.493630859375,2.));
#3043 = PCURVE('',#100,#3044);
#3044 = DEFINITIONAL_REPRESENTATION('',(#3045),#3049);
#3045 = B_SPLINE_CURVE_WITH_KNOTS('',2,(#3046,#3047,#3048),
  .UNSPECIFIED.,.F.,.F.,(3,3),(0.,1.),.PIECEWISE_BEZIER_KNOTS.);
#3046 = CARTESIAN_POINT('',(0.487060546875,-7.67307421875));
#3047 = CARTESIAN_POINT('',(0.30029296875,-7.493630859375));
#3048 = CARTESIAN_POINT('',(6.260288420794E-16,-7.493630859375));
#3049 = ( GEOMETRIC_REPRESENTATION_CONTEXT(2) 
PARAMETRIC_REPRESENTATION_CONTEXT() REPRESENTATION_CONTEXT('2D SPACE',''
  ) );
#3050 = PCURVE('',#3051,#3058);
#3051 = SURFACE_OF_LINEAR_EXTRUSION('',#3052,#3056);
#3052 = B_SPLINE_CURVE_WITH_KNOTS('',2,(#3053,#3054,#3055),
  .UNSPECIFIED.,.F.,.F.,(3,3),(0.,1.),.PIECEWISE_BEZIER_KNOTS.);
#3053 = CARTESIAN_POINT('',(0.487060546875,-7.67307421875,2.));
#3054 = CARTESIAN_POINT('',(0.30029296875,-7.493630859375,2.));
#3055 = CARTESIAN_POINT('',(0.,-7.493630859375,2.));
#3056 = VECTOR('',#3057,1.);
#3057 = DIRECTION('',(-0.,-0.,-1.));
#3058 = DEFINITIONAL_REPRESENTATION('',(#3059),#3063);
#3059 = LINE('',#3060,#3061);
#3060 = CARTESIAN_POINT('',(0.,0.));
#3061 = VECTOR('',#3062,1.);
#3062 = DIRECTION('',(1.,0.));
#3063 = ( GEOMETRIC_REPRESENTATION_CONTEXT(2) 
PARAMETRIC_REPRESENTATION_CONTEXT() REPRESENTATION_CONTEXT('2D SPACE',''
  ) );
#3064 = ORIENTED_EDGE('',*,*,#3065,.T.);
#3065 = EDGE_CURVE('',#3036,#3066,#3068,.T.);
#3066 = VERTEX_POINT('',#3067);
#3067 = CARTESIAN_POINT('',(-0.5078125,-7.684060546875,2.));
#3068 = SURFACE_CURVE('',#3069,(#3073,#3080),.PCURVE_S1.);
#3069 = B_SPLINE_CURVE_WITH_KNOTS('',2,(#3070,#3071,#3072),
  .UNSPECIFIED.,.F.,.F.,(3,3),(0.,1.),.PIECEWISE_BEZIER_KNOTS.);
#3070 = CARTESIAN_POINT('',(0.,-7.493630859375,2.));
#3071 = CARTESIAN_POINT('',(-0.3173828125,-7.493630859375,2.));
#3072 = CARTESIAN_POINT('',(-0.5078125,-7.684060546875,2.));
#3073 = PCURVE('',#100,#3074);
#3074 = DEFINITIONAL_REPRESENTATION('',(#3075),#3079);
#3075 = B_SPLINE_CURVE_WITH_KNOTS('',2,(#3076,#3077,#3078),
  .UNSPECIFIED.,.F.,.F.,(3,3),(0.,1.),.PIECEWISE_BEZIER_KNOTS.);
#3076 = CARTESIAN_POINT('',(6.260288420794E-16,-7.493630859375));
#3077 = CARTESIAN_POINT('',(-0.3173828125,-7.493630859375));
#3078 = CARTESIAN_POINT('',(-0.5078125,-7.684060546875));
#3079 = ( GEOMETRIC_REPRESENTATION_CONTEXT(2) 
PARAMETRIC_REPRESENTATION_CONTEXT() REPRESENTATION_CONTEXT('2D SPACE',''
  ) );
#3080 = PCURVE('',#3081,#3088);
#3081 = SURFACE_OF_LINEAR_EXTRUSION('',#3082,#3086);
#3082 = B_SPLINE_CURVE_WITH_KNOTS('',2,(#3083,#3084,#3085),
  .UNSPECIFIED.,.F.,.F.,(3,3),(0.,1.),.PIECEWISE_BEZIER_KNOTS.);
#3083 = CARTESIAN_POINT('',(0.,-7.493630859375,2.));
#3084 = CARTESIAN_POINT('',(-0.3173828125,-7.493630859375,2.));
#3085 = CARTESIAN_POINT('',(-0.5078125,-7.684060546875,2.));
#3086 = VECTOR('',#3087,1.);
#3087 = DIRECTION('',(-0.,-0.,-1.));
#3088 = DEFINITIONAL_REPRESENTATION('',(#3089),#3093);
#3089 = LINE('',#3090,#3091);
#3090 = CARTESIAN_POINT('',(0.,0.));
#3091 = VECTOR('',#3092,1.);
#3092 = DIRECTION('',(1.,0.));
#3093 = ( GEOMETRIC_REPRESENTATION_CONTEXT(2) 
PARAMETRIC_REPRESENTATION_CONTEXT() REPRESENTATION_CONTEXT('2D SPACE',''
  ) );
#3094 = ORIENTED_EDGE('',*,*,#3095,.T.);
#3095 = EDGE_CURVE('',#3066,#3096,#3098,.T.);
#3096 = VERTEX_POINT('',#3097);
#3097 = CARTESIAN_POINT('',(-0.70068359375,-8.211404296875,2.));
#3098 = SURFACE_CURVE('',#3099,(#3103,#3110),.PCURVE_S1.);
#3099 = B_SPLINE_CURVE_WITH_KNOTS('',2,(#3100,#3101,#3102),
  .UNSPECIFIED.,.F.,.F.,(3,3),(0.,1.),.PIECEWISE_BEZIER_KNOTS.);
#3100 = CARTESIAN_POINT('',(-0.5078125,-7.684060546875,2.));
#3101 = CARTESIAN_POINT('',(-0.6982421875,-7.874490234375,2.));
#3102 = CARTESIAN_POINT('',(-0.70068359375,-8.211404296875,2.));
#3103 = PCURVE('',#100,#3104);
#3104 = DEFINITIONAL_REPRESENTATION('',(#3105),#3109);
#3105 = B_SPLINE_CURVE_WITH_KNOTS('',2,(#3106,#3107,#3108),
  .UNSPECIFIED.,.F.,.F.,(3,3),(0.,1.),.PIECEWISE_BEZIER_KNOTS.);
#3106 = CARTESIAN_POINT('',(-0.5078125,-7.684060546875));
#3107 = CARTESIAN_POINT('',(-0.6982421875,-7.874490234375));
#3108 = CARTESIAN_POINT('',(-0.70068359375,-8.211404296875));
#3109 = ( GEOMETRIC_REPRESENTATION_CONTEXT(2) 
PARAMETRIC_REPRESENTATION_CONTEXT() REPRESENTATION_CONTEXT('2D SPACE',''
  ) );
#3110 = PCURVE('',#3111,#3118);
#3111 = SURFACE_OF_LINEAR_EXTRUSION('',#3112,#3116);
#3112 = B_SPLINE_CURVE_WITH_KNOTS('',2,(#3113,#3114,#3115),
  .UNSPECIFIED.,.F.,.F.,(3,3),(0.,1.),.PIECEWISE_BEZIER_KNOTS.);
#3113 = CARTESIAN_POINT('',(-0.5078125,-7.684060546875,2.));
#3114 = CARTESIAN_POINT('',(-0.6982421875,-7.874490234375,2.));
#3115 = CARTESIAN_POINT('',(-0.70068359375,-8.211404296875,2.));
#3116 = VECTOR('',#3117,1.);
#3117 = DIRECTION('',(-0.,-0.,-1.));
#3118 = DEFINITIONAL_REPRESENTATION('',(#3119),#3123);
#3119 = LINE('',#3120,#3121);
#3120 = CARTESIAN_POINT('',(0.,0.));
#3121 = VECTOR('',#3122,1.);
#3122 = DIRECTION('',(1.,0.));
#3123 = ( GEOMETRIC_REPRESENTATION_CONTEXT(2) 
PARAMETRIC_REPRESENTATION_CONTEXT() REPRESENTATION_CONTEXT('2D SPACE',''
  ) );
#3124 = ORIENTED_EDGE('',*,*,#3125,.T.);
#3125 = EDGE_CURVE('',#3096,#3126,#3128,.T.);
#3126 = VERTEX_POINT('',#3127);
#3127 = CARTESIAN_POINT('',(-1.15234375,-8.165017578125,2.));
#3128 = SURFACE_CURVE('',#3129,(#3133,#3140),.PCURVE_S1.);
#3129 = LINE('',#3130,#3131);
#3130 = CARTESIAN_POINT('',(-0.70068359375,-8.211404296875,2.));
#3131 = VECTOR('',#3132,1.);
#3132 = DIRECTION('',(-0.994767435445,0.102165304181,0.));
#3133 = PCURVE('',#100,#3134);
#3134 = DEFINITIONAL_REPRESENTATION('',(#3135),#3139);
#3135 = LINE('',#3136,#3137);
#3136 = CARTESIAN_POINT('',(-0.70068359375,-8.211404296875));
#3137 = VECTOR('',#3138,1.);
#3138 = DIRECTION('',(-0.994767435445,0.102165304181));
#3139 = ( GEOMETRIC_REPRESENTATION_CONTEXT(2) 
PARAMETRIC_REPRESENTATION_CONTEXT() REPRESENTATION_CONTEXT('2D SPACE',''
  ) );
#3140 = PCURVE('',#3141,#3146);
#3141 = PLANE('',#3142);
#3142 = AXIS2_PLACEMENT_3D('',#3143,#3144,#3145);
#3143 = CARTESIAN_POINT('',(-0.70068359375,-8.211404296875,2.));
#3144 = DIRECTION('',(-0.102165304181,-0.994767435445,0.));
#3145 = DIRECTION('',(-0.994767435445,0.102165304181,0.));
#3146 = DEFINITIONAL_REPRESENTATION('',(#3147),#3151);
#3147 = LINE('',#3148,#3149);
#3148 = CARTESIAN_POINT('',(0.,0.));
#3149 = VECTOR('',#3150,1.);
#3150 = DIRECTION('',(1.,0.));
#3151 = ( GEOMETRIC_REPRESENTATION_CONTEXT(2) 
PARAMETRIC_REPRESENTATION_CONTEXT() REPRESENTATION_CONTEXT('2D SPACE',''
  ) );
#3152 = ORIENTED_EDGE('',*,*,#3153,.T.);
#3153 = EDGE_CURVE('',#3126,#3154,#3156,.T.);
#3154 = VERTEX_POINT('',#3155);
#3155 = CARTESIAN_POINT('',(-0.80322265625,-7.39475390625,2.));
#3156 = SURFACE_CURVE('',#3157,(#3161,#3168),.PCURVE_S1.);
#3157 = B_SPLINE_CURVE_WITH_KNOTS('',2,(#3158,#3159,#3160),
  .UNSPECIFIED.,.F.,.F.,(3,3),(0.,1.),.PIECEWISE_BEZIER_KNOTS.);
#3158 = CARTESIAN_POINT('',(-1.15234375,-8.165017578125,2.));
#3159 = CARTESIAN_POINT('',(-1.10595703125,-7.659646484375,2.));
#3160 = CARTESIAN_POINT('',(-0.80322265625,-7.39475390625,2.));
#3161 = PCURVE('',#100,#3162);
#3162 = DEFINITIONAL_REPRESENTATION('',(#3163),#3167);
#3163 = B_SPLINE_CURVE_WITH_KNOTS('',2,(#3164,#3165,#3166),
  .UNSPECIFIED.,.F.,.F.,(3,3),(0.,1.),.PIECEWISE_BEZIER_KNOTS.);
#3164 = CARTESIAN_POINT('',(-1.15234375,-8.165017578125));
#3165 = CARTESIAN_POINT('',(-1.10595703125,-7.659646484375));
#3166 = CARTESIAN_POINT('',(-0.80322265625,-7.39475390625));
#3167 = ( GEOMETRIC_REPRESENTATION_CONTEXT(2) 
PARAMETRIC_REPRESENTATION_CONTEXT() REPRESENTATION_CONTEXT('2D SPACE',''
  ) );
#3168 = PCURVE('',#3169,#3176);
#3169 = SURFACE_OF_LINEAR_EXTRUSION('',#3170,#3174);
#3170 = B_SPLINE_CURVE_WITH_KNOTS('',2,(#3171,#3172,#3173),
  .UNSPECIFIED.,.F.,.F.,(3,3),(0.,1.),.PIECEWISE_BEZIER_KNOTS.);
#3171 = CARTESIAN_POINT('',(-1.15234375,-8.165017578125,2.));
#3172 = CARTESIAN_POINT('',(-1.10595703125,-7.659646484375,2.));
#3173 = CARTESIAN_POINT('',(-0.80322265625,-7.39475390625,2.));
#3174 = VECTOR('',#3175,1.);
#3175 = DIRECTION('',(-0.,-0.,-1.));
#3176 = DEFINITIONAL_REPRESENTATION('',(#3177),#3181);
#3177 = LINE('',#3178,#3179);
#3178 = CARTESIAN_POINT('',(0.,0.));
#3179 = VECTOR('',#3180,1.);
#3180 = DIRECTION('',(1.,0.));
#3181 = ( GEOMETRIC_REPRESENTATION_CONTEXT(2) 
PARAMETRIC_REPRESENTATION_CONTEXT() REPRESENTATION_CONTEXT('2D SPACE',''
  ) );
#3182 = ORIENTED_EDGE('',*,*,#3183,.T.);
#3183 = EDGE_CURVE('',#3154,#3184,#3186,.T.);
#3184 = VERTEX_POINT('',#3185);
#3185 = CARTESIAN_POINT('',(9.765625E-03,-7.129861328125,2.));
#3186 = SURFACE_CURVE('',#3187,(#3191,#3198),.PCURVE_S1.);
#3187 = B_SPLINE_CURVE_WITH_KNOTS('',2,(#3188,#3189,#3190),
  .UNSPECIFIED.,.F.,.F.,(3,3),(0.,1.),.PIECEWISE_BEZIER_KNOTS.);
#3188 = CARTESIAN_POINT('',(-0.80322265625,-7.39475390625,2.));
#3189 = CARTESIAN_POINT('',(-0.50048828125,-7.129861328125,2.));
#3190 = CARTESIAN_POINT('',(9.765625E-03,-7.129861328125,2.));
#3191 = PCURVE('',#100,#3192);
#3192 = DEFINITIONAL_REPRESENTATION('',(#3193),#3197);
#3193 = B_SPLINE_CURVE_WITH_KNOTS('',2,(#3194,#3195,#3196),
  .UNSPECIFIED.,.F.,.F.,(3,3),(0.,1.),.PIECEWISE_BEZIER_KNOTS.);
#3194 = CARTESIAN_POINT('',(-0.80322265625,-7.39475390625));
#3195 = CARTESIAN_POINT('',(-0.50048828125,-7.129861328125));
#3196 = CARTESIAN_POINT('',(9.765625000001E-03,-7.129861328125));
#3197 = ( GEOMETRIC_REPRESENTATION_CONTEXT(2) 
PARAMETRIC_REPRESENTATION_CONTEXT() REPRESENTATION_CONTEXT('2D SPACE',''
  ) );
#3198 = PCURVE('',#3199,#3206);
#3199 = SURFACE_OF_LINEAR_EXTRUSION('',#3200,#3204);
#3200 = B_SPLINE_CURVE_WITH_KNOTS('',2,(#3201,#3202,#3203),
  .UNSPECIFIED.,.F.,.F.,(3,3),(0.,1.),.PIECEWISE_BEZIER_KNOTS.);
#3201 = CARTESIAN_POINT('',(-0.80322265625,-7.39475390625,2.));
#3202 = CARTESIAN_POINT('',(-0.50048828125,-7.129861328125,2.));
#3203 = CARTESIAN_POINT('',(9.765625E-03,-7.129861328125,2.));
#3204 = VECTOR('',#3205,1.);
#3205 = DIRECTION('',(-0.,-0.,-1.));
#3206 = DEFINITIONAL_REPRESENTATION('',(#3207),#3211);
#3207 = LINE('',#3208,#3209);
#3208 = CARTESIAN_POINT('',(0.,0.));
#3209 = VECTOR('',#3210,1.);
#3210 = DIRECTION('',(1.,0.));
#3211 = ( GEOMETRIC_REPRESENTATION_CONTEXT(2) 
PARAMETRIC_REPRESENTATION_CONTEXT() REPRESENTATION_CONTEXT('2D SPACE',''
  ) );
#3212 = ORIENTED_EDGE('',*,*,#3213,.T.);
#3213 = EDGE_CURVE('',#3184,#3214,#3216,.T.);
#3214 = VERTEX_POINT('',#3215);
#3215 = CARTESIAN_POINT('',(0.8251953125,-7.415505859375,2.));
#3216 = SURFACE_CURVE('',#3217,(#3221,#3228),.PCURVE_S1.);
#3217 = B_SPLINE_CURVE_WITH_KNOTS('',2,(#3218,#3219,#3220),
  .UNSPECIFIED.,.F.,.F.,(3,3),(0.,1.),.PIECEWISE_BEZIER_KNOTS.);
#3218 = CARTESIAN_POINT('',(9.765625E-03,-7.129861328125,2.));
#3219 = CARTESIAN_POINT('',(0.52490234375,-7.129861328125,2.));
#3220 = CARTESIAN_POINT('',(0.8251953125,-7.415505859375,2.));
#3221 = PCURVE('',#100,#3222);
#3222 = DEFINITIONAL_REPRESENTATION('',(#3223),#3227);
#3223 = B_SPLINE_CURVE_WITH_KNOTS('',2,(#3224,#3225,#3226),
  .UNSPECIFIED.,.F.,.F.,(3,3),(0.,1.),.PIECEWISE_BEZIER_KNOTS.);
#3224 = CARTESIAN_POINT('',(9.765625000001E-03,-7.129861328125));
#3225 = CARTESIAN_POINT('',(0.52490234375,-7.129861328125));
#3226 = CARTESIAN_POINT('',(0.8251953125,-7.415505859375));
#3227 = ( GEOMETRIC_REPRESENTATION_CONTEXT(2) 
PARAMETRIC_REPRESENTATION_CONTEXT() REPRESENTATION_CONTEXT('2D SPACE',''
  ) );
#3228 = PCURVE('',#3229,#3236);
#3229 = SURFACE_OF_LINEAR_EXTRUSION('',#3230,#3234);
#3230 = B_SPLINE_CURVE_WITH_KNOTS('',2,(#3231,#3232,#3233),
  .UNSPECIFIED.,.F.,.F.,(3,3),(0.,1.),.PIECEWISE_BEZIER_KNOTS.);
#3231 = CARTESIAN_POINT('',(9.765625E-03,-7.129861328125,2.));
#3232 = CARTESIAN_POINT('',(0.52490234375,-7.129861328125,2.));
#3233 = CARTESIAN_POINT('',(0.8251953125,-7.415505859375,2.));
#3234 = VECTOR('',#3235,1.);
#3235 = DIRECTION('',(-0.,-0.,-1.));
#3236 = DEFINITIONAL_REPRESENTATION('',(#3237),#3241);
#3237 = LINE('',#3238,#3239);
#3238 = CARTESIAN_POINT('',(0.,0.));
#3239 = VECTOR('',#3240,1.);
#3240 = DIRECTION('',(1.,0.));
#3241 = ( GEOMETRIC_REPRESENTATION_CONTEXT(2) 
PARAMETRIC_REPRESENTATION_CONTEXT() REPRESENTATION_CONTEXT('2D SPACE',''
  ) );
#3242 = ORIENTED_EDGE('',*,*,#3243,.T.);
#3243 = EDGE_CURVE('',#3214,#3244,#3246,.T.);
#3244 = VERTEX_POINT('',#3245);
#3245 = CARTESIAN_POINT('',(1.12548828125,-8.123513671875,2.));
#3246 = SURFACE_CURVE('',#3247,(#3251,#3258),.PCURVE_S1.);
#3247 = B_SPLINE_CURVE_WITH_KNOTS('',2,(#3248,#3249,#3250),
  .UNSPECIFIED.,.F.,.F.,(3,3),(0.,1.),.PIECEWISE_BEZIER_KNOTS.);
#3248 = CARTESIAN_POINT('',(0.8251953125,-7.415505859375,2.));
#3249 = CARTESIAN_POINT('',(1.12548828125,-7.701150390625,2.));
#3250 = CARTESIAN_POINT('',(1.12548828125,-8.123513671875,2.));
#3251 = PCURVE('',#100,#3252);
#3252 = DEFINITIONAL_REPRESENTATION('',(#3253),#3257);
#3253 = B_SPLINE_CURVE_WITH_KNOTS('',2,(#3254,#3255,#3256),
  .UNSPECIFIED.,.F.,.F.,(3,3),(0.,1.),.PIECEWISE_BEZIER_KNOTS.);
#3254 = CARTESIAN_POINT('',(0.8251953125,-7.415505859375));
#3255 = CARTESIAN_POINT('',(1.12548828125,-7.701150390625));
#3256 = CARTESIAN_POINT('',(1.12548828125,-8.123513671875));
#3257 = ( GEOMETRIC_REPRESENTATION_CONTEXT(2) 
PARAMETRIC_REPRESENTATION_CONTEXT() REPRESENTATION_CONTEXT('2D SPACE',''
  ) );
#3258 = PCURVE('',#3259,#3266);
#3259 = SURFACE_OF_LINEAR_EXTRUSION('',#3260,#3264);
#3260 = B_SPLINE_CURVE_WITH_KNOTS('',2,(#3261,#3262,#3263),
  .UNSPECIFIED.,.F.,.F.,(3,3),(0.,1.),.PIECEWISE_BEZIER_KNOTS.);
#3261 = CARTESIAN_POINT('',(0.8251953125,-7.415505859375,2.));
#3262 = CARTESIAN_POINT('',(1.12548828125,-7.701150390625,2.));
#3263 = CARTESIAN_POINT('',(1.12548828125,-8.123513671875,2.));
#3264 = VECTOR('',#3265,1.);
#3265 = DIRECTION('',(-0.,-0.,-1.));
#3266 = DEFINITIONAL_REPRESENTATION('',(#3267),#3271);
#3267 = LINE('',#3268,#3269);
#3268 = CARTESIAN_POINT('',(0.,0.));
#3269 = VECTOR('',#3270,1.);
#3270 = DIRECTION('',(1.,0.));
#3271 = ( GEOMETRIC_REPRESENTATION_CONTEXT(2) 
PARAMETRIC_REPRESENTATION_CONTEXT() REPRESENTATION_CONTEXT('2D SPACE',''
  ) );
#3272 = ORIENTED_EDGE('',*,*,#3273,.T.);
#3273 = EDGE_CURVE('',#3244,#3274,#3276,.T.);
#3274 = VERTEX_POINT('',#3275);
#3275 = CARTESIAN_POINT('',(1.03759765625,-8.545876953125,2.));
#3276 = SURFACE_CURVE('',#3277,(#3281,#3288),.PCURVE_S1.);
#3277 = B_SPLINE_CURVE_WITH_KNOTS('',2,(#3278,#3279,#3280),
  .UNSPECIFIED.,.F.,.F.,(3,3),(0.,1.),.PIECEWISE_BEZIER_KNOTS.);
#3278 = CARTESIAN_POINT('',(1.12548828125,-8.123513671875,2.));
#3279 = CARTESIAN_POINT('',(1.12548828125,-8.338357421875,2.));
#3280 = CARTESIAN_POINT('',(1.03759765625,-8.545876953125,2.));
#3281 = PCURVE('',#100,#3282);
#3282 = DEFINITIONAL_REPRESENTATION('',(#3283),#3287);
#3283 = B_SPLINE_CURVE_WITH_KNOTS('',2,(#3284,#3285,#3286),
  .UNSPECIFIED.,.F.,.F.,(3,3),(0.,1.),.PIECEWISE_BEZIER_KNOTS.);
#3284 = CARTESIAN_POINT('',(1.12548828125,-8.123513671875));
#3285 = CARTESIAN_POINT('',(1.12548828125,-8.338357421875));
#3286 = CARTESIAN_POINT('',(1.03759765625,-8.545876953125));
#3287 = ( GEOMETRIC_REPRESENTATION_CONTEXT(2) 
PARAMETRIC_REPRESENTATION_CONTEXT() REPRESENTATION_CONTEXT('2D SPACE',''
  ) );
#3288 = PCURVE('',#3289,#3296);
#3289 = SURFACE_OF_LINEAR_EXTRUSION('',#3290,#3294);
#3290 = B_SPLINE_CURVE_WITH_KNOTS('',2,(#3291,#3292,#3293),
  .UNSPECIFIED.,.F.,.F.,(3,3),(0.,1.),.PIECEWISE_BEZIER_KNOTS.);
#3291 = CARTESIAN_POINT('',(1.12548828125,-8.123513671875,2.));
#3292 = CARTESIAN_POINT('',(1.12548828125,-8.338357421875,2.));
#3293 = CARTESIAN_POINT('',(1.03759765625,-8.545876953125,2.));
#3294 = VECTOR('',#3295,1.);
#3295 = DIRECTION('',(-0.,-0.,-1.));
#3296 = DEFINITIONAL_REPRESENTATION('',(#3297),#3301);
#3297 = LINE('',#3298,#3299);
#3298 = CARTESIAN_POINT('',(0.,0.));
#3299 = VECTOR('',#3300,1.);
#3300 = DIRECTION('',(1.,0.));
#3301 = ( GEOMETRIC_REPRESENTATION_CONTEXT(2) 
PARAMETRIC_REPRESENTATION_CONTEXT() REPRESENTATION_CONTEXT('2D SPACE',''
  ) );
#3302 = ORIENTED_EDGE('',*,*,#3303,.T.);
#3303 = EDGE_CURVE('',#3274,#3304,#3306,.T.);
#3304 = VERTEX_POINT('',#3305);
#3305 = CARTESIAN_POINT('',(0.745849609375,-8.982888671875,2.));
#3306 = SURFACE_CURVE('',#3307,(#3311,#3318),.PCURVE_S1.);
#3307 = B_SPLINE_CURVE_WITH_KNOTS('',2,(#3308,#3309,#3310),
  .UNSPECIFIED.,.F.,.F.,(3,3),(0.,1.),.PIECEWISE_BEZIER_KNOTS.);
#3308 = CARTESIAN_POINT('',(1.03759765625,-8.545876953125,2.));
#3309 = CARTESIAN_POINT('',(0.94970703125,-8.753396484375,2.));
#3310 = CARTESIAN_POINT('',(0.745849609375,-8.982888671875,2.));
#3311 = PCURVE('',#100,#3312);
#3312 = DEFINITIONAL_REPRESENTATION('',(#3313),#3317);
#3313 = B_SPLINE_CURVE_WITH_KNOTS('',2,(#3314,#3315,#3316),
  .UNSPECIFIED.,.F.,.F.,(3,3),(0.,1.),.PIECEWISE_BEZIER_KNOTS.);
#3314 = CARTESIAN_POINT('',(1.03759765625,-8.545876953125));
#3315 = CARTESIAN_POINT('',(0.94970703125,-8.753396484375));
#3316 = CARTESIAN_POINT('',(0.745849609375,-8.982888671875));
#3317 = ( GEOMETRIC_REPRESENTATION_CONTEXT(2) 
PARAMETRIC_REPRESENTATION_CONTEXT() REPRESENTATION_CONTEXT('2D SPACE',''
  ) );
#3318 = PCURVE('',#3319,#3326);
#3319 = SURFACE_OF_LINEAR_EXTRUSION('',#3320,#3324);
#3320 = B_SPLINE_CURVE_WITH_KNOTS('',2,(#3321,#3322,#3323),
  .UNSPECIFIED.,.F.,.F.,(3,3),(0.,1.),.PIECEWISE_BEZIER_KNOTS.);
#3321 = CARTESIAN_POINT('',(1.03759765625,-8.545876953125,2.));
#3322 = CARTESIAN_POINT('',(0.94970703125,-8.753396484375,2.));
#3323 = CARTESIAN_POINT('',(0.745849609375,-8.982888671875,2.));
#3324 = VECTOR('',#3325,1.);
#3325 = DIRECTION('',(-0.,-0.,-1.));
#3326 = DEFINITIONAL_REPRESENTATION('',(#3327),#3331);
#3327 = LINE('',#3328,#3329);
#3328 = CARTESIAN_POINT('',(0.,0.));
#3329 = VECTOR('',#3330,1.);
#3330 = DIRECTION('',(1.,0.));
#3331 = ( GEOMETRIC_REPRESENTATION_CONTEXT(2) 
PARAMETRIC_REPRESENTATION_CONTEXT() REPRESENTATION_CONTEXT('2D SPACE',''
  ) );
#3332 = ORIENTED_EDGE('',*,*,#3333,.T.);
#3333 = EDGE_CURVE('',#3304,#3334,#3336,.T.);
#3334 = VERTEX_POINT('',#3335);
#3335 = CARTESIAN_POINT('',(0.730490095403,-9.,2.));
#3336 = SURFACE_CURVE('',#3337,(#3341,#3348),.PCURVE_S1.);
#3337 = B_SPLINE_CURVE_WITH_KNOTS('',2,(#3338,#3339,#3340),
  .UNSPECIFIED.,.F.,.F.,(3,3),(0.,1.),.PIECEWISE_BEZIER_KNOTS.);
#3338 = CARTESIAN_POINT('',(0.745849609375,-8.982888671875,2.));
#3339 = CARTESIAN_POINT('',(0.5419921875,-9.212380859375,2.));
#3340 = CARTESIAN_POINT('',(6.8359375E-02,-9.612771484375,2.));
#3341 = PCURVE('',#100,#3342);
#3342 = DEFINITIONAL_REPRESENTATION('',(#3343),#3347);
#3343 = B_SPLINE_CURVE_WITH_KNOTS('',2,(#3344,#3345,#3346),
  .UNSPECIFIED.,.F.,.F.,(3,3),(0.,1.),.PIECEWISE_BEZIER_KNOTS.);
#3344 = CARTESIAN_POINT('',(0.745849609375,-8.982888671875));
#3345 = CARTESIAN_POINT('',(0.5419921875,-9.212380859375));
#3346 = CARTESIAN_POINT('',(6.8359375E-02,-9.612771484375));
#3347 = ( GEOMETRIC_REPRESENTATION_CONTEXT(2) 
PARAMETRIC_REPRESENTATION_CONTEXT() REPRESENTATION_CONTEXT('2D SPACE',''
  ) );
#3348 = PCURVE('',#3349,#3356);
#3349 = SURFACE_OF_LINEAR_EXTRUSION('',#3350,#3354);
#3350 = B_SPLINE_CURVE_WITH_KNOTS('',2,(#3351,#3352,#3353),
  .UNSPECIFIED.,.F.,.F.,(3,3),(0.,1.),.PIECEWISE_BEZIER_KNOTS.);
#3351 = CARTESIAN_POINT('',(0.745849609375,-8.982888671875,2.));
#3352 = CARTESIAN_POINT('',(0.5419921875,-9.212380859375,2.));
#3353 = CARTESIAN_POINT('',(6.8359375E-02,-9.612771484375,2.));
#3354 = VECTOR('',#3355,1.);
#3355 = DIRECTION('',(-0.,-0.,-1.));
#3356 = DEFINITIONAL_REPRESENTATION('',(#3357),#3361);
#3357 = LINE('',#3358,#3359);
#3358 = CARTESIAN_POINT('',(0.,0.));
#3359 = VECTOR('',#3360,1.);
#3360 = DIRECTION('',(1.,0.));
#3361 = ( GEOMETRIC_REPRESENTATION_CONTEXT(2) 
PARAMETRIC_REPRESENTATION_CONTEXT() REPRESENTATION_CONTEXT('2D SPACE',''
  ) );
#3362 = ORIENTED_EDGE('',*,*,#3363,.T.);
#3363 = EDGE_CURVE('',#3334,#3364,#3366,.T.);
#3364 = VERTEX_POINT('',#3365);
#3365 = CARTESIAN_POINT('',(3.336588691326,-9.,2.));
#3366 = SURFACE_CURVE('',#3367,(#3371,#3377),.PCURVE_S1.);
#3367 = LINE('',#3368,#3369);
#3368 = CARTESIAN_POINT('',(4.5,-9.,2.));
#3369 = VECTOR('',#3370,1.);
#3370 = DIRECTION('',(1.,0.,-0.));
#3371 = PCURVE('',#100,#3372);
#3372 = DEFINITIONAL_REPRESENTATION('',(#3373),#3376);
#3373 = B_SPLINE_CURVE_WITH_KNOTS('',1,(#3374,#3375),.UNSPECIFIED.,.F.,
  .F.,(2,2),(-13.5,4.5),.PIECEWISE_BEZIER_KNOTS.);
#3374 = CARTESIAN_POINT('',(-9.,-9.));
#3375 = CARTESIAN_POINT('',(9.,-9.));
#3376 = ( GEOMETRIC_REPRESENTATION_CONTEXT(2) 
PARAMETRIC_REPRESENTATION_CONTEXT() REPRESENTATION_CONTEXT('2D SPACE',''
  ) );
#3377 = PCURVE('',#2150,#3378);
#3378 = DEFINITIONAL_REPRESENTATION('',(#3379),#3382);
#3379 = B_SPLINE_CURVE_WITH_KNOTS('',1,(#3380,#3381),.UNSPECIFIED.,.F.,
  .F.,(2,2),(-13.5,4.5),.PIECEWISE_BEZIER_KNOTS.);
#3380 = CARTESIAN_POINT('',(18.,-2.));
#3381 = CARTESIAN_POINT('',(0.,-2.));
#3382 = ( GEOMETRIC_REPRESENTATION_CONTEXT(2) 
PARAMETRIC_REPRESENTATION_CONTEXT() REPRESENTATION_CONTEXT('2D SPACE',''
  ) );
#3383 = ORIENTED_EDGE('',*,*,#3384,.T.);
#3384 = EDGE_CURVE('',#3364,#3385,#3387,.T.);
#3385 = VERTEX_POINT('',#3386);
#3386 = CARTESIAN_POINT('',(2.84423828125,-7.144509765625,2.));
#3387 = SURFACE_CURVE('',#3388,(#3392,#3399),.PCURVE_S1.);
#3388 = LINE('',#3389,#3390);
#3389 = CARTESIAN_POINT('',(3.7939453125,-10.72361132812,2.));
#3390 = VECTOR('',#3391,1.);
#3391 = DIRECTION('',(-0.256472410456,0.966551552001,0.));
#3392 = PCURVE('',#100,#3393);
#3393 = DEFINITIONAL_REPRESENTATION('',(#3394),#3398);
#3394 = LINE('',#3395,#3396);
#3395 = CARTESIAN_POINT('',(3.7939453125,-10.72361132812));
#3396 = VECTOR('',#3397,1.);
#3397 = DIRECTION('',(-0.256472410456,0.966551552001));
#3398 = ( GEOMETRIC_REPRESENTATION_CONTEXT(2) 
PARAMETRIC_REPRESENTATION_CONTEXT() REPRESENTATION_CONTEXT('2D SPACE',''
  ) );
#3399 = PCURVE('',#3400,#3405);
#3400 = PLANE('',#3401);
#3401 = AXIS2_PLACEMENT_3D('',#3402,#3403,#3404);
#3402 = CARTESIAN_POINT('',(3.7939453125,-10.72361132812,2.));
#3403 = DIRECTION('',(-0.966551552001,-0.256472410456,0.));
#3404 = DIRECTION('',(-0.256472410456,0.966551552001,0.));
#3405 = DEFINITIONAL_REPRESENTATION('',(#3406),#3410);
#3406 = LINE('',#3407,#3408);
#3407 = CARTESIAN_POINT('',(0.,0.));
#3408 = VECTOR('',#3409,1.);
#3409 = DIRECTION('',(1.,0.));
#3410 = ( GEOMETRIC_REPRESENTATION_CONTEXT(2) 
PARAMETRIC_REPRESENTATION_CONTEXT() REPRESENTATION_CONTEXT('2D SPACE',''
  ) );
#3411 = ORIENTED_EDGE('',*,*,#3412,.T.);
#3412 = EDGE_CURVE('',#3385,#3413,#3415,.T.);
#3413 = VERTEX_POINT('',#3414);
#3414 = CARTESIAN_POINT('',(3.330078125,-7.144509765625,2.));
#3415 = SURFACE_CURVE('',#3416,(#3420,#3427),.PCURVE_S1.);
#3416 = LINE('',#3417,#3418);
#3417 = CARTESIAN_POINT('',(2.84423828125,-7.144509765625,2.));
#3418 = VECTOR('',#3419,1.);
#3419 = DIRECTION('',(1.,0.,0.));
#3420 = PCURVE('',#100,#3421);
#3421 = DEFINITIONAL_REPRESENTATION('',(#3422),#3426);
#3422 = LINE('',#3423,#3424);
#3423 = CARTESIAN_POINT('',(2.84423828125,-7.144509765625));
#3424 = VECTOR('',#3425,1.);
#3425 = DIRECTION('',(1.,0.));
#3426 = ( GEOMETRIC_REPRESENTATION_CONTEXT(2) 
PARAMETRIC_REPRESENTATION_CONTEXT() REPRESENTATION_CONTEXT('2D SPACE',''
  ) );
#3427 = PCURVE('',#3428,#3433);
#3428 = PLANE('',#3429);
#3429 = AXIS2_PLACEMENT_3D('',#3430,#3431,#3432);
#3430 = CARTESIAN_POINT('',(2.84423828125,-7.144509765625,2.));
#3431 = DIRECTION('',(0.,1.,0.));
#3432 = DIRECTION('',(1.,0.,0.));
#3433 = DEFINITIONAL_REPRESENTATION('',(#3434),#3438);
#3434 = LINE('',#3435,#3436);
#3435 = CARTESIAN_POINT('',(0.,0.));
#3436 = VECTOR('',#3437,1.);
#3437 = DIRECTION('',(1.,0.));
#3438 = ( GEOMETRIC_REPRESENTATION_CONTEXT(2) 
PARAMETRIC_REPRESENTATION_CONTEXT() REPRESENTATION_CONTEXT('2D SPACE',''
  ) );
#3439 = ORIENTED_EDGE('',*,*,#3440,.T.);
#3440 = EDGE_CURVE('',#3413,#3441,#3443,.T.);
#3441 = VERTEX_POINT('',#3442);
#3442 = CARTESIAN_POINT('',(3.760644537347,-9.,2.));
#3443 = SURFACE_CURVE('',#3444,(#3448,#3455),.PCURVE_S1.);
#3444 = LINE('',#3445,#3446);
#3445 = CARTESIAN_POINT('',(3.330078125,-7.144509765625,2.));
#3446 = VECTOR('',#3447,1.);
#3447 = DIRECTION('',(0.226043829816,-0.974117132075,0.));
#3448 = PCURVE('',#100,#3449);
#3449 = DEFINITIONAL_REPRESENTATION('',(#3450),#3454);
#3450 = LINE('',#3451,#3452);
#3451 = CARTESIAN_POINT('',(3.330078125,-7.144509765625));
#3452 = VECTOR('',#3453,1.);
#3453 = DIRECTION('',(0.226043829816,-0.974117132075));
#3454 = ( GEOMETRIC_REPRESENTATION_CONTEXT(2) 
PARAMETRIC_REPRESENTATION_CONTEXT() REPRESENTATION_CONTEXT('2D SPACE',''
  ) );
#3455 = PCURVE('',#3456,#3461);
#3456 = PLANE('',#3457);
#3457 = AXIS2_PLACEMENT_3D('',#3458,#3459,#3460);
#3458 = CARTESIAN_POINT('',(3.330078125,-7.144509765625,2.));
#3459 = DIRECTION('',(0.974117132075,0.226043829816,0.));
#3460 = DIRECTION('',(0.226043829816,-0.974117132075,0.));
#3461 = DEFINITIONAL_REPRESENTATION('',(#3462),#3466);
#3462 = LINE('',#3463,#3464);
#3463 = CARTESIAN_POINT('',(0.,0.));
#3464 = VECTOR('',#3465,1.);
#3465 = DIRECTION('',(1.,0.));
#3466 = ( GEOMETRIC_REPRESENTATION_CONTEXT(2) 
PARAMETRIC_REPRESENTATION_CONTEXT() REPRESENTATION_CONTEXT('2D SPACE',''
  ) );
#3467 = ORIENTED_EDGE('',*,*,#3468,.T.);
#3468 = EDGE_CURVE('',#3441,#3469,#3471,.T.);
#3469 = VERTEX_POINT('',#3470);
#3470 = CARTESIAN_POINT('',(4.345253178267,-9.,2.));
#3471 = SURFACE_CURVE('',#3472,(#3476,#3482),.PCURVE_S1.);
#3472 = LINE('',#3473,#3474);
#3473 = CARTESIAN_POINT('',(4.5,-9.,2.));
#3474 = VECTOR('',#3475,1.);
#3475 = DIRECTION('',(1.,0.,-0.));
#3476 = PCURVE('',#100,#3477);
#3477 = DEFINITIONAL_REPRESENTATION('',(#3478),#3481);
#3478 = B_SPLINE_CURVE_WITH_KNOTS('',1,(#3479,#3480),.UNSPECIFIED.,.F.,
  .F.,(2,2),(-13.5,4.5),.PIECEWISE_BEZIER_KNOTS.);
#3479 = CARTESIAN_POINT('',(-9.,-9.));
#3480 = CARTESIAN_POINT('',(9.,-9.));
#3481 = ( GEOMETRIC_REPRESENTATION_CONTEXT(2) 
PARAMETRIC_REPRESENTATION_CONTEXT() REPRESENTATION_CONTEXT('2D SPACE',''
  ) );
#3482 = PCURVE('',#2150,#3483);
#3483 = DEFINITIONAL_REPRESENTATION('',(#3484),#3487);
#3484 = B_SPLINE_CURVE_WITH_KNOTS('',1,(#3485,#3486),.UNSPECIFIED.,.F.,
  .F.,(2,2),(-13.5,4.5),.PIECEWISE_BEZIER_KNOTS.);
#3485 = CARTESIAN_POINT('',(18.,-2.));
#3486 = CARTESIAN_POINT('',(0.,-2.));
#3487 = ( GEOMETRIC_REPRESENTATION_CONTEXT(2) 
PARAMETRIC_REPRESENTATION_CONTEXT() REPRESENTATION_CONTEXT('2D SPACE',''
  ) );
#3488 = ORIENTED_EDGE('',*,*,#3489,.T.);
#3489 = EDGE_CURVE('',#3469,#3490,#3492,.T.);
#3490 = VERTEX_POINT('',#3491);
#3491 = CARTESIAN_POINT('',(4.8681640625,-7.144509765625,2.));
#3492 = SURFACE_CURVE('',#3493,(#3497,#3504),.PCURVE_S1.);
#3493 = LINE('',#3494,#3495);
#3494 = CARTESIAN_POINT('',(4.18701171875,-9.561501953125,2.));
#3495 = VECTOR('',#3496,1.);
#3496 = DIRECTION('',(0.271252331085,0.962508271591,0.));
#3497 = PCURVE('',#100,#3498);
#3498 = DEFINITIONAL_REPRESENTATION('',(#3499),#3503);
#3499 = LINE('',#3500,#3501);
#3500 = CARTESIAN_POINT('',(4.18701171875,-9.561501953125));
#3501 = VECTOR('',#3502,1.);
#3502 = DIRECTION('',(0.271252331085,0.962508271591));
#3503 = ( GEOMETRIC_REPRESENTATION_CONTEXT(2) 
PARAMETRIC_REPRESENTATION_CONTEXT() REPRESENTATION_CONTEXT('2D SPACE',''
  ) );
#3504 = PCURVE('',#3505,#3510);
#3505 = PLANE('',#3506);
#3506 = AXIS2_PLACEMENT_3D('',#3507,#3508,#3509);
#3507 = CARTESIAN_POINT('',(4.18701171875,-9.561501953125,2.));
#3508 = DIRECTION('',(-0.962508271591,0.271252331085,0.));
#3509 = DIRECTION('',(0.271252331085,0.962508271591,0.));
#3510 = DEFINITIONAL_REPRESENTATION('',(#3511),#3515);
#3511 = LINE('',#3512,#3513);
#3512 = CARTESIAN_POINT('',(0.,0.));
#3513 = VECTOR('',#3514,1.);
#3514 = DIRECTION('',(1.,0.));
#3515 = ( GEOMETRIC_REPRESENTATION_CONTEXT(2) 
PARAMETRIC_REPRESENTATION_CONTEXT() REPRESENTATION_CONTEXT('2D SPACE',''
  ) );
#3516 = ORIENTED_EDGE('',*,*,#3517,.T.);
#3517 = EDGE_CURVE('',#3490,#3518,#3520,.T.);
#3518 = VERTEX_POINT('',#3519);
#3519 = CARTESIAN_POINT('',(5.439453125,-7.144509765625,2.));
#3520 = SURFACE_CURVE('',#3521,(#3525,#3532),.PCURVE_S1.);
#3521 = LINE('',#3522,#3523);
#3522 = CARTESIAN_POINT('',(4.8681640625,-7.144509765625,2.));
#3523 = VECTOR('',#3524,1.);
#3524 = DIRECTION('',(1.,0.,0.));
#3525 = PCURVE('',#100,#3526);
#3526 = DEFINITIONAL_REPRESENTATION('',(#3527),#3531);
#3527 = LINE('',#3528,#3529);
#3528 = CARTESIAN_POINT('',(4.8681640625,-7.144509765625));
#3529 = VECTOR('',#3530,1.);
#3530 = DIRECTION('',(1.,0.));
#3531 = ( GEOMETRIC_REPRESENTATION_CONTEXT(2) 
PARAMETRIC_REPRESENTATION_CONTEXT() REPRESENTATION_CONTEXT('2D SPACE',''
  ) );
#3532 = PCURVE('',#3533,#3538);
#3533 = PLANE('',#3534);
#3534 = AXIS2_PLACEMENT_3D('',#3535,#3536,#3537);
#3535 = CARTESIAN_POINT('',(4.8681640625,-7.144509765625,2.));
#3536 = DIRECTION('',(0.,1.,0.));
#3537 = DIRECTION('',(1.,0.,0.));
#3538 = DEFINITIONAL_REPRESENTATION('',(#3539),#3543);
#3539 = LINE('',#3540,#3541);
#3540 = CARTESIAN_POINT('',(0.,0.));
#3541 = VECTOR('',#3542,1.);
#3542 = DIRECTION('',(1.,0.));
#3543 = ( GEOMETRIC_REPRESENTATION_CONTEXT(2) 
PARAMETRIC_REPRESENTATION_CONTEXT() REPRESENTATION_CONTEXT('2D SPACE',''
  ) );
#3544 = ORIENTED_EDGE('',*,*,#3545,.T.);
#3545 = EDGE_CURVE('',#3518,#3546,#3548,.T.);
#3546 = VERTEX_POINT('',#3547);
#3547 = CARTESIAN_POINT('',(5.9521484375,-8.956033203125,2.));
#3548 = SURFACE_CURVE('',#3549,(#3553,#3560),.PCURVE_S1.);
#3549 = LINE('',#3550,#3551);
#3550 = CARTESIAN_POINT('',(5.439453125,-7.144509765625,2.));
#3551 = VECTOR('',#3552,1.);
#3552 = DIRECTION('',(0.272322465799,-0.962206045824,0.));
#3553 = PCURVE('',#100,#3554);
#3554 = DEFINITIONAL_REPRESENTATION('',(#3555),#3559);
#3555 = LINE('',#3556,#3557);
#3556 = CARTESIAN_POINT('',(5.439453125,-7.144509765625));
#3557 = VECTOR('',#3558,1.);
#3558 = DIRECTION('',(0.272322465799,-0.962206045824));
#3559 = ( GEOMETRIC_REPRESENTATION_CONTEXT(2) 
PARAMETRIC_REPRESENTATION_CONTEXT() REPRESENTATION_CONTEXT('2D SPACE',''
  ) );
#3560 = PCURVE('',#3561,#3566);
#3561 = PLANE('',#3562);
#3562 = AXIS2_PLACEMENT_3D('',#3563,#3564,#3565);
#3563 = CARTESIAN_POINT('',(5.439453125,-7.144509765625,2.));
#3564 = DIRECTION('',(0.962206045824,0.272322465799,0.));
#3565 = DIRECTION('',(0.272322465799,-0.962206045824,0.));
#3566 = DEFINITIONAL_REPRESENTATION('',(#3567),#3571);
#3567 = LINE('',#3568,#3569);
#3568 = CARTESIAN_POINT('',(0.,0.));
#3569 = VECTOR('',#3570,1.);
#3570 = DIRECTION('',(1.,0.));
#3571 = ( GEOMETRIC_REPRESENTATION_CONTEXT(2) 
PARAMETRIC_REPRESENTATION_CONTEXT() REPRESENTATION_CONTEXT('2D SPACE',''
  ) );
#3572 = ORIENTED_EDGE('',*,*,#3573,.T.);
#3573 = EDGE_CURVE('',#3546,#3574,#3576,.T.);
#3574 = VERTEX_POINT('',#3575);
#3575 = CARTESIAN_POINT('',(5.964642993356,-9.,2.));
#3576 = SURFACE_CURVE('',#3577,(#3581,#3588),.PCURVE_S1.);
#3577 = B_SPLINE_CURVE_WITH_KNOTS('',2,(#3578,#3579,#3580),
  .UNSPECIFIED.,.F.,.F.,(3,3),(0.,1.),.PIECEWISE_BEZIER_KNOTS.);
#3578 = CARTESIAN_POINT('',(5.9521484375,-8.956033203125,2.));
#3579 = CARTESIAN_POINT('',(6.14501953125,-9.629861328125,2.));
#3580 = CARTESIAN_POINT('',(6.23046875,-10.22312304687,2.));
#3581 = PCURVE('',#100,#3582);
#3582 = DEFINITIONAL_REPRESENTATION('',(#3583),#3587);
#3583 = B_SPLINE_CURVE_WITH_KNOTS('',2,(#3584,#3585,#3586),
  .UNSPECIFIED.,.F.,.F.,(3,3),(0.,1.),.PIECEWISE_BEZIER_KNOTS.);
#3584 = CARTESIAN_POINT('',(5.9521484375,-8.956033203125));
#3585 = CARTESIAN_POINT('',(6.14501953125,-9.629861328125));
#3586 = CARTESIAN_POINT('',(6.23046875,-10.22312304687));
#3587 = ( GEOMETRIC_REPRESENTATION_CONTEXT(2) 
PARAMETRIC_REPRESENTATION_CONTEXT() REPRESENTATION_CONTEXT('2D SPACE',''
  ) );
#3588 = PCURVE('',#3589,#3596);
#3589 = SURFACE_OF_LINEAR_EXTRUSION('',#3590,#3594);
#3590 = B_SPLINE_CURVE_WITH_KNOTS('',2,(#3591,#3592,#3593),
  .UNSPECIFIED.,.F.,.F.,(3,3),(0.,1.),.PIECEWISE_BEZIER_KNOTS.);
#3591 = CARTESIAN_POINT('',(5.9521484375,-8.956033203125,2.));
#3592 = CARTESIAN_POINT('',(6.14501953125,-9.629861328125,2.));
#3593 = CARTESIAN_POINT('',(6.23046875,-10.22312304687,2.));
#3594 = VECTOR('',#3595,1.);
#3595 = DIRECTION('',(-0.,-0.,-1.));
#3596 = DEFINITIONAL_REPRESENTATION('',(#3597),#3601);
#3597 = LINE('',#3598,#3599);
#3598 = CARTESIAN_POINT('',(0.,0.));
#3599 = VECTOR('',#3600,1.);
#3600 = DIRECTION('',(1.,0.));
#3601 = ( GEOMETRIC_REPRESENTATION_CONTEXT(2) 
PARAMETRIC_REPRESENTATION_CONTEXT() REPRESENTATION_CONTEXT('2D SPACE',''
  ) );
#3602 = ORIENTED_EDGE('',*,*,#3603,.T.);
#3603 = EDGE_CURVE('',#3574,#3604,#3606,.T.);
#3604 = VERTEX_POINT('',#3605);
#3605 = CARTESIAN_POINT('',(6.517175826864,-9.,2.));
#3606 = SURFACE_CURVE('',#3607,(#3611,#3617),.PCURVE_S1.);
#3607 = LINE('',#3608,#3609);
#3608 = CARTESIAN_POINT('',(4.5,-9.,2.));
#3609 = VECTOR('',#3610,1.);
#3610 = DIRECTION('',(1.,0.,-0.));
#3611 = PCURVE('',#100,#3612);
#3612 = DEFINITIONAL_REPRESENTATION('',(#3613),#3616);
#3613 = B_SPLINE_CURVE_WITH_KNOTS('',1,(#3614,#3615),.UNSPECIFIED.,.F.,
  .F.,(2,2),(-13.5,4.5),.PIECEWISE_BEZIER_KNOTS.);
#3614 = CARTESIAN_POINT('',(-9.,-9.));
#3615 = CARTESIAN_POINT('',(9.,-9.));
#3616 = ( GEOMETRIC_REPRESENTATION_CONTEXT(2) 
PARAMETRIC_REPRESENTATION_CONTEXT() REPRESENTATION_CONTEXT('2D SPACE',''
  ) );
#3617 = PCURVE('',#2150,#3618);
#3618 = DEFINITIONAL_REPRESENTATION('',(#3619),#3622);
#3619 = B_SPLINE_CURVE_WITH_KNOTS('',1,(#3620,#3621),.UNSPECIFIED.,.F.,
  .F.,(2,2),(-13.5,4.5),.PIECEWISE_BEZIER_KNOTS.);
#3620 = CARTESIAN_POINT('',(18.,-2.));
#3621 = CARTESIAN_POINT('',(0.,-2.));
#3622 = ( GEOMETRIC_REPRESENTATION_CONTEXT(2) 
PARAMETRIC_REPRESENTATION_CONTEXT() REPRESENTATION_CONTEXT('2D SPACE',''
  ) );
#3623 = ORIENTED_EDGE('',*,*,#3624,.T.);
#3624 = EDGE_CURVE('',#3604,#3625,#3627,.T.);
#3625 = VERTEX_POINT('',#3626);
#3626 = CARTESIAN_POINT('',(6.97021484375,-7.144509765625,2.));
#3627 = SURFACE_CURVE('',#3628,(#3632,#3639),.PCURVE_S1.);
#3628 = LINE('',#3629,#3630);
#3629 = CARTESIAN_POINT('',(6.40869140625,-9.444314453125,2.));
#3630 = VECTOR('',#3631,1.);
#3631 = DIRECTION('',(0.237193580943,0.971462405428,0.));
#3632 = PCURVE('',#100,#3633);
#3633 = DEFINITIONAL_REPRESENTATION('',(#3634),#3638);
#3634 = LINE('',#3635,#3636);
#3635 = CARTESIAN_POINT('',(6.40869140625,-9.444314453125));
#3636 = VECTOR('',#3637,1.);
#3637 = DIRECTION('',(0.237193580943,0.971462405428));
#3638 = ( GEOMETRIC_REPRESENTATION_CONTEXT(2) 
PARAMETRIC_REPRESENTATION_CONTEXT() REPRESENTATION_CONTEXT('2D SPACE',''
  ) );
#3639 = PCURVE('',#3640,#3645);
#3640 = PLANE('',#3641);
#3641 = AXIS2_PLACEMENT_3D('',#3642,#3643,#3644);
#3642 = CARTESIAN_POINT('',(6.40869140625,-9.444314453125,2.));
#3643 = DIRECTION('',(-0.971462405428,0.237193580943,0.));
#3644 = DIRECTION('',(0.237193580943,0.971462405428,0.));
#3645 = DEFINITIONAL_REPRESENTATION('',(#3646),#3650);
#3646 = LINE('',#3647,#3648);
#3647 = CARTESIAN_POINT('',(0.,0.));
#3648 = VECTOR('',#3649,1.);
#3649 = DIRECTION('',(1.,0.));
#3650 = ( GEOMETRIC_REPRESENTATION_CONTEXT(2) 
PARAMETRIC_REPRESENTATION_CONTEXT() REPRESENTATION_CONTEXT('2D SPACE',''
  ) );
#3651 = ORIENTED_EDGE('',*,*,#3652,.T.);
#3652 = EDGE_CURVE('',#3625,#3653,#3655,.T.);
#3653 = VERTEX_POINT('',#3654);
#3654 = CARTESIAN_POINT('',(7.4462890625,-7.144509765625,2.));
#3655 = SURFACE_CURVE('',#3656,(#3660,#3667),.PCURVE_S1.);
#3656 = LINE('',#3657,#3658);
#3657 = CARTESIAN_POINT('',(6.97021484375,-7.144509765625,2.));
#3658 = VECTOR('',#3659,1.);
#3659 = DIRECTION('',(1.,0.,0.));
#3660 = PCURVE('',#100,#3661);
#3661 = DEFINITIONAL_REPRESENTATION('',(#3662),#3666);
#3662 = LINE('',#3663,#3664);
#3663 = CARTESIAN_POINT('',(6.97021484375,-7.144509765625));
#3664 = VECTOR('',#3665,1.);
#3665 = DIRECTION('',(1.,0.));
#3666 = ( GEOMETRIC_REPRESENTATION_CONTEXT(2) 
PARAMETRIC_REPRESENTATION_CONTEXT() REPRESENTATION_CONTEXT('2D SPACE',''
  ) );
#3667 = PCURVE('',#3668,#3673);
#3668 = PLANE('',#3669);
#3669 = AXIS2_PLACEMENT_3D('',#3670,#3671,#3672);
#3670 = CARTESIAN_POINT('',(6.97021484375,-7.144509765625,2.));
#3671 = DIRECTION('',(0.,1.,0.));
#3672 = DIRECTION('',(1.,0.,0.));
#3673 = DEFINITIONAL_REPRESENTATION('',(#3674),#3678);
#3674 = LINE('',#3675,#3676);
#3675 = CARTESIAN_POINT('',(0.,0.));
#3676 = VECTOR('',#3677,1.);
#3677 = DIRECTION('',(1.,0.));
#3678 = ( GEOMETRIC_REPRESENTATION_CONTEXT(2) 
PARAMETRIC_REPRESENTATION_CONTEXT() REPRESENTATION_CONTEXT('2D SPACE',''
  ) );
#3679 = ORIENTED_EDGE('',*,*,#3680,.T.);
#3680 = EDGE_CURVE('',#3653,#3681,#3683,.T.);
#3681 = VERTEX_POINT('',#3682);
#3682 = CARTESIAN_POINT('',(6.937484782678,-9.,2.));
#3683 = SURFACE_CURVE('',#3684,(#3688,#3695),.PCURVE_S1.);
#3684 = LINE('',#3685,#3686);
#3685 = CARTESIAN_POINT('',(7.4462890625,-7.144509765625,2.));
#3686 = VECTOR('',#3687,1.);
#3687 = DIRECTION('',(-0.264453081847,-0.964398552208,0.));
#3688 = PCURVE('',#100,#3689);
#3689 = DEFINITIONAL_REPRESENTATION('',(#3690),#3694);
#3690 = LINE('',#3691,#3692);
#3691 = CARTESIAN_POINT('',(7.4462890625,-7.144509765625));
#3692 = VECTOR('',#3693,1.);
#3693 = DIRECTION('',(-0.264453081847,-0.964398552208));
#3694 = ( GEOMETRIC_REPRESENTATION_CONTEXT(2) 
PARAMETRIC_REPRESENTATION_CONTEXT() REPRESENTATION_CONTEXT('2D SPACE',''
  ) );
#3695 = PCURVE('',#3696,#3701);
#3696 = PLANE('',#3697);
#3697 = AXIS2_PLACEMENT_3D('',#3698,#3699,#3700);
#3698 = CARTESIAN_POINT('',(7.4462890625,-7.144509765625,2.));
#3699 = DIRECTION('',(0.964398552208,-0.264453081847,0.));
#3700 = DIRECTION('',(-0.264453081847,-0.964398552208,0.));
#3701 = DEFINITIONAL_REPRESENTATION('',(#3702),#3706);
#3702 = LINE('',#3703,#3704);
#3703 = CARTESIAN_POINT('',(0.,0.));
#3704 = VECTOR('',#3705,1.);
#3705 = DIRECTION('',(1.,0.));
#3706 = ( GEOMETRIC_REPRESENTATION_CONTEXT(2) 
PARAMETRIC_REPRESENTATION_CONTEXT() REPRESENTATION_CONTEXT('2D SPACE',''
  ) );
#3707 = ORIENTED_EDGE('',*,*,#3708,.T.);
#3708 = EDGE_CURVE('',#3681,#3709,#3711,.T.);
#3709 = VERTEX_POINT('',#3710);
#3710 = CARTESIAN_POINT('',(7.744229098844,-9.,2.));
#3711 = SURFACE_CURVE('',#3712,(#3716,#3722),.PCURVE_S1.);
#3712 = LINE('',#3713,#3714);
#3713 = CARTESIAN_POINT('',(4.5,-9.,2.));
#3714 = VECTOR('',#3715,1.);
#3715 = DIRECTION('',(1.,0.,-0.));
#3716 = PCURVE('',#100,#3717);
#3717 = DEFINITIONAL_REPRESENTATION('',(#3718),#3721);
#3718 = B_SPLINE_CURVE_WITH_KNOTS('',1,(#3719,#3720),.UNSPECIFIED.,.F.,
  .F.,(2,2),(-13.5,4.5),.PIECEWISE_BEZIER_KNOTS.);
#3719 = CARTESIAN_POINT('',(-9.,-9.));
#3720 = CARTESIAN_POINT('',(9.,-9.));
#3721 = ( GEOMETRIC_REPRESENTATION_CONTEXT(2) 
PARAMETRIC_REPRESENTATION_CONTEXT() REPRESENTATION_CONTEXT('2D SPACE',''
  ) );
#3722 = PCURVE('',#2150,#3723);
#3723 = DEFINITIONAL_REPRESENTATION('',(#3724),#3727);
#3724 = B_SPLINE_CURVE_WITH_KNOTS('',1,(#3725,#3726),.UNSPECIFIED.,.F.,
  .F.,(2,2),(-13.5,4.5),.PIECEWISE_BEZIER_KNOTS.);
#3725 = CARTESIAN_POINT('',(18.,-2.));
#3726 = CARTESIAN_POINT('',(0.,-2.));
#3727 = ( GEOMETRIC_REPRESENTATION_CONTEXT(2) 
PARAMETRIC_REPRESENTATION_CONTEXT() REPRESENTATION_CONTEXT('2D SPACE',''
  ) );
#3728 = ORIENTED_EDGE('',*,*,#3729,.T.);
#3729 = EDGE_CURVE('',#3709,#3730,#3732,.T.);
#3730 = VERTEX_POINT('',#3731);
#3731 = CARTESIAN_POINT('',(7.744140625,-8.980447265625,2.));
#3732 = SURFACE_CURVE('',#3733,(#3737,#3744),.PCURVE_S1.);
#3733 = B_SPLINE_CURVE_WITH_KNOTS('',2,(#3734,#3735,#3736),
  .UNSPECIFIED.,.F.,.F.,(3,3),(0.,1.),.PIECEWISE_BEZIER_KNOTS.);
#3734 = CARTESIAN_POINT('',(7.94921875,-9.874001953125,2.));
#3735 = CARTESIAN_POINT('',(7.744140625,-9.451638671875,2.));
#3736 = CARTESIAN_POINT('',(7.744140625,-8.980447265625,2.));
#3737 = PCURVE('',#100,#3738);
#3738 = DEFINITIONAL_REPRESENTATION('',(#3739),#3743);
#3739 = B_SPLINE_CURVE_WITH_KNOTS('',2,(#3740,#3741,#3742),
  .UNSPECIFIED.,.F.,.F.,(3,3),(0.,1.),.PIECEWISE_BEZIER_KNOTS.);
#3740 = CARTESIAN_POINT('',(7.94921875,-9.874001953125));
#3741 = CARTESIAN_POINT('',(7.744140625,-9.451638671875));
#3742 = CARTESIAN_POINT('',(7.744140625,-8.980447265625));
#3743 = ( GEOMETRIC_REPRESENTATION_CONTEXT(2) 
PARAMETRIC_REPRESENTATION_CONTEXT() REPRESENTATION_CONTEXT('2D SPACE',''
  ) );
#3744 = PCURVE('',#3745,#3752);
#3745 = SURFACE_OF_LINEAR_EXTRUSION('',#3746,#3750);
#3746 = B_SPLINE_CURVE_WITH_KNOTS('',2,(#3747,#3748,#3749),
  .UNSPECIFIED.,.F.,.F.,(3,3),(0.,1.),.PIECEWISE_BEZIER_KNOTS.);
#3747 = CARTESIAN_POINT('',(7.94921875,-9.874001953125,2.));
#3748 = CARTESIAN_POINT('',(7.744140625,-9.451638671875,2.));
#3749 = CARTESIAN_POINT('',(7.744140625,-8.980447265625,2.));
#3750 = VECTOR('',#3751,1.);
#3751 = DIRECTION('',(-0.,-0.,-1.));
#3752 = DEFINITIONAL_REPRESENTATION('',(#3753),#3757);
#3753 = LINE('',#3754,#3755);
#3754 = CARTESIAN_POINT('',(0.,0.));
#3755 = VECTOR('',#3756,1.);
#3756 = DIRECTION('',(1.,0.));
#3757 = ( GEOMETRIC_REPRESENTATION_CONTEXT(2) 
PARAMETRIC_REPRESENTATION_CONTEXT() REPRESENTATION_CONTEXT('2D SPACE',''
  ) );
#3758 = ORIENTED_EDGE('',*,*,#3759,.T.);
#3759 = EDGE_CURVE('',#3730,#3760,#3762,.T.);
#3760 = VERTEX_POINT('',#3761);
#3761 = CARTESIAN_POINT('',(8.22265625,-7.58518359375,2.));
#3762 = SURFACE_CURVE('',#3763,(#3767,#3774),.PCURVE_S1.);
#3763 = B_SPLINE_CURVE_WITH_KNOTS('',2,(#3764,#3765,#3766),
  .UNSPECIFIED.,.F.,.F.,(3,3),(0.,1.),.PIECEWISE_BEZIER_KNOTS.);
#3764 = CARTESIAN_POINT('',(7.744140625,-8.980447265625,2.));
#3765 = CARTESIAN_POINT('',(7.744140625,-8.089333984375,2.));
#3766 = CARTESIAN_POINT('',(8.22265625,-7.58518359375,2.));
#3767 = PCURVE('',#100,#3768);
#3768 = DEFINITIONAL_REPRESENTATION('',(#3769),#3773);
#3769 = B_SPLINE_CURVE_WITH_KNOTS('',2,(#3770,#3771,#3772),
  .UNSPECIFIED.,.F.,.F.,(3,3),(0.,1.),.PIECEWISE_BEZIER_KNOTS.);
#3770 = CARTESIAN_POINT('',(7.744140625,-8.980447265625));
#3771 = CARTESIAN_POINT('',(7.744140625,-8.089333984375));
#3772 = CARTESIAN_POINT('',(8.22265625,-7.58518359375));
#3773 = ( GEOMETRIC_REPRESENTATION_CONTEXT(2) 
PARAMETRIC_REPRESENTATION_CONTEXT() REPRESENTATION_CONTEXT('2D SPACE',''
  ) );
#3774 = PCURVE('',#3775,#3782);
#3775 = SURFACE_OF_LINEAR_EXTRUSION('',#3776,#3780);
#3776 = B_SPLINE_CURVE_WITH_KNOTS('',2,(#3777,#3778,#3779),
  .UNSPECIFIED.,.F.,.F.,(3,3),(0.,1.),.PIECEWISE_BEZIER_KNOTS.);
#3777 = CARTESIAN_POINT('',(7.744140625,-8.980447265625,2.));
#3778 = CARTESIAN_POINT('',(7.744140625,-8.089333984375,2.));
#3779 = CARTESIAN_POINT('',(8.22265625,-7.58518359375,2.));
#3780 = VECTOR('',#3781,1.);
#3781 = DIRECTION('',(-0.,-0.,-1.));
#3782 = DEFINITIONAL_REPRESENTATION('',(#3783),#3787);
#3783 = LINE('',#3784,#3785);
#3784 = CARTESIAN_POINT('',(0.,0.));
#3785 = VECTOR('',#3786,1.);
#3786 = DIRECTION('',(1.,0.));
#3787 = ( GEOMETRIC_REPRESENTATION_CONTEXT(2) 
PARAMETRIC_REPRESENTATION_CONTEXT() REPRESENTATION_CONTEXT('2D SPACE',''
  ) );
#3788 = ORIENTED_EDGE('',*,*,#3789,.T.);
#3789 = EDGE_CURVE('',#3760,#3790,#3792,.T.);
#3790 = VERTEX_POINT('',#3791);
#3791 = CARTESIAN_POINT('',(9.4580078125,-7.081033203125,2.));
#3792 = SURFACE_CURVE('',#3793,(#3797,#3804),.PCURVE_S1.);
#3793 = B_SPLINE_CURVE_WITH_KNOTS('',2,(#3794,#3795,#3796),
  .UNSPECIFIED.,.F.,.F.,(3,3),(0.,1.),.PIECEWISE_BEZIER_KNOTS.);
#3794 = CARTESIAN_POINT('',(8.22265625,-7.58518359375,2.));
#3795 = CARTESIAN_POINT('',(8.701171875,-7.081033203125,2.));
#3796 = CARTESIAN_POINT('',(9.4580078125,-7.081033203125,2.));
#3797 = PCURVE('',#100,#3798);
#3798 = DEFINITIONAL_REPRESENTATION('',(#3799),#3803);
#3799 = B_SPLINE_CURVE_WITH_KNOTS('',2,(#3800,#3801,#3802),
  .UNSPECIFIED.,.F.,.F.,(3,3),(0.,1.),.PIECEWISE_BEZIER_KNOTS.);
#3800 = CARTESIAN_POINT('',(8.22265625,-7.58518359375));
#3801 = CARTESIAN_POINT('',(8.701171875,-7.081033203125));
#3802 = CARTESIAN_POINT('',(9.4580078125,-7.081033203125));
#3803 = ( GEOMETRIC_REPRESENTATION_CONTEXT(2) 
PARAMETRIC_REPRESENTATION_CONTEXT() REPRESENTATION_CONTEXT('2D SPACE',''
  ) );
#3804 = PCURVE('',#3805,#3812);
#3805 = SURFACE_OF_LINEAR_EXTRUSION('',#3806,#3810);
#3806 = B_SPLINE_CURVE_WITH_KNOTS('',2,(#3807,#3808,#3809),
  .UNSPECIFIED.,.F.,.F.,(3,3),(0.,1.),.PIECEWISE_BEZIER_KNOTS.);
#3807 = CARTESIAN_POINT('',(8.22265625,-7.58518359375,2.));
#3808 = CARTESIAN_POINT('',(8.701171875,-7.081033203125,2.));
#3809 = CARTESIAN_POINT('',(9.4580078125,-7.081033203125,2.));
#3810 = VECTOR('',#3811,1.);
#3811 = DIRECTION('',(-0.,-0.,-1.));
#3812 = DEFINITIONAL_REPRESENTATION('',(#3813),#3817);
#3813 = LINE('',#3814,#3815);
#3814 = CARTESIAN_POINT('',(0.,0.));
#3815 = VECTOR('',#3816,1.);
#3816 = DIRECTION('',(1.,0.));
#3817 = ( GEOMETRIC_REPRESENTATION_CONTEXT(2) 
PARAMETRIC_REPRESENTATION_CONTEXT() REPRESENTATION_CONTEXT('2D SPACE',''
  ) );
#3818 = ORIENTED_EDGE('',*,*,#3819,.T.);
#3819 = EDGE_CURVE('',#3790,#3820,#3822,.T.);
#3820 = VERTEX_POINT('',#3821);
#3821 = CARTESIAN_POINT('',(10.3515625,-7.317849609375,2.));
#3822 = SURFACE_CURVE('',#3823,(#3827,#3834),.PCURVE_S1.);
#3823 = B_SPLINE_CURVE_WITH_KNOTS('',2,(#3824,#3825,#3826),
  .UNSPECIFIED.,.F.,.F.,(3,3),(0.,1.),.PIECEWISE_BEZIER_KNOTS.);
#3824 = CARTESIAN_POINT('',(9.4580078125,-7.081033203125,2.));
#3825 = CARTESIAN_POINT('',(9.95361328125,-7.081033203125,2.));
#3826 = CARTESIAN_POINT('',(10.3515625,-7.317849609375,2.));
#3827 = PCURVE('',#100,#3828);
#3828 = DEFINITIONAL_REPRESENTATION('',(#3829),#3833);
#3829 = B_SPLINE_CURVE_WITH_KNOTS('',2,(#3830,#3831,#3832),
  .UNSPECIFIED.,.F.,.F.,(3,3),(0.,1.),.PIECEWISE_BEZIER_KNOTS.);
#3830 = CARTESIAN_POINT('',(9.4580078125,-7.081033203125));
#3831 = CARTESIAN_POINT('',(9.95361328125,-7.081033203125));
#3832 = CARTESIAN_POINT('',(10.3515625,-7.317849609375));
#3833 = ( GEOMETRIC_REPRESENTATION_CONTEXT(2) 
PARAMETRIC_REPRESENTATION_CONTEXT() REPRESENTATION_CONTEXT('2D SPACE',''
  ) );
#3834 = PCURVE('',#3835,#3842);
#3835 = SURFACE_OF_LINEAR_EXTRUSION('',#3836,#3840);
#3836 = B_SPLINE_CURVE_WITH_KNOTS('',2,(#3837,#3838,#3839),
  .UNSPECIFIED.,.F.,.F.,(3,3),(0.,1.),.PIECEWISE_BEZIER_KNOTS.);
#3837 = CARTESIAN_POINT('',(9.4580078125,-7.081033203125,2.));
#3838 = CARTESIAN_POINT('',(9.95361328125,-7.081033203125,2.));
#3839 = CARTESIAN_POINT('',(10.3515625,-7.317849609375,2.));
#3840 = VECTOR('',#3841,1.);
#3841 = DIRECTION('',(-0.,-0.,-1.));
#3842 = DEFINITIONAL_REPRESENTATION('',(#3843),#3847);
#3843 = LINE('',#3844,#3845);
#3844 = CARTESIAN_POINT('',(0.,0.));
#3845 = VECTOR('',#3846,1.);
#3846 = DIRECTION('',(1.,0.));
#3847 = ( GEOMETRIC_REPRESENTATION_CONTEXT(2) 
PARAMETRIC_REPRESENTATION_CONTEXT() REPRESENTATION_CONTEXT('2D SPACE',''
  ) );
#3848 = ORIENTED_EDGE('',*,*,#3849,.T.);
#3849 = EDGE_CURVE('',#3820,#3850,#3852,.T.);
#3850 = VERTEX_POINT('',#3851);
#3851 = CARTESIAN_POINT('',(10.958251953125,-7.97825,2.));
#3852 = SURFACE_CURVE('',#3853,(#3857,#3864),.PCURVE_S1.);
#3853 = B_SPLINE_CURVE_WITH_KNOTS('',2,(#3854,#3855,#3856),
  .UNSPECIFIED.,.F.,.F.,(3,3),(0.,1.),.PIECEWISE_BEZIER_KNOTS.);
#3854 = CARTESIAN_POINT('',(10.3515625,-7.317849609375,2.));
#3855 = CARTESIAN_POINT('',(10.74951171875,-7.554666015625,2.));
#3856 = CARTESIAN_POINT('',(10.958251953125,-7.97825,2.));
#3857 = PCURVE('',#100,#3858);
#3858 = DEFINITIONAL_REPRESENTATION('',(#3859),#3863);
#3859 = B_SPLINE_CURVE_WITH_KNOTS('',2,(#3860,#3861,#3862),
  .UNSPECIFIED.,.F.,.F.,(3,3),(0.,1.),.PIECEWISE_BEZIER_KNOTS.);
#3860 = CARTESIAN_POINT('',(10.3515625,-7.317849609375));
#3861 = CARTESIAN_POINT('',(10.74951171875,-7.554666015625));
#3862 = CARTESIAN_POINT('',(10.958251953125,-7.97825));
#3863 = ( GEOMETRIC_REPRESENTATION_CONTEXT(2) 
PARAMETRIC_REPRESENTATION_CONTEXT() REPRESENTATION_CONTEXT('2D SPACE',''
  ) );
#3864 = PCURVE('',#3865,#3872);
#3865 = SURFACE_OF_LINEAR_EXTRUSION('',#3866,#3870);
#3866 = B_SPLINE_CURVE_WITH_KNOTS('',2,(#3867,#3868,#3869),
  .UNSPECIFIED.,.F.,.F.,(3,3),(0.,1.),.PIECEWISE_BEZIER_KNOTS.);
#3867 = CARTESIAN_POINT('',(10.3515625,-7.317849609375,2.));
#3868 = CARTESIAN_POINT('',(10.74951171875,-7.554666015625,2.));
#3869 = CARTESIAN_POINT('',(10.958251953125,-7.97825,2.));
#3870 = VECTOR('',#3871,1.);
#3871 = DIRECTION('',(-0.,-0.,-1.));
#3872 = DEFINITIONAL_REPRESENTATION('',(#3873),#3877);
#3873 = LINE('',#3874,#3875);
#3874 = CARTESIAN_POINT('',(0.,0.));
#3875 = VECTOR('',#3876,1.);
#3876 = DIRECTION('',(1.,0.));
#3877 = ( GEOMETRIC_REPRESENTATION_CONTEXT(2) 
PARAMETRIC_REPRESENTATION_CONTEXT() REPRESENTATION_CONTEXT('2D SPACE',''
  ) );
#3878 = ORIENTED_EDGE('',*,*,#3879,.T.);
#3879 = EDGE_CURVE('',#3850,#3880,#3882,.T.);
#3880 = VERTEX_POINT('',#3881);
#3881 = CARTESIAN_POINT('',(11.1669921875,-8.938943359375,2.));
#3882 = SURFACE_CURVE('',#3883,(#3887,#3894),.PCURVE_S1.);
#3883 = B_SPLINE_CURVE_WITH_KNOTS('',2,(#3884,#3885,#3886),
  .UNSPECIFIED.,.F.,.F.,(3,3),(0.,1.),.PIECEWISE_BEZIER_KNOTS.);
#3884 = CARTESIAN_POINT('',(10.958251953125,-7.97825,2.));
#3885 = CARTESIAN_POINT('',(11.1669921875,-8.401833984375,2.));
#3886 = CARTESIAN_POINT('',(11.1669921875,-8.938943359375,2.));
#3887 = PCURVE('',#100,#3888);
#3888 = DEFINITIONAL_REPRESENTATION('',(#3889),#3893);
#3889 = B_SPLINE_CURVE_WITH_KNOTS('',2,(#3890,#3891,#3892),
  .UNSPECIFIED.,.F.,.F.,(3,3),(0.,1.),.PIECEWISE_BEZIER_KNOTS.);
#3890 = CARTESIAN_POINT('',(10.958251953125,-7.97825));
#3891 = CARTESIAN_POINT('',(11.1669921875,-8.401833984375));
#3892 = CARTESIAN_POINT('',(11.1669921875,-8.938943359375));
#3893 = ( GEOMETRIC_REPRESENTATION_CONTEXT(2) 
PARAMETRIC_REPRESENTATION_CONTEXT() REPRESENTATION_CONTEXT('2D SPACE',''
  ) );
#3894 = PCURVE('',#3895,#3902);
#3895 = SURFACE_OF_LINEAR_EXTRUSION('',#3896,#3900);
#3896 = B_SPLINE_CURVE_WITH_KNOTS('',2,(#3897,#3898,#3899),
  .UNSPECIFIED.,.F.,.F.,(3,3),(0.,1.),.PIECEWISE_BEZIER_KNOTS.);
#3897 = CARTESIAN_POINT('',(10.958251953125,-7.97825,2.));
#3898 = CARTESIAN_POINT('',(11.1669921875,-8.401833984375,2.));
#3899 = CARTESIAN_POINT('',(11.1669921875,-8.938943359375,2.));
#3900 = VECTOR('',#3901,1.);
#3901 = DIRECTION('',(-0.,-0.,-1.));
#3902 = DEFINITIONAL_REPRESENTATION('',(#3903),#3907);
#3903 = LINE('',#3904,#3905);
#3904 = CARTESIAN_POINT('',(0.,0.));
#3905 = VECTOR('',#3906,1.);
#3906 = DIRECTION('',(1.,0.));
#3907 = ( GEOMETRIC_REPRESENTATION_CONTEXT(2) 
PARAMETRIC_REPRESENTATION_CONTEXT() REPRESENTATION_CONTEXT('2D SPACE',''
  ) );
#3908 = ORIENTED_EDGE('',*,*,#3909,.T.);
#3909 = EDGE_CURVE('',#3880,#3910,#3912,.T.);
#3910 = VERTEX_POINT('',#3911);
#3911 = CARTESIAN_POINT('',(10.947265625,-9.913064453125,2.));
#3912 = SURFACE_CURVE('',#3913,(#3917,#3924),.PCURVE_S1.);
#3913 = B_SPLINE_CURVE_WITH_KNOTS('',2,(#3914,#3915,#3916),
  .UNSPECIFIED.,.F.,.F.,(3,3),(0.,1.),.PIECEWISE_BEZIER_KNOTS.);
#3914 = CARTESIAN_POINT('',(11.1669921875,-8.938943359375,2.));
#3915 = CARTESIAN_POINT('',(11.1669921875,-9.483376953125,2.));
#3916 = CARTESIAN_POINT('',(10.947265625,-9.913064453125,2.));
#3917 = PCURVE('',#100,#3918);
#3918 = DEFINITIONAL_REPRESENTATION('',(#3919),#3923);
#3919 = B_SPLINE_CURVE_WITH_KNOTS('',2,(#3920,#3921,#3922),
  .UNSPECIFIED.,.F.,.F.,(3,3),(0.,1.),.PIECEWISE_BEZIER_KNOTS.);
#3920 = CARTESIAN_POINT('',(11.1669921875,-8.938943359375));
#3921 = CARTESIAN_POINT('',(11.1669921875,-9.483376953125));
#3922 = CARTESIAN_POINT('',(10.947265625,-9.913064453125));
#3923 = ( GEOMETRIC_REPRESENTATION_CONTEXT(2) 
PARAMETRIC_REPRESENTATION_CONTEXT() REPRESENTATION_CONTEXT('2D SPACE',''
  ) );
#3924 = PCURVE('',#3925,#3932);
#3925 = SURFACE_OF_LINEAR_EXTRUSION('',#3926,#3930);
#3926 = B_SPLINE_CURVE_WITH_KNOTS('',2,(#3927,#3928,#3929),
  .UNSPECIFIED.,.F.,.F.,(3,3),(0.,1.),.PIECEWISE_BEZIER_KNOTS.);
#3927 = CARTESIAN_POINT('',(11.1669921875,-8.938943359375,2.));
#3928 = CARTESIAN_POINT('',(11.1669921875,-9.483376953125,2.));
#3929 = CARTESIAN_POINT('',(10.947265625,-9.913064453125,2.));
#3930 = VECTOR('',#3931,1.);
#3931 = DIRECTION('',(-0.,-0.,-1.));
#3932 = DEFINITIONAL_REPRESENTATION('',(#3933),#3937);
#3933 = LINE('',#3934,#3935);
#3934 = CARTESIAN_POINT('',(0.,0.));
#3935 = VECTOR('',#3936,1.);
#3936 = DIRECTION('',(1.,0.));
#3937 = ( GEOMETRIC_REPRESENTATION_CONTEXT(2) 
PARAMETRIC_REPRESENTATION_CONTEXT() REPRESENTATION_CONTEXT('2D SPACE',''
  ) );
#3938 = ORIENTED_EDGE('',*,*,#3939,.T.);
#3939 = EDGE_CURVE('',#3910,#3940,#3942,.T.);
#3940 = VERTEX_POINT('',#3941);
#3941 = CARTESIAN_POINT('',(10.32470703125,-10.56369921875,2.));
#3942 = SURFACE_CURVE('',#3943,(#3947,#3954),.PCURVE_S1.);
#3943 = B_SPLINE_CURVE_WITH_KNOTS('',2,(#3944,#3945,#3946),
  .UNSPECIFIED.,.F.,.F.,(3,3),(0.,1.),.PIECEWISE_BEZIER_KNOTS.);
#3944 = CARTESIAN_POINT('',(10.947265625,-9.913064453125,2.));
#3945 = CARTESIAN_POINT('',(10.7275390625,-10.34275195312,2.));
#3946 = CARTESIAN_POINT('',(10.32470703125,-10.56369921875,2.));
#3947 = PCURVE('',#100,#3948);
#3948 = DEFINITIONAL_REPRESENTATION('',(#3949),#3953);
#3949 = B_SPLINE_CURVE_WITH_KNOTS('',2,(#3950,#3951,#3952),
  .UNSPECIFIED.,.F.,.F.,(3,3),(0.,1.),.PIECEWISE_BEZIER_KNOTS.);
#3950 = CARTESIAN_POINT('',(10.947265625,-9.913064453125));
#3951 = CARTESIAN_POINT('',(10.7275390625,-10.34275195312));
#3952 = CARTESIAN_POINT('',(10.32470703125,-10.56369921875));
#3953 = ( GEOMETRIC_REPRESENTATION_CONTEXT(2) 
PARAMETRIC_REPRESENTATION_CONTEXT() REPRESENTATION_CONTEXT('2D SPACE',''
  ) );
#3954 = PCURVE('',#3955,#3962);
#3955 = SURFACE_OF_LINEAR_EXTRUSION('',#3956,#3960);
#3956 = B_SPLINE_CURVE_WITH_KNOTS('',2,(#3957,#3958,#3959),
  .UNSPECIFIED.,.F.,.F.,(3,3),(0.,1.),.PIECEWISE_BEZIER_KNOTS.);
#3957 = CARTESIAN_POINT('',(10.947265625,-9.913064453125,2.));
#3958 = CARTESIAN_POINT('',(10.7275390625,-10.34275195312,2.));
#3959 = CARTESIAN_POINT('',(10.32470703125,-10.56369921875,2.));
#3960 = VECTOR('',#3961,1.);
#3961 = DIRECTION('',(-0.,-0.,-1.));
#3962 = DEFINITIONAL_REPRESENTATION('',(#3963),#3967);
#3963 = LINE('',#3964,#3965);
#3964 = CARTESIAN_POINT('',(0.,0.));
#3965 = VECTOR('',#3966,1.);
#3966 = DIRECTION('',(1.,0.));
#3967 = ( GEOMETRIC_REPRESENTATION_CONTEXT(2) 
PARAMETRIC_REPRESENTATION_CONTEXT() REPRESENTATION_CONTEXT('2D SPACE',''
  ) );
#3968 = ORIENTED_EDGE('',*,*,#3969,.T.);
#3969 = EDGE_CURVE('',#3940,#1169,#3970,.T.);
#3970 = SURFACE_CURVE('',#3971,(#3975,#3982),.PCURVE_S1.);
#3971 = B_SPLINE_CURVE_WITH_KNOTS('',2,(#3972,#3973,#3974),
  .UNSPECIFIED.,.F.,.F.,(3,3),(0.,1.),.PIECEWISE_BEZIER_KNOTS.);
#3972 = CARTESIAN_POINT('',(10.32470703125,-10.56369921875,2.));
#3973 = CARTESIAN_POINT('',(9.921875,-10.78464648437,2.));
#3974 = CARTESIAN_POINT('',(9.45556640625,-10.78464648437,2.));
#3975 = PCURVE('',#100,#3976);
#3976 = DEFINITIONAL_REPRESENTATION('',(#3977),#3981);
#3977 = B_SPLINE_CURVE_WITH_KNOTS('',2,(#3978,#3979,#3980),
  .UNSPECIFIED.,.F.,.F.,(3,3),(0.,1.),.PIECEWISE_BEZIER_KNOTS.);
#3978 = CARTESIAN_POINT('',(10.32470703125,-10.56369921875));
#3979 = CARTESIAN_POINT('',(9.921875,-10.78464648437));
#3980 = CARTESIAN_POINT('',(9.45556640625,-10.78464648437));
#3981 = ( GEOMETRIC_REPRESENTATION_CONTEXT(2) 
PARAMETRIC_REPRESENTATION_CONTEXT() REPRESENTATION_CONTEXT('2D SPACE',''
  ) );
#3982 = PCURVE('',#3983,#3990);
#3983 = SURFACE_OF_LINEAR_EXTRUSION('',#3984,#3988);
#3984 = B_SPLINE_CURVE_WITH_KNOTS('',2,(#3985,#3986,#3987),
  .UNSPECIFIED.,.F.,.F.,(3,3),(0.,1.),.PIECEWISE_BEZIER_KNOTS.);
#3985 = CARTESIAN_POINT('',(10.32470703125,-10.56369921875,2.));
#3986 = CARTESIAN_POINT('',(9.921875,-10.78464648437,2.));
#3987 = CARTESIAN_POINT('',(9.45556640625,-10.78464648437,2.));
#3988 = VECTOR('',#3989,1.);
#3989 = DIRECTION('',(-0.,-0.,-1.));
#3990 = DEFINITIONAL_REPRESENTATION('',(#3991),#3995);
#3991 = LINE('',#3992,#3993);
#3992 = CARTESIAN_POINT('',(0.,0.));
#3993 = VECTOR('',#3994,1.);
#3994 = DIRECTION('',(1.,0.));
#3995 = ( GEOMETRIC_REPRESENTATION_CONTEXT(2) 
PARAMETRIC_REPRESENTATION_CONTEXT() REPRESENTATION_CONTEXT('2D SPACE',''
  ) );
#3996 = FACE_BOUND('',#3997,.T.);
#3997 = EDGE_LOOP('',(#3998,#4028,#4056,#4084,#4112,#4140));
#3998 = ORIENTED_EDGE('',*,*,#3999,.T.);
#3999 = EDGE_CURVE('',#4000,#4002,#4004,.T.);
#4000 = VERTEX_POINT('',#4001);
#4001 = CARTESIAN_POINT('',(13.994140625,-10.30124804687,2.));
#4002 = VERTEX_POINT('',#4003);
#4003 = CARTESIAN_POINT('',(13.994140625,-10.72361132812,2.));
#4004 = SURFACE_CURVE('',#4005,(#4009,#4016),.PCURVE_S1.);
#4005 = LINE('',#4006,#4007);
#4006 = CARTESIAN_POINT('',(13.994140625,-10.30124804687,2.));
#4007 = VECTOR('',#4008,1.);
#4008 = DIRECTION('',(0.,-1.,0.));
#4009 = PCURVE('',#100,#4010);
#4010 = DEFINITIONAL_REPRESENTATION('',(#4011),#4015);
#4011 = LINE('',#4012,#4013);
#4012 = CARTESIAN_POINT('',(13.994140625,-10.30124804687));
#4013 = VECTOR('',#4014,1.);
#4014 = DIRECTION('',(0.,-1.));
#4015 = ( GEOMETRIC_REPRESENTATION_CONTEXT(2) 
PARAMETRIC_REPRESENTATION_CONTEXT() REPRESENTATION_CONTEXT('2D SPACE',''
  ) );
#4016 = PCURVE('',#4017,#4022);
#4017 = PLANE('',#4018);
#4018 = AXIS2_PLACEMENT_3D('',#4019,#4020,#4021);
#4019 = CARTESIAN_POINT('',(13.994140625,-10.30124804687,2.));
#4020 = DIRECTION('',(1.,0.,0.));
#4021 = DIRECTION('',(0.,-1.,0.));
#4022 = DEFINITIONAL_REPRESENTATION('',(#4023),#4027);
#4023 = LINE('',#4024,#4025);
#4024 = CARTESIAN_POINT('',(0.,0.));
#4025 = VECTOR('',#4026,1.);
#4026 = DIRECTION('',(1.,0.));
#4027 = ( GEOMETRIC_REPRESENTATION_CONTEXT(2) 
PARAMETRIC_REPRESENTATION_CONTEXT() REPRESENTATION_CONTEXT('2D SPACE',''
  ) );
#4028 = ORIENTED_EDGE('',*,*,#4029,.T.);
#4029 = EDGE_CURVE('',#4002,#4030,#4032,.T.);
#4030 = VERTEX_POINT('',#4031);
#4031 = CARTESIAN_POINT('',(11.7578125,-10.72361132812,2.));
#4032 = SURFACE_CURVE('',#4033,(#4037,#4044),.PCURVE_S1.);
#4033 = LINE('',#4034,#4035);
#4034 = CARTESIAN_POINT('',(13.994140625,-10.72361132812,2.));
#4035 = VECTOR('',#4036,1.);
#4036 = DIRECTION('',(-1.,0.,0.));
#4037 = PCURVE('',#100,#4038);
#4038 = DEFINITIONAL_REPRESENTATION('',(#4039),#4043);
#4039 = LINE('',#4040,#4041);
#4040 = CARTESIAN_POINT('',(13.994140625,-10.72361132812));
#4041 = VECTOR('',#4042,1.);
#4042 = DIRECTION('',(-1.,0.));
#4043 = ( GEOMETRIC_REPRESENTATION_CONTEXT(2) 
PARAMETRIC_REPRESENTATION_CONTEXT() REPRESENTATION_CONTEXT('2D SPACE',''
  ) );
#4044 = PCURVE('',#4045,#4050);
#4045 = PLANE('',#4046);
#4046 = AXIS2_PLACEMENT_3D('',#4047,#4048,#4049);
#4047 = CARTESIAN_POINT('',(13.994140625,-10.72361132812,2.));
#4048 = DIRECTION('',(0.,-1.,0.));
#4049 = DIRECTION('',(-1.,0.,0.));
#4050 = DEFINITIONAL_REPRESENTATION('',(#4051),#4055);
#4051 = LINE('',#4052,#4053);
#4052 = CARTESIAN_POINT('',(0.,-0.));
#4053 = VECTOR('',#4054,1.);
#4054 = DIRECTION('',(1.,0.));
#4055 = ( GEOMETRIC_REPRESENTATION_CONTEXT(2) 
PARAMETRIC_REPRESENTATION_CONTEXT() REPRESENTATION_CONTEXT('2D SPACE',''
  ) );
#4056 = ORIENTED_EDGE('',*,*,#4057,.T.);
#4057 = EDGE_CURVE('',#4030,#4058,#4060,.T.);
#4058 = VERTEX_POINT('',#4059);
#4059 = CARTESIAN_POINT('',(11.7578125,-7.144509765625,2.));
#4060 = SURFACE_CURVE('',#4061,(#4065,#4072),.PCURVE_S1.);
#4061 = LINE('',#4062,#4063);
#4062 = CARTESIAN_POINT('',(11.7578125,-10.72361132812,2.));
#4063 = VECTOR('',#4064,1.);
#4064 = DIRECTION('',(0.,1.,0.));
#4065 = PCURVE('',#100,#4066);
#4066 = DEFINITIONAL_REPRESENTATION('',(#4067),#4071);
#4067 = LINE('',#4068,#4069);
#4068 = CARTESIAN_POINT('',(11.7578125,-10.72361132812));
#4069 = VECTOR('',#4070,1.);
#4070 = DIRECTION('',(0.,1.));
#4071 = ( GEOMETRIC_REPRESENTATION_CONTEXT(2) 
PARAMETRIC_REPRESENTATION_CONTEXT() REPRESENTATION_CONTEXT('2D SPACE',''
  ) );
#4072 = PCURVE('',#4073,#4078);
#4073 = PLANE('',#4074);
#4074 = AXIS2_PLACEMENT_3D('',#4075,#4076,#4077);
#4075 = CARTESIAN_POINT('',(11.7578125,-10.72361132812,2.));
#4076 = DIRECTION('',(-1.,0.,0.));
#4077 = DIRECTION('',(0.,1.,0.));
#4078 = DEFINITIONAL_REPRESENTATION('',(#4079),#4083);
#4079 = LINE('',#4080,#4081);
#4080 = CARTESIAN_POINT('',(0.,0.));
#4081 = VECTOR('',#4082,1.);
#4082 = DIRECTION('',(1.,0.));
#4083 = ( GEOMETRIC_REPRESENTATION_CONTEXT(2) 
PARAMETRIC_REPRESENTATION_CONTEXT() REPRESENTATION_CONTEXT('2D SPACE',''
  ) );
#4084 = ORIENTED_EDGE('',*,*,#4085,.T.);
#4085 = EDGE_CURVE('',#4058,#4086,#4088,.T.);
#4086 = VERTEX_POINT('',#4087);
#4087 = CARTESIAN_POINT('',(12.2314453125,-7.144509765625,2.));
#4088 = SURFACE_CURVE('',#4089,(#4093,#4100),.PCURVE_S1.);
#4089 = LINE('',#4090,#4091);
#4090 = CARTESIAN_POINT('',(11.7578125,-7.144509765625,2.));
#4091 = VECTOR('',#4092,1.);
#4092 = DIRECTION('',(1.,0.,0.));
#4093 = PCURVE('',#100,#4094);
#4094 = DEFINITIONAL_REPRESENTATION('',(#4095),#4099);
#4095 = LINE('',#4096,#4097);
#4096 = CARTESIAN_POINT('',(11.7578125,-7.144509765625));
#4097 = VECTOR('',#4098,1.);
#4098 = DIRECTION('',(1.,0.));
#4099 = ( GEOMETRIC_REPRESENTATION_CONTEXT(2) 
PARAMETRIC_REPRESENTATION_CONTEXT() REPRESENTATION_CONTEXT('2D SPACE',''
  ) );
#4100 = PCURVE('',#4101,#4106);
#4101 = PLANE('',#4102);
#4102 = AXIS2_PLACEMENT_3D('',#4103,#4104,#4105);
#4103 = CARTESIAN_POINT('',(11.7578125,-7.144509765625,2.));
#4104 = DIRECTION('',(0.,1.,0.));
#4105 = DIRECTION('',(1.,0.,0.));
#4106 = DEFINITIONAL_REPRESENTATION('',(#4107),#4111);
#4107 = LINE('',#4108,#4109);
#4108 = CARTESIAN_POINT('',(0.,0.));
#4109 = VECTOR('',#4110,1.);
#4110 = DIRECTION('',(1.,0.));
#4111 = ( GEOMETRIC_REPRESENTATION_CONTEXT(2) 
PARAMETRIC_REPRESENTATION_CONTEXT() REPRESENTATION_CONTEXT('2D SPACE',''
  ) );
#4112 = ORIENTED_EDGE('',*,*,#4113,.T.);
#4113 = EDGE_CURVE('',#4086,#4114,#4116,.T.);
#4114 = VERTEX_POINT('',#4115);
#4115 = CARTESIAN_POINT('',(12.2314453125,-10.30124804687,2.));
#4116 = SURFACE_CURVE('',#4117,(#4121,#4128),.PCURVE_S1.);
#4117 = LINE('',#4118,#4119);
#4118 = CARTESIAN_POINT('',(12.2314453125,-7.144509765625,2.));
#4119 = VECTOR('',#4120,1.);
#4120 = DIRECTION('',(0.,-1.,0.));
#4121 = PCURVE('',#100,#4122);
#4122 = DEFINITIONAL_REPRESENTATION('',(#4123),#4127);
#4123 = LINE('',#4124,#4125);
#4124 = CARTESIAN_POINT('',(12.2314453125,-7.144509765625));
#4125 = VECTOR('',#4126,1.);
#4126 = DIRECTION('',(0.,-1.));
#4127 = ( GEOMETRIC_REPRESENTATION_CONTEXT(2) 
PARAMETRIC_REPRESENTATION_CONTEXT() REPRESENTATION_CONTEXT('2D SPACE',''
  ) );
#4128 = PCURVE('',#4129,#4134);
#4129 = PLANE('',#4130);
#4130 = AXIS2_PLACEMENT_3D('',#4131,#4132,#4133);
#4131 = CARTESIAN_POINT('',(12.2314453125,-7.144509765625,2.));
#4132 = DIRECTION('',(1.,0.,0.));
#4133 = DIRECTION('',(0.,-1.,0.));
#4134 = DEFINITIONAL_REPRESENTATION('',(#4135),#4139);
#4135 = LINE('',#4136,#4137);
#4136 = CARTESIAN_POINT('',(0.,0.));
#4137 = VECTOR('',#4138,1.);
#4138 = DIRECTION('',(1.,0.));
#4139 = ( GEOMETRIC_REPRESENTATION_CONTEXT(2) 
PARAMETRIC_REPRESENTATION_CONTEXT() REPRESENTATION_CONTEXT('2D SPACE',''
  ) );
#4140 = ORIENTED_EDGE('',*,*,#4141,.T.);
#4141 = EDGE_CURVE('',#4114,#4000,#4142,.T.);
#4142 = SURFACE_CURVE('',#4143,(#4147,#4154),.PCURVE_S1.);
#4143 = LINE('',#4144,#4145);
#4144 = CARTESIAN_POINT('',(12.2314453125,-10.30124804687,2.));
#4145 = VECTOR('',#4146,1.);
#4146 = DIRECTION('',(1.,0.,0.));
#4147 = PCURVE('',#100,#4148);
#4148 = DEFINITIONAL_REPRESENTATION('',(#4149),#4153);
#4149 = LINE('',#4150,#4151);
#4150 = CARTESIAN_POINT('',(12.2314453125,-10.30124804687));
#4151 = VECTOR('',#4152,1.);
#4152 = DIRECTION('',(1.,0.));
#4153 = ( GEOMETRIC_REPRESENTATION_CONTEXT(2) 
PARAMETRIC_REPRESENTATION_CONTEXT() REPRESENTATION_CONTEXT('2D SPACE',''
  ) );
#4154 = PCURVE('',#4155,#4160);
#4155 = PLANE('',#4156);
#4156 = AXIS2_PLACEMENT_3D('',#4157,#4158,#4159);
#4157 = CARTESIAN_POINT('',(12.2314453125,-10.30124804687,2.));
#4158 = DIRECTION('',(0.,1.,0.));
#4159 = DIRECTION('',(1.,0.,0.));
#4160 = DEFINITIONAL_REPRESENTATION('',(#4161),#4165);
#4161 = LINE('',#4162,#4163);
#4162 = CARTESIAN_POINT('',(0.,0.));
#4163 = VECTOR('',#4164,1.);
#4164 = DIRECTION('',(1.,0.));
#4165 = ( GEOMETRIC_REPRESENTATION_CONTEXT(2) 
PARAMETRIC_REPRESENTATION_CONTEXT() REPRESENTATION_CONTEXT('2D SPACE',''
  ) );
#4166 = FACE_BOUND('',#4167,.T.);
#4167 = EDGE_LOOP('',(#4168));
#4168 = ORIENTED_EDGE('',*,*,#4169,.T.);
#4169 = EDGE_CURVE('',#4170,#4170,#4172,.T.);
#4170 = VERTEX_POINT('',#4171);
#4171 = CARTESIAN_POINT('',(25.8,-10.2,2.));
#4172 = SURFACE_CURVE('',#4173,(#4178,#4189),.PCURVE_S1.);
#4173 = CIRCLE('',#4174,2.6);
#4174 = AXIS2_PLACEMENT_3D('',#4175,#4176,#4177);
#4175 = CARTESIAN_POINT('',(23.2,-10.2,2.));
#4176 = DIRECTION('',(0.,0.,-1.));
#4177 = DIRECTION('',(1.,0.,0.));
#4178 = PCURVE('',#100,#4179);
#4179 = DEFINITIONAL_REPRESENTATION('',(#4180),#4188);
#4180 = ( BOUNDED_CURVE() B_SPLINE_CURVE(2,(#4181,#4182,#4183,#4184,
#4185,#4186,#4187),.UNSPECIFIED.,.T.,.F.) B_SPLINE_CURVE_WITH_KNOTS((1,2
    ,2,2,2,1),(-2.094395102393,0.,2.094395102393,4.188790204786,
6.28318530718,8.377580409573),.UNSPECIFIED.) CURVE() 
GEOMETRIC_REPRESENTATION_ITEM() RATIONAL_B_SPLINE_CURVE((1.,0.5,1.,0.5,
1.,0.5,1.)) REPRESENTATION_ITEM('') );
#4181 = CARTESIAN_POINT('',(25.8,-10.2));
#4182 = CARTESIAN_POINT('',(25.8,-14.70333209967));
#4183 = CARTESIAN_POINT('',(21.9,-12.45166604984));
#4184 = CARTESIAN_POINT('',(18.,-10.2));
#4185 = CARTESIAN_POINT('',(21.9,-7.94833395016));
#4186 = CARTESIAN_POINT('',(25.8,-5.696667900321));
#4187 = CARTESIAN_POINT('',(25.8,-10.2));
#4188 = ( GEOMETRIC_REPRESENTATION_CONTEXT(2) 
PARAMETRIC_REPRESENTATION_CONTEXT() REPRESENTATION_CONTEXT('2D SPACE',''
  ) );
#4189 = PCURVE('',#4190,#4195);
#4190 = CYLINDRICAL_SURFACE('',#4191,2.6);
#4191 = AXIS2_PLACEMENT_3D('',#4192,#4193,#4194);
#4192 = CARTESIAN_POINT('',(23.2,-10.2,0.9));
#4193 = DIRECTION('',(-0.,-0.,-1.));
#4194 = DIRECTION('',(1.,0.,0.));
#4195 = DEFINITIONAL_REPRESENTATION('',(#4196),#4200);
#4196 = LINE('',#4197,#4198);
#4197 = CARTESIAN_POINT('',(-6.28318530718,-1.1));
#4198 = VECTOR('',#4199,1.);
#4199 = DIRECTION('',(1.,-0.));
#4200 = ( GEOMETRIC_REPRESENTATION_CONTEXT(2) 
PARAMETRIC_REPRESENTATION_CONTEXT() REPRESENTATION_CONTEXT('2D SPACE',''
  ) );
#4201 = FACE_BOUND('',#4202,.T.);
#4202 = EDGE_LOOP('',(#4203,#4231,#4257,#4283));
#4203 = ORIENTED_EDGE('',*,*,#4204,.T.);
#4204 = EDGE_CURVE('',#4205,#4207,#4209,.T.);
#4205 = VERTEX_POINT('',#4206);
#4206 = CARTESIAN_POINT('',(9.,-4.,2.));
#4207 = VERTEX_POINT('',#4208);
#4208 = CARTESIAN_POINT('',(9.,-6.,2.));
#4209 = SURFACE_CURVE('',#4210,(#4214,#4220),.PCURVE_S1.);
#4210 = LINE('',#4211,#4212);
#4211 = CARTESIAN_POINT('',(9.,-3.,2.));
#4212 = VECTOR('',#4213,1.);
#4213 = DIRECTION('',(0.,-1.,0.));
#4214 = PCURVE('',#100,#4215);
#4215 = DEFINITIONAL_REPRESENTATION('',(#4216),#4219);
#4216 = B_SPLINE_CURVE_WITH_KNOTS('',1,(#4217,#4218),.UNSPECIFIED.,.F.,
  .F.,(2,2),(1.,3.),.PIECEWISE_BEZIER_KNOTS.);
#4217 = CARTESIAN_POINT('',(9.,-4.));
#4218 = CARTESIAN_POINT('',(9.,-6.));
#4219 = ( GEOMETRIC_REPRESENTATION_CONTEXT(2) 
PARAMETRIC_REPRESENTATION_CONTEXT() REPRESENTATION_CONTEXT('2D SPACE',''
  ) );
#4220 = PCURVE('',#4221,#4226);
#4221 = PLANE('',#4222);
#4222 = AXIS2_PLACEMENT_3D('',#4223,#4224,#4225);
#4223 = CARTESIAN_POINT('',(9.,-6.,0.));
#4224 = DIRECTION('',(-1.,0.,0.));
#4225 = DIRECTION('',(0.,1.,0.));
#4226 = DEFINITIONAL_REPRESENTATION('',(#4227),#4230);
#4227 = B_SPLINE_CURVE_WITH_KNOTS('',1,(#4228,#4229),.UNSPECIFIED.,.F.,
  .F.,(2,2),(1.,3.),.PIECEWISE_BEZIER_KNOTS.);
#4228 = CARTESIAN_POINT('',(2.,-2.));
#4229 = CARTESIAN_POINT('',(0.,-2.));
#4230 = ( GEOMETRIC_REPRESENTATION_CONTEXT(2) 
PARAMETRIC_REPRESENTATION_CONTEXT() REPRESENTATION_CONTEXT('2D SPACE',''
  ) );
#4231 = ORIENTED_EDGE('',*,*,#4232,.T.);
#4232 = EDGE_CURVE('',#4207,#4233,#4235,.T.);
#4233 = VERTEX_POINT('',#4234);
#4234 = CARTESIAN_POINT('',(-9.,-6.,2.));
#4235 = SURFACE_CURVE('',#4236,(#4240,#4246),.PCURVE_S1.);
#4236 = LINE('',#4237,#4238);
#4237 = CARTESIAN_POINT('',(-4.5,-6.,2.));
#4238 = VECTOR('',#4239,1.);
#4239 = DIRECTION('',(-1.,0.,0.));
#4240 = PCURVE('',#100,#4241);
#4241 = DEFINITIONAL_REPRESENTATION('',(#4242),#4245);
#4242 = B_SPLINE_CURVE_WITH_KNOTS('',1,(#4243,#4244),.UNSPECIFIED.,.F.,
  .F.,(2,2),(-13.5,4.5),.PIECEWISE_BEZIER_KNOTS.);
#4243 = CARTESIAN_POINT('',(9.,-6.));
#4244 = CARTESIAN_POINT('',(-9.,-6.));
#4245 = ( GEOMETRIC_REPRESENTATION_CONTEXT(2) 
PARAMETRIC_REPRESENTATION_CONTEXT() REPRESENTATION_CONTEXT('2D SPACE',''
  ) );
#4246 = PCURVE('',#4247,#4252);
#4247 = PLANE('',#4248);
#4248 = AXIS2_PLACEMENT_3D('',#4249,#4250,#4251);
#4249 = CARTESIAN_POINT('',(-9.,-6.,0.));
#4250 = DIRECTION('',(0.,1.,0.));
#4251 = DIRECTION('',(1.,0.,0.));
#4252 = DEFINITIONAL_REPRESENTATION('',(#4253),#4256);
#4253 = B_SPLINE_CURVE_WITH_KNOTS('',1,(#4254,#4255),.UNSPECIFIED.,.F.,
  .F.,(2,2),(-13.5,4.5),.PIECEWISE_BEZIER_KNOTS.);
#4254 = CARTESIAN_POINT('',(18.,-2.));
#4255 = CARTESIAN_POINT('',(0.,-2.));
#4256 = ( GEOMETRIC_REPRESENTATION_CONTEXT(2) 
PARAMETRIC_REPRESENTATION_CONTEXT() REPRESENTATION_CONTEXT('2D SPACE',''
  ) );
#4257 = ORIENTED_EDGE('',*,*,#4258,.T.);
#4258 = EDGE_CURVE('',#4233,#4259,#4261,.T.);
#4259 = VERTEX_POINT('',#4260);
#4260 = CARTESIAN_POINT('',(-9.,-4.,2.));
#4261 = SURFACE_CURVE('',#4262,(#4266,#4272),.PCURVE_S1.);
#4262 = LINE('',#4263,#4264);
#4263 = CARTESIAN_POINT('',(-9.,-2.,2.));
#4264 = VECTOR('',#4265,1.);
#4265 = DIRECTION('',(-0.,1.,0.));
#4266 = PCURVE('',#100,#4267);
#4267 = DEFINITIONAL_REPRESENTATION('',(#4268),#4271);
#4268 = B_SPLINE_CURVE_WITH_KNOTS('',1,(#4269,#4270),.UNSPECIFIED.,.F.,
  .F.,(2,2),(-4.,-2.),.PIECEWISE_BEZIER_KNOTS.);
#4269 = CARTESIAN_POINT('',(-9.,-6.));
#4270 = CARTESIAN_POINT('',(-9.,-4.));
#4271 = ( GEOMETRIC_REPRESENTATION_CONTEXT(2) 
PARAMETRIC_REPRESENTATION_CONTEXT() REPRESENTATION_CONTEXT('2D SPACE',''
  ) );
#4272 = PCURVE('',#4273,#4278);
#4273 = PLANE('',#4274);
#4274 = AXIS2_PLACEMENT_3D('',#4275,#4276,#4277);
#4275 = CARTESIAN_POINT('',(-9.,-4.,0.));
#4276 = DIRECTION('',(1.,0.,-0.));
#4277 = DIRECTION('',(0.,-1.,0.));
#4278 = DEFINITIONAL_REPRESENTATION('',(#4279),#4282);
#4279 = B_SPLINE_CURVE_WITH_KNOTS('',1,(#4280,#4281),.UNSPECIFIED.,.F.,
  .F.,(2,2),(-4.,-2.),.PIECEWISE_BEZIER_KNOTS.);
#4280 = CARTESIAN_POINT('',(2.,-2.));
#4281 = CARTESIAN_POINT('',(0.,-2.));
#4282 = ( GEOMETRIC_REPRESENTATION_CONTEXT(2) 
PARAMETRIC_REPRESENTATION_CONTEXT() REPRESENTATION_CONTEXT('2D SPACE',''
  ) );
#4283 = ORIENTED_EDGE('',*,*,#4284,.T.);
#4284 = EDGE_CURVE('',#4259,#4205,#4285,.T.);
#4285 = SURFACE_CURVE('',#4286,(#4290,#4296),.PCURVE_S1.);
#4286 = LINE('',#4287,#4288);
#4287 = CARTESIAN_POINT('',(4.5,-4.,2.));
#4288 = VECTOR('',#4289,1.);
#4289 = DIRECTION('',(1.,0.,-0.));
#4290 = PCURVE('',#100,#4291);
#4291 = DEFINITIONAL_REPRESENTATION('',(#4292),#4295);
#4292 = B_SPLINE_CURVE_WITH_KNOTS('',1,(#4293,#4294),.UNSPECIFIED.,.F.,
  .F.,(2,2),(-13.5,4.5),.PIECEWISE_BEZIER_KNOTS.);
#4293 = CARTESIAN_POINT('',(-9.,-4.));
#4294 = CARTESIAN_POINT('',(9.,-4.));
#4295 = ( GEOMETRIC_REPRESENTATION_CONTEXT(2) 
PARAMETRIC_REPRESENTATION_CONTEXT() REPRESENTATION_CONTEXT('2D SPACE',''
  ) );
#4296 = PCURVE('',#4297,#4302);
#4297 = PLANE('',#4298);
#4298 = AXIS2_PLACEMENT_3D('',#4299,#4300,#4301);
#4299 = CARTESIAN_POINT('',(9.,-4.,0.));
#4300 = DIRECTION('',(0.,-1.,0.));
#4301 = DIRECTION('',(-1.,0.,0.));
#4302 = DEFINITIONAL_REPRESENTATION('',(#4303),#4306);
#4303 = B_SPLINE_CURVE_WITH_KNOTS('',1,(#4304,#4305),.UNSPECIFIED.,.F.,
  .F.,(2,2),(-13.5,4.5),.PIECEWISE_BEZIER_KNOTS.);
#4304 = CARTESIAN_POINT('',(18.,-2.));
#4305 = CARTESIAN_POINT('',(0.,-2.));
#4306 = ( GEOMETRIC_REPRESENTATION_CONTEXT(2) 
PARAMETRIC_REPRESENTATION_CONTEXT() REPRESENTATION_CONTEXT('2D SPACE',''
  ) );
#4307 = FACE_BOUND('',#4308,.T.);
#4308 = EDGE_LOOP('',(#4309,#4337,#4363,#4389));
#4309 = ORIENTED_EDGE('',*,*,#4310,.T.);
#4310 = EDGE_CURVE('',#4311,#4313,#4315,.T.);
#4311 = VERTEX_POINT('',#4312);
#4312 = CARTESIAN_POINT('',(9.,1.,2.));
#4313 = VERTEX_POINT('',#4314);
#4314 = CARTESIAN_POINT('',(9.,-1.,2.));
#4315 = SURFACE_CURVE('',#4316,(#4320,#4326),.PCURVE_S1.);
#4316 = LINE('',#4317,#4318);
#4317 = CARTESIAN_POINT('',(9.,-0.5,2.));
#4318 = VECTOR('',#4319,1.);
#4319 = DIRECTION('',(0.,-1.,0.));
#4320 = PCURVE('',#100,#4321);
#4321 = DEFINITIONAL_REPRESENTATION('',(#4322),#4325);
#4322 = B_SPLINE_CURVE_WITH_KNOTS('',1,(#4323,#4324),.UNSPECIFIED.,.F.,
  .F.,(2,2),(-1.5,0.5),.PIECEWISE_BEZIER_KNOTS.);
#4323 = CARTESIAN_POINT('',(9.,1.));
#4324 = CARTESIAN_POINT('',(9.,-1.));
#4325 = ( GEOMETRIC_REPRESENTATION_CONTEXT(2) 
PARAMETRIC_REPRESENTATION_CONTEXT() REPRESENTATION_CONTEXT('2D SPACE',''
  ) );
#4326 = PCURVE('',#4327,#4332);
#4327 = PLANE('',#4328);
#4328 = AXIS2_PLACEMENT_3D('',#4329,#4330,#4331);
#4329 = CARTESIAN_POINT('',(9.,-1.,0.));
#4330 = DIRECTION('',(-1.,0.,0.));
#4331 = DIRECTION('',(0.,1.,0.));
#4332 = DEFINITIONAL_REPRESENTATION('',(#4333),#4336);
#4333 = B_SPLINE_CURVE_WITH_KNOTS('',1,(#4334,#4335),.UNSPECIFIED.,.F.,
  .F.,(2,2),(-1.5,0.5),.PIECEWISE_BEZIER_KNOTS.);
#4334 = CARTESIAN_POINT('',(2.,-2.));
#4335 = CARTESIAN_POINT('',(0.,-2.));
#4336 = ( GEOMETRIC_REPRESENTATION_CONTEXT(2) 
PARAMETRIC_REPRESENTATION_CONTEXT() REPRESENTATION_CONTEXT('2D SPACE',''
  ) );
#4337 = ORIENTED_EDGE('',*,*,#4338,.T.);
#4338 = EDGE_CURVE('',#4313,#4339,#4341,.T.);
#4339 = VERTEX_POINT('',#4340);
#4340 = CARTESIAN_POINT('',(-9.,-1.,2.));
#4341 = SURFACE_CURVE('',#4342,(#4346,#4352),.PCURVE_S1.);
#4342 = LINE('',#4343,#4344);
#4343 = CARTESIAN_POINT('',(-4.5,-1.,2.));
#4344 = VECTOR('',#4345,1.);
#4345 = DIRECTION('',(-1.,0.,0.));
#4346 = PCURVE('',#100,#4347);
#4347 = DEFINITIONAL_REPRESENTATION('',(#4348),#4351);
#4348 = B_SPLINE_CURVE_WITH_KNOTS('',1,(#4349,#4350),.UNSPECIFIED.,.F.,
  .F.,(2,2),(-13.5,4.5),.PIECEWISE_BEZIER_KNOTS.);
#4349 = CARTESIAN_POINT('',(9.,-1.));
#4350 = CARTESIAN_POINT('',(-9.,-1.));
#4351 = ( GEOMETRIC_REPRESENTATION_CONTEXT(2) 
PARAMETRIC_REPRESENTATION_CONTEXT() REPRESENTATION_CONTEXT('2D SPACE',''
  ) );
#4352 = PCURVE('',#4353,#4358);
#4353 = PLANE('',#4354);
#4354 = AXIS2_PLACEMENT_3D('',#4355,#4356,#4357);
#4355 = CARTESIAN_POINT('',(-9.,-1.,0.));
#4356 = DIRECTION('',(0.,1.,0.));
#4357 = DIRECTION('',(1.,0.,0.));
#4358 = DEFINITIONAL_REPRESENTATION('',(#4359),#4362);
#4359 = B_SPLINE_CURVE_WITH_KNOTS('',1,(#4360,#4361),.UNSPECIFIED.,.F.,
  .F.,(2,2),(-13.5,4.5),.PIECEWISE_BEZIER_KNOTS.);
#4360 = CARTESIAN_POINT('',(18.,-2.));
#4361 = CARTESIAN_POINT('',(0.,-2.));
#4362 = ( GEOMETRIC_REPRESENTATION_CONTEXT(2) 
PARAMETRIC_REPRESENTATION_CONTEXT() REPRESENTATION_CONTEXT('2D SPACE',''
  ) );
#4363 = ORIENTED_EDGE('',*,*,#4364,.T.);
#4364 = EDGE_CURVE('',#4339,#4365,#4367,.T.);
#4365 = VERTEX_POINT('',#4366);
#4366 = CARTESIAN_POINT('',(-9.,1.,2.));
#4367 = SURFACE_CURVE('',#4368,(#4372,#4378),.PCURVE_S1.);
#4368 = LINE('',#4369,#4370);
#4369 = CARTESIAN_POINT('',(-9.,0.5,2.));
#4370 = VECTOR('',#4371,1.);
#4371 = DIRECTION('',(-0.,1.,0.));
#4372 = PCURVE('',#100,#4373);
#4373 = DEFINITIONAL_REPRESENTATION('',(#4374),#4377);
#4374 = B_SPLINE_CURVE_WITH_KNOTS('',1,(#4375,#4376),.UNSPECIFIED.,.F.,
  .F.,(2,2),(-1.5,0.5),.PIECEWISE_BEZIER_KNOTS.);
#4375 = CARTESIAN_POINT('',(-9.,-1.));
#4376 = CARTESIAN_POINT('',(-9.,1.));
#4377 = ( GEOMETRIC_REPRESENTATION_CONTEXT(2) 
PARAMETRIC_REPRESENTATION_CONTEXT() REPRESENTATION_CONTEXT('2D SPACE',''
  ) );
#4378 = PCURVE('',#4379,#4384);
#4379 = PLANE('',#4380);
#4380 = AXIS2_PLACEMENT_3D('',#4381,#4382,#4383);
#4381 = CARTESIAN_POINT('',(-9.,1.,0.));
#4382 = DIRECTION('',(1.,0.,-0.));
#4383 = DIRECTION('',(0.,-1.,0.));
#4384 = DEFINITIONAL_REPRESENTATION('',(#4385),#4388);
#4385 = B_SPLINE_CURVE_WITH_KNOTS('',1,(#4386,#4387),.UNSPECIFIED.,.F.,
  .F.,(2,2),(-1.5,0.5),.PIECEWISE_BEZIER_KNOTS.);
#4386 = CARTESIAN_POINT('',(2.,-2.));
#4387 = CARTESIAN_POINT('',(0.,-2.));
#4388 = ( GEOMETRIC_REPRESENTATION_CONTEXT(2) 
PARAMETRIC_REPRESENTATION_CONTEXT() REPRESENTATION_CONTEXT('2D SPACE',''
  ) );
#4389 = ORIENTED_EDGE('',*,*,#4390,.T.);
#4390 = EDGE_CURVE('',#4365,#4311,#4391,.T.);
#4391 = SURFACE_CURVE('',#4392,(#4396,#4402),.PCURVE_S1.);
#4392 = LINE('',#4393,#4394);
#4393 = CARTESIAN_POINT('',(4.5,1.,2.));
#4394 = VECTOR('',#4395,1.);
#4395 = DIRECTION('',(1.,0.,-0.));
#4396 = PCURVE('',#100,#4397);
#4397 = DEFINITIONAL_REPRESENTATION('',(#4398),#4401);
#4398 = B_SPLINE_CURVE_WITH_KNOTS('',1,(#4399,#4400),.UNSPECIFIED.,.F.,
  .F.,(2,2),(-13.5,4.5),.PIECEWISE_BEZIER_KNOTS.);
#4399 = CARTESIAN_POINT('',(-9.,1.));
#4400 = CARTESIAN_POINT('',(9.,1.));
#4401 = ( GEOMETRIC_REPRESENTATION_CONTEXT(2) 
PARAMETRIC_REPRESENTATION_CONTEXT() REPRESENTATION_CONTEXT('2D SPACE',''
  ) );
#4402 = PCURVE('',#4403,#4408);
#4403 = PLANE('',#4404);
#4404 = AXIS2_PLACEMENT_3D('',#4405,#4406,#4407);
#4405 = CARTESIAN_POINT('',(9.,1.,0.));
#4406 = DIRECTION('',(0.,-1.,0.));
#4407 = DIRECTION('',(-1.,0.,0.));
#4408 = DEFINITIONAL_REPRESENTATION('',(#4409),#4412);
#4409 = B_SPLINE_CURVE_WITH_KNOTS('',1,(#4410,#4411),.UNSPECIFIED.,.F.,
  .F.,(2,2),(-13.5,4.5),.PIECEWISE_BEZIER_KNOTS.);
#4410 = CARTESIAN_POINT('',(18.,-2.));
#4411 = CARTESIAN_POINT('',(0.,-2.));
#4412 = ( GEOMETRIC_REPRESENTATION_CONTEXT(2) 
PARAMETRIC_REPRESENTATION_CONTEXT() REPRESENTATION_CONTEXT('2D SPACE',''
  ) );
#4413 = FACE_BOUND('',#4414,.T.);
#4414 = EDGE_LOOP('',(#4415));
#4415 = ORIENTED_EDGE('',*,*,#4416,.T.);
#4416 = EDGE_CURVE('',#4417,#4417,#4419,.T.);
#4417 = VERTEX_POINT('',#4418);
#4418 = CARTESIAN_POINT('',(-20.6,10.2,2.));
#4419 = SURFACE_CURVE('',#4420,(#4425,#4436),.PCURVE_S1.);
#4420 = CIRCLE('',#4421,2.6);
#4421 = AXIS2_PLACEMENT_3D('',#4422,#4423,#4424);
#4422 = CARTESIAN_POINT('',(-23.2,10.2,2.));
#4423 = DIRECTION('',(0.,0.,-1.));
#4424 = DIRECTION('',(1.,0.,0.));
#4425 = PCURVE('',#100,#4426);
#4426 = DEFINITIONAL_REPRESENTATION('',(#4427),#4435);
#4427 = ( BOUNDED_CURVE() B_SPLINE_CURVE(2,(#4428,#4429,#4430,#4431,
#4432,#4433,#4434),.UNSPECIFIED.,.T.,.F.) B_SPLINE_CURVE_WITH_KNOTS((1,2
    ,2,2,2,1),(-2.094395102393,0.,2.094395102393,4.188790204786,
6.28318530718,8.377580409573),.UNSPECIFIED.) CURVE() 
GEOMETRIC_REPRESENTATION_ITEM() RATIONAL_B_SPLINE_CURVE((1.,0.5,1.,0.5,
1.,0.5,1.)) REPRESENTATION_ITEM('') );
#4428 = CARTESIAN_POINT('',(-20.6,10.2));
#4429 = CARTESIAN_POINT('',(-20.6,5.696667900321));
#4430 = CARTESIAN_POINT('',(-24.5,7.94833395016));
#4431 = CARTESIAN_POINT('',(-28.4,10.2));
#4432 = CARTESIAN_POINT('',(-24.5,12.45166604984));
#4433 = CARTESIAN_POINT('',(-20.6,14.703332099679));
#4434 = CARTESIAN_POINT('',(-20.6,10.2));
#4435 = ( GEOMETRIC_REPRESENTATION_CONTEXT(2) 
PARAMETRIC_REPRESENTATION_CONTEXT() REPRESENTATION_CONTEXT('2D SPACE',''
  ) );
#4436 = PCURVE('',#4437,#4442);
#4437 = CYLINDRICAL_SURFACE('',#4438,2.6);
#4438 = AXIS2_PLACEMENT_3D('',#4439,#4440,#4441);
#4439 = CARTESIAN_POINT('',(-23.2,10.2,0.9));
#4440 = DIRECTION('',(-0.,-0.,-1.));
#4441 = DIRECTION('',(1.,0.,0.));
#4442 = DEFINITIONAL_REPRESENTATION('',(#4443),#4447);
#4443 = LINE('',#4444,#4445);
#4444 = CARTESIAN_POINT('',(-6.28318530718,-1.1));
#4445 = VECTOR('',#4446,1.);
#4446 = DIRECTION('',(1.,-0.));
#4447 = ( GEOMETRIC_REPRESENTATION_CONTEXT(2) 
PARAMETRIC_REPRESENTATION_CONTEXT() REPRESENTATION_CONTEXT('2D SPACE',''
  ) );
#4448 = FACE_BOUND('',#4449,.T.);
#4449 = EDGE_LOOP('',(#4450,#4478,#4504,#4530));
#4450 = ORIENTED_EDGE('',*,*,#4451,.T.);
#4451 = EDGE_CURVE('',#4452,#4454,#4456,.T.);
#4452 = VERTEX_POINT('',#4453);
#4453 = CARTESIAN_POINT('',(9.,6.,2.));
#4454 = VERTEX_POINT('',#4455);
#4455 = CARTESIAN_POINT('',(9.,4.,2.));
#4456 = SURFACE_CURVE('',#4457,(#4461,#4467),.PCURVE_S1.);
#4457 = LINE('',#4458,#4459);
#4458 = CARTESIAN_POINT('',(9.,2.,2.));
#4459 = VECTOR('',#4460,1.);
#4460 = DIRECTION('',(0.,-1.,0.));
#4461 = PCURVE('',#100,#4462);
#4462 = DEFINITIONAL_REPRESENTATION('',(#4463),#4466);
#4463 = B_SPLINE_CURVE_WITH_KNOTS('',1,(#4464,#4465),.UNSPECIFIED.,.F.,
  .F.,(2,2),(-4.,-2.),.PIECEWISE_BEZIER_KNOTS.);
#4464 = CARTESIAN_POINT('',(9.,6.));
#4465 = CARTESIAN_POINT('',(9.,4.));
#4466 = ( GEOMETRIC_REPRESENTATION_CONTEXT(2) 
PARAMETRIC_REPRESENTATION_CONTEXT() REPRESENTATION_CONTEXT('2D SPACE',''
  ) );
#4467 = PCURVE('',#4468,#4473);
#4468 = PLANE('',#4469);
#4469 = AXIS2_PLACEMENT_3D('',#4470,#4471,#4472);
#4470 = CARTESIAN_POINT('',(9.,4.,0.));
#4471 = DIRECTION('',(-1.,0.,0.));
#4472 = DIRECTION('',(0.,1.,0.));
#4473 = DEFINITIONAL_REPRESENTATION('',(#4474),#4477);
#4474 = B_SPLINE_CURVE_WITH_KNOTS('',1,(#4475,#4476),.UNSPECIFIED.,.F.,
  .F.,(2,2),(-4.,-2.),.PIECEWISE_BEZIER_KNOTS.);
#4475 = CARTESIAN_POINT('',(2.,-2.));
#4476 = CARTESIAN_POINT('',(0.,-2.));
#4477 = ( GEOMETRIC_REPRESENTATION_CONTEXT(2) 
PARAMETRIC_REPRESENTATION_CONTEXT() REPRESENTATION_CONTEXT('2D SPACE',''
  ) );
#4478 = ORIENTED_EDGE('',*,*,#4479,.T.);
#4479 = EDGE_CURVE('',#4454,#4480,#4482,.T.);
#4480 = VERTEX_POINT('',#4481);
#4481 = CARTESIAN_POINT('',(-9.,4.,2.));
#4482 = SURFACE_CURVE('',#4483,(#4487,#4493),.PCURVE_S1.);
#4483 = LINE('',#4484,#4485);
#4484 = CARTESIAN_POINT('',(-4.5,4.,2.));
#4485 = VECTOR('',#4486,1.);
#4486 = DIRECTION('',(-1.,0.,0.));
#4487 = PCURVE('',#100,#4488);
#4488 = DEFINITIONAL_REPRESENTATION('',(#4489),#4492);
#4489 = B_SPLINE_CURVE_WITH_KNOTS('',1,(#4490,#4491),.UNSPECIFIED.,.F.,
  .F.,(2,2),(-13.5,4.5),.PIECEWISE_BEZIER_KNOTS.);
#4490 = CARTESIAN_POINT('',(9.,4.));
#4491 = CARTESIAN_POINT('',(-9.,4.));
#4492 = ( GEOMETRIC_REPRESENTATION_CONTEXT(2) 
PARAMETRIC_REPRESENTATION_CONTEXT() REPRESENTATION_CONTEXT('2D SPACE',''
  ) );
#4493 = PCURVE('',#4494,#4499);
#4494 = PLANE('',#4495);
#4495 = AXIS2_PLACEMENT_3D('',#4496,#4497,#4498);
#4496 = CARTESIAN_POINT('',(-9.,4.,0.));
#4497 = DIRECTION('',(0.,1.,0.));
#4498 = DIRECTION('',(1.,0.,0.));
#4499 = DEFINITIONAL_REPRESENTATION('',(#4500),#4503);
#4500 = B_SPLINE_CURVE_WITH_KNOTS('',1,(#4501,#4502),.UNSPECIFIED.,.F.,
  .F.,(2,2),(-13.5,4.5),.PIECEWISE_BEZIER_KNOTS.);
#4501 = CARTESIAN_POINT('',(18.,-2.));
#4502 = CARTESIAN_POINT('',(0.,-2.));
#4503 = ( GEOMETRIC_REPRESENTATION_CONTEXT(2) 
PARAMETRIC_REPRESENTATION_CONTEXT() REPRESENTATION_CONTEXT('2D SPACE',''
  ) );
#4504 = ORIENTED_EDGE('',*,*,#4505,.T.);
#4505 = EDGE_CURVE('',#4480,#4506,#4508,.T.);
#4506 = VERTEX_POINT('',#4507);
#4507 = CARTESIAN_POINT('',(-9.,6.,2.));
#4508 = SURFACE_CURVE('',#4509,(#4513,#4519),.PCURVE_S1.);
#4509 = LINE('',#4510,#4511);
#4510 = CARTESIAN_POINT('',(-9.,3.,2.));
#4511 = VECTOR('',#4512,1.);
#4512 = DIRECTION('',(-0.,1.,0.));
#4513 = PCURVE('',#100,#4514);
#4514 = DEFINITIONAL_REPRESENTATION('',(#4515),#4518);
#4515 = B_SPLINE_CURVE_WITH_KNOTS('',1,(#4516,#4517),.UNSPECIFIED.,.F.,
  .F.,(2,2),(1.,3.),.PIECEWISE_BEZIER_KNOTS.);
#4516 = CARTESIAN_POINT('',(-9.,4.));
#4517 = CARTESIAN_POINT('',(-9.,6.));
#4518 = ( GEOMETRIC_REPRESENTATION_CONTEXT(2) 
PARAMETRIC_REPRESENTATION_CONTEXT() REPRESENTATION_CONTEXT('2D SPACE',''
  ) );
#4519 = PCURVE('',#4520,#4525);
#4520 = PLANE('',#4521);
#4521 = AXIS2_PLACEMENT_3D('',#4522,#4523,#4524);
#4522 = CARTESIAN_POINT('',(-9.,6.,0.));
#4523 = DIRECTION('',(1.,0.,-0.));
#4524 = DIRECTION('',(0.,-1.,0.));
#4525 = DEFINITIONAL_REPRESENTATION('',(#4526),#4529);
#4526 = B_SPLINE_CURVE_WITH_KNOTS('',1,(#4527,#4528),.UNSPECIFIED.,.F.,
  .F.,(2,2),(1.,3.),.PIECEWISE_BEZIER_KNOTS.);
#4527 = CARTESIAN_POINT('',(2.,-2.));
#4528 = CARTESIAN_POINT('',(0.,-2.));
#4529 = ( GEOMETRIC_REPRESENTATION_CONTEXT(2) 
PARAMETRIC_REPRESENTATION_CONTEXT() REPRESENTATION_CONTEXT('2D SPACE',''
  ) );
#4530 = ORIENTED_EDGE('',*,*,#4531,.T.);
#4531 = EDGE_CURVE('',#4506,#4452,#4532,.T.);
#4532 = SURFACE_CURVE('',#4533,(#4537,#4543),.PCURVE_S1.);
#4533 = LINE('',#4534,#4535);
#4534 = CARTESIAN_POINT('',(4.5,6.,2.));
#4535 = VECTOR('',#4536,1.);
#4536 = DIRECTION('',(1.,0.,-0.));
#4537 = PCURVE('',#100,#4538);
#4538 = DEFINITIONAL_REPRESENTATION('',(#4539),#4542);
#4539 = B_SPLINE_CURVE_WITH_KNOTS('',1,(#4540,#4541),.UNSPECIFIED.,.F.,
  .F.,(2,2),(-13.5,4.5),.PIECEWISE_BEZIER_KNOTS.);
#4540 = CARTESIAN_POINT('',(-9.,6.));
#4541 = CARTESIAN_POINT('',(9.,6.));
#4542 = ( GEOMETRIC_REPRESENTATION_CONTEXT(2) 
PARAMETRIC_REPRESENTATION_CONTEXT() REPRESENTATION_CONTEXT('2D SPACE',''
  ) );
#4543 = PCURVE('',#4544,#4549);
#4544 = PLANE('',#4545);
#4545 = AXIS2_PLACEMENT_3D('',#4546,#4547,#4548);
#4546 = CARTESIAN_POINT('',(9.,6.,0.));
#4547 = DIRECTION('',(0.,-1.,0.));
#4548 = DIRECTION('',(-1.,0.,0.));
#4549 = DEFINITIONAL_REPRESENTATION('',(#4550),#4553);
#4550 = B_SPLINE_CURVE_WITH_KNOTS('',1,(#4551,#4552),.UNSPECIFIED.,.F.,
  .F.,(2,2),(-13.5,4.5),.PIECEWISE_BEZIER_KNOTS.);
#4551 = CARTESIAN_POINT('',(18.,-2.));
#4552 = CARTESIAN_POINT('',(0.,-2.));
#4553 = ( GEOMETRIC_REPRESENTATION_CONTEXT(2) 
PARAMETRIC_REPRESENTATION_CONTEXT() REPRESENTATION_CONTEXT('2D SPACE',''
  ) );
#4554 = FACE_BOUND('',#4555,.T.);
#4555 = EDGE_LOOP('',(#4556,#4584,#4610,#4636));
#4556 = ORIENTED_EDGE('',*,*,#4557,.T.);
#4557 = EDGE_CURVE('',#4558,#4560,#4562,.T.);
#4558 = VERTEX_POINT('',#4559);
#4559 = CARTESIAN_POINT('',(9.,11.,2.));
#4560 = VERTEX_POINT('',#4561);
#4561 = CARTESIAN_POINT('',(9.,9.,2.));
#4562 = SURFACE_CURVE('',#4563,(#4567,#4573),.PCURVE_S1.);
#4563 = LINE('',#4564,#4565);
#4564 = CARTESIAN_POINT('',(9.,4.5,2.));
#4565 = VECTOR('',#4566,1.);
#4566 = DIRECTION('',(0.,-1.,0.));
#4567 = PCURVE('',#100,#4568);
#4568 = DEFINITIONAL_REPRESENTATION('',(#4569),#4572);
#4569 = B_SPLINE_CURVE_WITH_KNOTS('',1,(#4570,#4571),.UNSPECIFIED.,.F.,
  .F.,(2,2),(-6.5,-4.5),.PIECEWISE_BEZIER_KNOTS.);
#4570 = CARTESIAN_POINT('',(9.,11.));
#4571 = CARTESIAN_POINT('',(9.,9.));
#4572 = ( GEOMETRIC_REPRESENTATION_CONTEXT(2) 
PARAMETRIC_REPRESENTATION_CONTEXT() REPRESENTATION_CONTEXT('2D SPACE',''
  ) );
#4573 = PCURVE('',#4574,#4579);
#4574 = PLANE('',#4575);
#4575 = AXIS2_PLACEMENT_3D('',#4576,#4577,#4578);
#4576 = CARTESIAN_POINT('',(9.,9.,0.));
#4577 = DIRECTION('',(-1.,0.,0.));
#4578 = DIRECTION('',(0.,1.,0.));
#4579 = DEFINITIONAL_REPRESENTATION('',(#4580),#4583);
#4580 = B_SPLINE_CURVE_WITH_KNOTS('',1,(#4581,#4582),.UNSPECIFIED.,.F.,
  .F.,(2,2),(-6.5,-4.5),.PIECEWISE_BEZIER_KNOTS.);
#4581 = CARTESIAN_POINT('',(2.,-2.));
#4582 = CARTESIAN_POINT('',(0.,-2.));
#4583 = ( GEOMETRIC_REPRESENTATION_CONTEXT(2) 
PARAMETRIC_REPRESENTATION_CONTEXT() REPRESENTATION_CONTEXT('2D SPACE',''
  ) );
#4584 = ORIENTED_EDGE('',*,*,#4585,.T.);
#4585 = EDGE_CURVE('',#4560,#4586,#4588,.T.);
#4586 = VERTEX_POINT('',#4587);
#4587 = CARTESIAN_POINT('',(-9.,9.,2.));
#4588 = SURFACE_CURVE('',#4589,(#4593,#4599),.PCURVE_S1.);
#4589 = LINE('',#4590,#4591);
#4590 = CARTESIAN_POINT('',(-4.5,9.,2.));
#4591 = VECTOR('',#4592,1.);
#4592 = DIRECTION('',(-1.,0.,0.));
#4593 = PCURVE('',#100,#4594);
#4594 = DEFINITIONAL_REPRESENTATION('',(#4595),#4598);
#4595 = B_SPLINE_CURVE_WITH_KNOTS('',1,(#4596,#4597),.UNSPECIFIED.,.F.,
  .F.,(2,2),(-13.5,4.5),.PIECEWISE_BEZIER_KNOTS.);
#4596 = CARTESIAN_POINT('',(9.,9.));
#4597 = CARTESIAN_POINT('',(-9.,9.));
#4598 = ( GEOMETRIC_REPRESENTATION_CONTEXT(2) 
PARAMETRIC_REPRESENTATION_CONTEXT() REPRESENTATION_CONTEXT('2D SPACE',''
  ) );
#4599 = PCURVE('',#4600,#4605);
#4600 = PLANE('',#4601);
#4601 = AXIS2_PLACEMENT_3D('',#4602,#4603,#4604);
#4602 = CARTESIAN_POINT('',(-9.,9.,0.));
#4603 = DIRECTION('',(0.,1.,0.));
#4604 = DIRECTION('',(1.,0.,0.));
#4605 = DEFINITIONAL_REPRESENTATION('',(#4606),#4609);
#4606 = B_SPLINE_CURVE_WITH_KNOTS('',1,(#4607,#4608),.UNSPECIFIED.,.F.,
  .F.,(2,2),(-13.5,4.5),.PIECEWISE_BEZIER_KNOTS.);
#4607 = CARTESIAN_POINT('',(18.,-2.));
#4608 = CARTESIAN_POINT('',(0.,-2.));
#4609 = ( GEOMETRIC_REPRESENTATION_CONTEXT(2) 
PARAMETRIC_REPRESENTATION_CONTEXT() REPRESENTATION_CONTEXT('2D SPACE',''
  ) );
#4610 = ORIENTED_EDGE('',*,*,#4611,.T.);
#4611 = EDGE_CURVE('',#4586,#4612,#4614,.T.);
#4612 = VERTEX_POINT('',#4613);
#4613 = CARTESIAN_POINT('',(-9.,11.,2.));
#4614 = SURFACE_CURVE('',#4615,(#4619,#4625),.PCURVE_S1.);
#4615 = LINE('',#4616,#4617);
#4616 = CARTESIAN_POINT('',(-9.,5.5,2.));
#4617 = VECTOR('',#4618,1.);
#4618 = DIRECTION('',(-0.,1.,0.));
#4619 = PCURVE('',#100,#4620);
#4620 = DEFINITIONAL_REPRESENTATION('',(#4621),#4624);
#4621 = B_SPLINE_CURVE_WITH_KNOTS('',1,(#4622,#4623),.UNSPECIFIED.,.F.,
  .F.,(2,2),(3.5,5.5),.PIECEWISE_BEZIER_KNOTS.);
#4622 = CARTESIAN_POINT('',(-9.,9.));
#4623 = CARTESIAN_POINT('',(-9.,11.));
#4624 = ( GEOMETRIC_REPRESENTATION_CONTEXT(2) 
PARAMETRIC_REPRESENTATION_CONTEXT() REPRESENTATION_CONTEXT('2D SPACE',''
  ) );
#4625 = PCURVE('',#4626,#4631);
#4626 = PLANE('',#4627);
#4627 = AXIS2_PLACEMENT_3D('',#4628,#4629,#4630);
#4628 = CARTESIAN_POINT('',(-9.,11.,0.));
#4629 = DIRECTION('',(1.,0.,-0.));
#4630 = DIRECTION('',(0.,-1.,0.));
#4631 = DEFINITIONAL_REPRESENTATION('',(#4632),#4635);
#4632 = B_SPLINE_CURVE_WITH_KNOTS('',1,(#4633,#4634),.UNSPECIFIED.,.F.,
  .F.,(2,2),(3.5,5.5),.PIECEWISE_BEZIER_KNOTS.);
#4633 = CARTESIAN_POINT('',(2.,-2.));
#4634 = CARTESIAN_POINT('',(0.,-2.));
#4635 = ( GEOMETRIC_REPRESENTATION_CONTEXT(2) 
PARAMETRIC_REPRESENTATION_CONTEXT() REPRESENTATION_CONTEXT('2D SPACE',''
  ) );
#4636 = ORIENTED_EDGE('',*,*,#4637,.T.);
#4637 = EDGE_CURVE('',#4612,#4558,#4638,.T.);
#4638 = SURFACE_CURVE('',#4639,(#4643,#4649),.PCURVE_S1.);
#4639 = LINE('',#4640,#4641);
#4640 = CARTESIAN_POINT('',(4.5,11.,2.));
#4641 = VECTOR('',#4642,1.);
#4642 = DIRECTION('',(1.,0.,-0.));
#4643 = PCURVE('',#100,#4644);
#4644 = DEFINITIONAL_REPRESENTATION('',(#4645),#4648);
#4645 = B_SPLINE_CURVE_WITH_KNOTS('',1,(#4646,#4647),.UNSPECIFIED.,.F.,
  .F.,(2,2),(-13.5,4.5),.PIECEWISE_BEZIER_KNOTS.);
#4646 = CARTESIAN_POINT('',(-9.,11.));
#4647 = CARTESIAN_POINT('',(9.,11.));
#4648 = ( GEOMETRIC_REPRESENTATION_CONTEXT(2) 
PARAMETRIC_REPRESENTATION_CONTEXT() REPRESENTATION_CONTEXT('2D SPACE',''
  ) );
#4649 = PCURVE('',#4650,#4655);
#4650 = PLANE('',#4651);
#4651 = AXIS2_PLACEMENT_3D('',#4652,#4653,#4654);
#4652 = CARTESIAN_POINT('',(9.,11.,0.));
#4653 = DIRECTION('',(0.,-1.,0.));
#4654 = DIRECTION('',(-1.,0.,0.));
#4655 = DEFINITIONAL_REPRESENTATION('',(#4656),#4659);
#4656 = B_SPLINE_CURVE_WITH_KNOTS('',1,(#4657,#4658),.UNSPECIFIED.,.F.,
  .F.,(2,2),(-13.5,4.5),.PIECEWISE_BEZIER_KNOTS.);
#4657 = CARTESIAN_POINT('',(18.,-2.));
#4658 = CARTESIAN_POINT('',(0.,-2.));
#4659 = ( GEOMETRIC_REPRESENTATION_CONTEXT(2) 
PARAMETRIC_REPRESENTATION_CONTEXT() REPRESENTATION_CONTEXT('2D SPACE',''
  ) );
#4660 = FACE_BOUND('',#4661,.T.);
#4661 = EDGE_LOOP('',(#4662));
#4662 = ORIENTED_EDGE('',*,*,#4663,.T.);
#4663 = EDGE_CURVE('',#4664,#4664,#4666,.T.);
#4664 = VERTEX_POINT('',#4665);
#4665 = CARTESIAN_POINT('',(25.8,10.2,2.));
#4666 = SURFACE_CURVE('',#4667,(#4672,#4683),.PCURVE_S1.);
#4667 = CIRCLE('',#4668,2.6);
#4668 = AXIS2_PLACEMENT_3D('',#4669,#4670,#4671);
#4669 = CARTESIAN_POINT('',(23.2,10.2,2.));
#4670 = DIRECTION('',(0.,0.,-1.));
#4671 = DIRECTION('',(1.,0.,0.));
#4672 = PCURVE('',#100,#4673);
#4673 = DEFINITIONAL_REPRESENTATION('',(#4674),#4682);
#4674 = ( BOUNDED_CURVE() B_SPLINE_CURVE(2,(#4675,#4676,#4677,#4678,
#4679,#4680,#4681),.UNSPECIFIED.,.T.,.F.) B_SPLINE_CURVE_WITH_KNOTS((1,2
    ,2,2,2,1),(-2.094395102393,0.,2.094395102393,4.188790204786,
6.28318530718,8.377580409573),.UNSPECIFIED.) CURVE() 
GEOMETRIC_REPRESENTATION_ITEM() RATIONAL_B_SPLINE_CURVE((1.,0.5,1.,0.5,
1.,0.5,1.)) REPRESENTATION_ITEM('') );
#4675 = CARTESIAN_POINT('',(25.8,10.2));
#4676 = CARTESIAN_POINT('',(25.8,5.696667900321));
#4677 = CARTESIAN_POINT('',(21.9,7.94833395016));
#4678 = CARTESIAN_POINT('',(18.,10.2));
#4679 = CARTESIAN_POINT('',(21.9,12.45166604984));
#4680 = CARTESIAN_POINT('',(25.8,14.703332099679));
#4681 = CARTESIAN_POINT('',(25.8,10.2));
#4682 = ( GEOMETRIC_REPRESENTATION_CONTEXT(2) 
PARAMETRIC_REPRESENTATION_CONTEXT() REPRESENTATION_CONTEXT('2D SPACE',''
  ) );
#4683 = PCURVE('',#4684,#4689);
#4684 = CYLINDRICAL_SURFACE('',#4685,2.6);
#4685 = AXIS2_PLACEMENT_3D('',#4686,#4687,#4688);
#4686 = CARTESIAN_POINT('',(23.2,10.2,0.9));
#4687 = DIRECTION('',(-0.,-0.,-1.));
#4688 = DIRECTION('',(1.,0.,0.));
#4689 = DEFINITIONAL_REPRESENTATION('',(#4690),#4694);
#4690 = LINE('',#4691,#4692);
#4691 = CARTESIAN_POINT('',(-6.28318530718,-1.1));
#4692 = VECTOR('',#4693,1.);
#4693 = DIRECTION('',(1.,-0.));
#4694 = ( GEOMETRIC_REPRESENTATION_CONTEXT(2) 
PARAMETRIC_REPRESENTATION_CONTEXT() REPRESENTATION_CONTEXT('2D SPACE',''
  ) );
#4695 = ADVANCED_FACE('',(#4696),#296,.F.);
#4696 = FACE_BOUND('',#4697,.F.);
#4697 = EDGE_LOOP('',(#4698,#4699,#4720,#4721));
#4698 = ORIENTED_EDGE('',*,*,#280,.F.);
#4699 = ORIENTED_EDGE('',*,*,#4700,.T.);
#4700 = EDGE_CURVE('',#252,#748,#4701,.T.);
#4701 = SURFACE_CURVE('',#4702,(#4706,#4713),.PCURVE_S1.);
#4702 = LINE('',#4703,#4704);
#4703 = CARTESIAN_POINT('',(-29.2,12.2,0.));
#4704 = VECTOR('',#4705,1.);
#4705 = DIRECTION('',(0.,0.,1.));
#4706 = PCURVE('',#296,#4707);
#4707 = DEFINITIONAL_REPRESENTATION('',(#4708),#4712);
#4708 = LINE('',#4709,#4710);
#4709 = CARTESIAN_POINT('',(4.,0.));
#4710 = VECTOR('',#4711,1.);
#4711 = DIRECTION('',(0.,-1.));
#4712 = ( GEOMETRIC_REPRESENTATION_CONTEXT(2) 
PARAMETRIC_REPRESENTATION_CONTEXT() REPRESENTATION_CONTEXT('2D SPACE',''
  ) );
#4713 = PCURVE('',#268,#4714);
#4714 = DEFINITIONAL_REPRESENTATION('',(#4715),#4719);
#4715 = LINE('',#4716,#4717);
#4716 = CARTESIAN_POINT('',(1.570796326795,0.));
#4717 = VECTOR('',#4718,1.);
#4718 = DIRECTION('',(0.,1.));
#4719 = ( GEOMETRIC_REPRESENTATION_CONTEXT(2) 
PARAMETRIC_REPRESENTATION_CONTEXT() REPRESENTATION_CONTEXT('2D SPACE',''
  ) );
#4720 = ORIENTED_EDGE('',*,*,#771,.T.);
#4721 = ORIENTED_EDGE('',*,*,#572,.F.);
#4722 = ADVANCED_FACE('',(#4723),#182,.F.);
#4723 = FACE_BOUND('',#4724,.F.);
#4724 = EDGE_LOOP('',(#4725,#4726,#4727,#4728));
#4725 = ORIENTED_EDGE('',*,*,#166,.F.);
#4726 = ORIENTED_EDGE('',*,*,#626,.T.);
#4727 = ORIENTED_EDGE('',*,*,#677,.T.);
#4728 = ORIENTED_EDGE('',*,*,#4729,.F.);
#4729 = EDGE_CURVE('',#167,#678,#4730,.T.);
#4730 = SURFACE_CURVE('',#4731,(#4735,#4742),.PCURVE_S1.);
#4731 = LINE('',#4732,#4733);
#4732 = CARTESIAN_POINT('',(29.2,12.2,0.));
#4733 = VECTOR('',#4734,1.);
#4734 = DIRECTION('',(0.,0.,1.));
#4735 = PCURVE('',#182,#4736);
#4736 = DEFINITIONAL_REPRESENTATION('',(#4737),#4741);
#4737 = LINE('',#4738,#4739);
#4738 = CARTESIAN_POINT('',(28.4,0.));
#4739 = VECTOR('',#4740,1.);
#4740 = DIRECTION('',(0.,-1.));
#4741 = ( GEOMETRIC_REPRESENTATION_CONTEXT(2) 
PARAMETRIC_REPRESENTATION_CONTEXT() REPRESENTATION_CONTEXT('2D SPACE',''
  ) );
#4742 = PCURVE('',#211,#4743);
#4743 = DEFINITIONAL_REPRESENTATION('',(#4744),#4748);
#4744 = LINE('',#4745,#4746);
#4745 = CARTESIAN_POINT('',(0.,0.));
#4746 = VECTOR('',#4747,1.);
#4747 = DIRECTION('',(0.,1.));
#4748 = ( GEOMETRIC_REPRESENTATION_CONTEXT(2) 
PARAMETRIC_REPRESENTATION_CONTEXT() REPRESENTATION_CONTEXT('2D SPACE',''
  ) );
#4749 = ADVANCED_FACE('',(#4750),#268,.T.);
#4750 = FACE_BOUND('',#4751,.T.);
#4751 = EDGE_LOOP('',(#4752,#4753,#4754,#4755));
#4752 = ORIENTED_EDGE('',*,*,#251,.T.);
#4753 = ORIENTED_EDGE('',*,*,#4700,.T.);
#4754 = ORIENTED_EDGE('',*,*,#747,.F.);
#4755 = ORIENTED_EDGE('',*,*,#4756,.F.);
#4756 = EDGE_CURVE('',#224,#725,#4757,.T.);
#4757 = SURFACE_CURVE('',#4758,(#4762,#4769),.PCURVE_S1.);
#4758 = LINE('',#4759,#4760);
#4759 = CARTESIAN_POINT('',(-25.2,16.2,0.));
#4760 = VECTOR('',#4761,1.);
#4761 = DIRECTION('',(0.,0.,1.));
#4762 = PCURVE('',#268,#4763);
#4763 = DEFINITIONAL_REPRESENTATION('',(#4764),#4768);
#4764 = LINE('',#4765,#4766);
#4765 = CARTESIAN_POINT('',(0.,0.));
#4766 = VECTOR('',#4767,1.);
#4767 = DIRECTION('',(0.,1.));
#4768 = ( GEOMETRIC_REPRESENTATION_CONTEXT(2) 
PARAMETRIC_REPRESENTATION_CONTEXT() REPRESENTATION_CONTEXT('2D SPACE',''
  ) );
#4769 = PCURVE('',#239,#4770);
#4770 = DEFINITIONAL_REPRESENTATION('',(#4771),#4775);
#4771 = LINE('',#4772,#4773);
#4772 = CARTESIAN_POINT('',(54.4,0.));
#4773 = VECTOR('',#4774,1.);
#4774 = DIRECTION('',(0.,-1.));
#4775 = ( GEOMETRIC_REPRESENTATION_CONTEXT(2) 
PARAMETRIC_REPRESENTATION_CONTEXT() REPRESENTATION_CONTEXT('2D SPACE',''
  ) );
#4776 = ADVANCED_FACE('',(#4777),#211,.T.);
#4777 = FACE_BOUND('',#4778,.T.);
#4778 = EDGE_LOOP('',(#4779,#4780,#4801,#4802));
#4779 = ORIENTED_EDGE('',*,*,#194,.T.);
#4780 = ORIENTED_EDGE('',*,*,#4781,.T.);
#4781 = EDGE_CURVE('',#195,#701,#4782,.T.);
#4782 = SURFACE_CURVE('',#4783,(#4787,#4794),.PCURVE_S1.);
#4783 = LINE('',#4784,#4785);
#4784 = CARTESIAN_POINT('',(25.2,16.2,0.));
#4785 = VECTOR('',#4786,1.);
#4786 = DIRECTION('',(0.,0.,1.));
#4787 = PCURVE('',#211,#4788);
#4788 = DEFINITIONAL_REPRESENTATION('',(#4789),#4793);
#4789 = LINE('',#4790,#4791);
#4790 = CARTESIAN_POINT('',(1.570796326795,0.));
#4791 = VECTOR('',#4792,1.);
#4792 = DIRECTION('',(0.,1.));
#4793 = ( GEOMETRIC_REPRESENTATION_CONTEXT(2) 
PARAMETRIC_REPRESENTATION_CONTEXT() REPRESENTATION_CONTEXT('2D SPACE',''
  ) );
#4794 = PCURVE('',#239,#4795);
#4795 = DEFINITIONAL_REPRESENTATION('',(#4796),#4800);
#4796 = LINE('',#4797,#4798);
#4797 = CARTESIAN_POINT('',(4.,0.));
#4798 = VECTOR('',#4799,1.);
#4799 = DIRECTION('',(0.,-1.));
#4800 = ( GEOMETRIC_REPRESENTATION_CONTEXT(2) 
PARAMETRIC_REPRESENTATION_CONTEXT() REPRESENTATION_CONTEXT('2D SPACE',''
  ) );
#4801 = ORIENTED_EDGE('',*,*,#700,.F.);
#4802 = ORIENTED_EDGE('',*,*,#4729,.F.);
#4803 = ADVANCED_FACE('',(#4804),#239,.F.);
#4804 = FACE_BOUND('',#4805,.F.);
#4805 = EDGE_LOOP('',(#4806,#4807,#4808,#4809));
#4806 = ORIENTED_EDGE('',*,*,#223,.F.);
#4807 = ORIENTED_EDGE('',*,*,#4781,.T.);
#4808 = ORIENTED_EDGE('',*,*,#724,.T.);
#4809 = ORIENTED_EDGE('',*,*,#4756,.F.);
#4810 = ADVANCED_FACE('',(#4811),#354,.F.);
#4811 = FACE_BOUND('',#4812,.F.);
#4812 = EDGE_LOOP('',(#4813,#4843,#4864,#4865));
#4813 = ORIENTED_EDGE('',*,*,#4814,.F.);
#4814 = EDGE_CURVE('',#4815,#4817,#4819,.T.);
#4815 = VERTEX_POINT('',#4816);
#4816 = CARTESIAN_POINT('',(-25.2,-13.95,-1.));
#4817 = VERTEX_POINT('',#4818);
#4818 = CARTESIAN_POINT('',(25.2,-13.95,-1.));
#4819 = SURFACE_CURVE('',#4820,(#4824,#4831),.PCURVE_S1.);
#4820 = LINE('',#4821,#4822);
#4821 = CARTESIAN_POINT('',(-26.95,-13.95,-1.));
#4822 = VECTOR('',#4823,1.);
#4823 = DIRECTION('',(1.,0.,0.));
#4824 = PCURVE('',#354,#4825);
#4825 = DEFINITIONAL_REPRESENTATION('',(#4826),#4830);
#4826 = LINE('',#4827,#4828);
#4827 = CARTESIAN_POINT('',(0.,0.));
#4828 = VECTOR('',#4829,1.);
#4829 = DIRECTION('',(1.,0.));
#4830 = ( GEOMETRIC_REPRESENTATION_CONTEXT(2) 
PARAMETRIC_REPRESENTATION_CONTEXT() REPRESENTATION_CONTEXT('2D SPACE',''
  ) );
#4831 = PCURVE('',#4832,#4837);
#4832 = PLANE('',#4833);
#4833 = AXIS2_PLACEMENT_3D('',#4834,#4835,#4836);
#4834 = CARTESIAN_POINT('',(0.,0.,-1.));
#4835 = DIRECTION('',(0.,0.,1.));
#4836 = DIRECTION('',(1.,0.,-0.));
#4837 = DEFINITIONAL_REPRESENTATION('',(#4838),#4842);
#4838 = LINE('',#4839,#4840);
#4839 = CARTESIAN_POINT('',(-26.95,-13.95));
#4840 = VECTOR('',#4841,1.);
#4841 = DIRECTION('',(1.,0.));
#4842 = ( GEOMETRIC_REPRESENTATION_CONTEXT(2) 
PARAMETRIC_REPRESENTATION_CONTEXT() REPRESENTATION_CONTEXT('2D SPACE',''
  ) );
#4843 = ORIENTED_EDGE('',*,*,#4844,.T.);
#4844 = EDGE_CURVE('',#4815,#337,#4845,.T.);
#4845 = SURFACE_CURVE('',#4846,(#4850,#4857),.PCURVE_S1.);
#4846 = LINE('',#4847,#4848);
#4847 = CARTESIAN_POINT('',(-25.2,-13.95,-1.));
#4848 = VECTOR('',#4849,1.);
#4849 = DIRECTION('',(0.,0.,1.));
#4850 = PCURVE('',#354,#4851);
#4851 = DEFINITIONAL_REPRESENTATION('',(#4852),#4856);
#4852 = LINE('',#4853,#4854);
#4853 = CARTESIAN_POINT('',(1.75,0.));
#4854 = VECTOR('',#4855,1.);
#4855 = DIRECTION('',(0.,-1.));
#4856 = ( GEOMETRIC_REPRESENTATION_CONTEXT(2) 
PARAMETRIC_REPRESENTATION_CONTEXT() REPRESENTATION_CONTEXT('2D SPACE',''
  ) );
#4857 = PCURVE('',#387,#4858);
#4858 = DEFINITIONAL_REPRESENTATION('',(#4859),#4863);
#4859 = LINE('',#4860,#4861);
#4860 = CARTESIAN_POINT('',(-0.,0.));
#4861 = VECTOR('',#4862,1.);
#4862 = DIRECTION('',(-0.,1.));
#4863 = ( GEOMETRIC_REPRESENTATION_CONTEXT(2) 
PARAMETRIC_REPRESENTATION_CONTEXT() REPRESENTATION_CONTEXT('2D SPACE',''
  ) );
#4864 = ORIENTED_EDGE('',*,*,#336,.T.);
#4865 = ORIENTED_EDGE('',*,*,#4866,.F.);
#4866 = EDGE_CURVE('',#4817,#339,#4867,.T.);
#4867 = SURFACE_CURVE('',#4868,(#4872,#4879),.PCURVE_S1.);
#4868 = LINE('',#4869,#4870);
#4869 = CARTESIAN_POINT('',(25.2,-13.95,-1.));
#4870 = VECTOR('',#4871,1.);
#4871 = DIRECTION('',(0.,0.,1.));
#4872 = PCURVE('',#354,#4873);
#4873 = DEFINITIONAL_REPRESENTATION('',(#4874),#4878);
#4874 = LINE('',#4875,#4876);
#4875 = CARTESIAN_POINT('',(52.15,0.));
#4876 = VECTOR('',#4877,1.);
#4877 = DIRECTION('',(0.,-1.));
#4878 = ( GEOMETRIC_REPRESENTATION_CONTEXT(2) 
PARAMETRIC_REPRESENTATION_CONTEXT() REPRESENTATION_CONTEXT('2D SPACE',''
  ) );
#4879 = PCURVE('',#556,#4880);
#4880 = DEFINITIONAL_REPRESENTATION('',(#4881),#4885);
#4881 = LINE('',#4882,#4883);
#4882 = CARTESIAN_POINT('',(0.,0.));
#4883 = VECTOR('',#4884,1.);
#4884 = DIRECTION('',(0.,1.));
#4885 = ( GEOMETRIC_REPRESENTATION_CONTEXT(2) 
PARAMETRIC_REPRESENTATION_CONTEXT() REPRESENTATION_CONTEXT('2D SPACE',''
  ) );
#4886 = ADVANCED_FACE('',(#4887),#556,.T.);
#4887 = FACE_BOUND('',#4888,.T.);
#4888 = EDGE_LOOP('',(#4889,#4913,#4934,#4935));
#4889 = ORIENTED_EDGE('',*,*,#4890,.T.);
#4890 = EDGE_CURVE('',#4817,#4891,#4893,.T.);
#4891 = VERTEX_POINT('',#4892);
#4892 = CARTESIAN_POINT('',(26.95,-12.2,-1.));
#4893 = SURFACE_CURVE('',#4894,(#4899,#4906),.PCURVE_S1.);
#4894 = CIRCLE('',#4895,1.75);
#4895 = AXIS2_PLACEMENT_3D('',#4896,#4897,#4898);
#4896 = CARTESIAN_POINT('',(25.2,-12.2,-1.));
#4897 = DIRECTION('',(0.,0.,1.));
#4898 = DIRECTION('',(0.,-1.,0.));
#4899 = PCURVE('',#556,#4900);
#4900 = DEFINITIONAL_REPRESENTATION('',(#4901),#4905);
#4901 = LINE('',#4902,#4903);
#4902 = CARTESIAN_POINT('',(0.,0.));
#4903 = VECTOR('',#4904,1.);
#4904 = DIRECTION('',(1.,0.));
#4905 = ( GEOMETRIC_REPRESENTATION_CONTEXT(2) 
PARAMETRIC_REPRESENTATION_CONTEXT() REPRESENTATION_CONTEXT('2D SPACE',''
  ) );
#4906 = PCURVE('',#4832,#4907);
#4907 = DEFINITIONAL_REPRESENTATION('',(#4908),#4912);
#4908 = CIRCLE('',#4909,1.75);
#4909 = AXIS2_PLACEMENT_2D('',#4910,#4911);
#4910 = CARTESIAN_POINT('',(25.2,-12.2));
#4911 = DIRECTION('',(0.,-1.));
#4912 = ( GEOMETRIC_REPRESENTATION_CONTEXT(2) 
PARAMETRIC_REPRESENTATION_CONTEXT() REPRESENTATION_CONTEXT('2D SPACE',''
  ) );
#4913 = ORIENTED_EDGE('',*,*,#4914,.T.);
#4914 = EDGE_CURVE('',#4891,#514,#4915,.T.);
#4915 = SURFACE_CURVE('',#4916,(#4920,#4927),.PCURVE_S1.);
#4916 = LINE('',#4917,#4918);
#4917 = CARTESIAN_POINT('',(26.95,-12.2,-1.));
#4918 = VECTOR('',#4919,1.);
#4919 = DIRECTION('',(0.,0.,1.));
#4920 = PCURVE('',#556,#4921);
#4921 = DEFINITIONAL_REPRESENTATION('',(#4922),#4926);
#4922 = LINE('',#4923,#4924);
#4923 = CARTESIAN_POINT('',(1.570796326795,0.));
#4924 = VECTOR('',#4925,1.);
#4925 = DIRECTION('',(0.,1.));
#4926 = ( GEOMETRIC_REPRESENTATION_CONTEXT(2) 
PARAMETRIC_REPRESENTATION_CONTEXT() REPRESENTATION_CONTEXT('2D SPACE',''
  ) );
#4927 = PCURVE('',#529,#4928);
#4928 = DEFINITIONAL_REPRESENTATION('',(#4929),#4933);
#4929 = LINE('',#4930,#4931);
#4930 = CARTESIAN_POINT('',(1.75,0.));
#4931 = VECTOR('',#4932,1.);
#4932 = DIRECTION('',(0.,-1.));
#4933 = ( GEOMETRIC_REPRESENTATION_CONTEXT(2) 
PARAMETRIC_REPRESENTATION_CONTEXT() REPRESENTATION_CONTEXT('2D SPACE',''
  ) );
#4934 = ORIENTED_EDGE('',*,*,#541,.F.);
#4935 = ORIENTED_EDGE('',*,*,#4866,.F.);
#4936 = ADVANCED_FACE('',(#4937),#529,.F.);
#4937 = FACE_BOUND('',#4938,.F.);
#4938 = EDGE_LOOP('',(#4939,#4962,#4963,#4964));
#4939 = ORIENTED_EDGE('',*,*,#4940,.F.);
#4940 = EDGE_CURVE('',#4891,#4941,#4943,.T.);
#4941 = VERTEX_POINT('',#4942);
#4942 = CARTESIAN_POINT('',(26.95,12.2,-1.));
#4943 = SURFACE_CURVE('',#4944,(#4948,#4955),.PCURVE_S1.);
#4944 = LINE('',#4945,#4946);
#4945 = CARTESIAN_POINT('',(26.95,-13.95,-1.));
#4946 = VECTOR('',#4947,1.);
#4947 = DIRECTION('',(0.,1.,0.));
#4948 = PCURVE('',#529,#4949);
#4949 = DEFINITIONAL_REPRESENTATION('',(#4950),#4954);
#4950 = LINE('',#4951,#4952);
#4951 = CARTESIAN_POINT('',(0.,0.));
#4952 = VECTOR('',#4953,1.);
#4953 = DIRECTION('',(1.,0.));
#4954 = ( GEOMETRIC_REPRESENTATION_CONTEXT(2) 
PARAMETRIC_REPRESENTATION_CONTEXT() REPRESENTATION_CONTEXT('2D SPACE',''
  ) );
#4955 = PCURVE('',#4832,#4956);
#4956 = DEFINITIONAL_REPRESENTATION('',(#4957),#4961);
#4957 = LINE('',#4958,#4959);
#4958 = CARTESIAN_POINT('',(26.95,-13.95));
#4959 = VECTOR('',#4960,1.);
#4960 = DIRECTION('',(0.,1.));
#4961 = ( GEOMETRIC_REPRESENTATION_CONTEXT(2) 
PARAMETRIC_REPRESENTATION_CONTEXT() REPRESENTATION_CONTEXT('2D SPACE',''
  ) );
#4962 = ORIENTED_EDGE('',*,*,#4914,.T.);
#4963 = ORIENTED_EDGE('',*,*,#513,.T.);
#4964 = ORIENTED_EDGE('',*,*,#4965,.F.);
#4965 = EDGE_CURVE('',#4941,#485,#4966,.T.);
#4966 = SURFACE_CURVE('',#4967,(#4971,#4978),.PCURVE_S1.);
#4967 = LINE('',#4968,#4969);
#4968 = CARTESIAN_POINT('',(26.95,12.2,-1.));
#4969 = VECTOR('',#4970,1.);
#4970 = DIRECTION('',(0.,0.,1.));
#4971 = PCURVE('',#529,#4972);
#4972 = DEFINITIONAL_REPRESENTATION('',(#4973),#4977);
#4973 = LINE('',#4974,#4975);
#4974 = CARTESIAN_POINT('',(26.15,0.));
#4975 = VECTOR('',#4976,1.);
#4976 = DIRECTION('',(0.,-1.));
#4977 = ( GEOMETRIC_REPRESENTATION_CONTEXT(2) 
PARAMETRIC_REPRESENTATION_CONTEXT() REPRESENTATION_CONTEXT('2D SPACE',''
  ) );
#4978 = PCURVE('',#501,#4979);
#4979 = DEFINITIONAL_REPRESENTATION('',(#4980),#4984);
#4980 = LINE('',#4981,#4982);
#4981 = CARTESIAN_POINT('',(0.,0.));
#4982 = VECTOR('',#4983,1.);
#4983 = DIRECTION('',(0.,1.));
#4984 = ( GEOMETRIC_REPRESENTATION_CONTEXT(2) 
PARAMETRIC_REPRESENTATION_CONTEXT() REPRESENTATION_CONTEXT('2D SPACE',''
  ) );
#4985 = ADVANCED_FACE('',(#4986),#501,.T.);
#4986 = FACE_BOUND('',#4987,.T.);
#4987 = EDGE_LOOP('',(#4988,#5012,#5033,#5034));
#4988 = ORIENTED_EDGE('',*,*,#4989,.T.);
#4989 = EDGE_CURVE('',#4941,#4990,#4992,.T.);
#4990 = VERTEX_POINT('',#4991);
#4991 = CARTESIAN_POINT('',(25.2,13.95,-1.));
#4992 = SURFACE_CURVE('',#4993,(#4998,#5005),.PCURVE_S1.);
#4993 = CIRCLE('',#4994,1.75);
#4994 = AXIS2_PLACEMENT_3D('',#4995,#4996,#4997);
#4995 = CARTESIAN_POINT('',(25.2,12.2,-1.));
#4996 = DIRECTION('',(0.,0.,1.));
#4997 = DIRECTION('',(0.,-1.,0.));
#4998 = PCURVE('',#501,#4999);
#4999 = DEFINITIONAL_REPRESENTATION('',(#5000),#5004);
#5000 = LINE('',#5001,#5002);
#5001 = CARTESIAN_POINT('',(-1.570796326795,0.));
#5002 = VECTOR('',#5003,1.);
#5003 = DIRECTION('',(1.,0.));
#5004 = ( GEOMETRIC_REPRESENTATION_CONTEXT(2) 
PARAMETRIC_REPRESENTATION_CONTEXT() REPRESENTATION_CONTEXT('2D SPACE',''
  ) );
#5005 = PCURVE('',#4832,#5006);
#5006 = DEFINITIONAL_REPRESENTATION('',(#5007),#5011);
#5007 = CIRCLE('',#5008,1.75);
#5008 = AXIS2_PLACEMENT_2D('',#5009,#5010);
#5009 = CARTESIAN_POINT('',(25.2,12.2));
#5010 = DIRECTION('',(0.,-1.));
#5011 = ( GEOMETRIC_REPRESENTATION_CONTEXT(2) 
PARAMETRIC_REPRESENTATION_CONTEXT() REPRESENTATION_CONTEXT('2D SPACE',''
  ) );
#5012 = ORIENTED_EDGE('',*,*,#5013,.T.);
#5013 = EDGE_CURVE('',#4990,#457,#5014,.T.);
#5014 = SURFACE_CURVE('',#5015,(#5019,#5026),.PCURVE_S1.);
#5015 = LINE('',#5016,#5017);
#5016 = CARTESIAN_POINT('',(25.2,13.95,-1.));
#5017 = VECTOR('',#5018,1.);
#5018 = DIRECTION('',(0.,0.,1.));
#5019 = PCURVE('',#501,#5020);
#5020 = DEFINITIONAL_REPRESENTATION('',(#5021),#5025);
#5021 = LINE('',#5022,#5023);
#5022 = CARTESIAN_POINT('',(1.570796326795,0.));
#5023 = VECTOR('',#5024,1.);
#5024 = DIRECTION('',(0.,1.));
#5025 = ( GEOMETRIC_REPRESENTATION_CONTEXT(2) 
PARAMETRIC_REPRESENTATION_CONTEXT() REPRESENTATION_CONTEXT('2D SPACE',''
  ) );
#5026 = PCURVE('',#472,#5027);
#5027 = DEFINITIONAL_REPRESENTATION('',(#5028),#5032);
#5028 = LINE('',#5029,#5030);
#5029 = CARTESIAN_POINT('',(1.75,0.));
#5030 = VECTOR('',#5031,1.);
#5031 = DIRECTION('',(0.,-1.));
#5032 = ( GEOMETRIC_REPRESENTATION_CONTEXT(2) 
PARAMETRIC_REPRESENTATION_CONTEXT() REPRESENTATION_CONTEXT('2D SPACE',''
  ) );
#5033 = ORIENTED_EDGE('',*,*,#484,.F.);
#5034 = ORIENTED_EDGE('',*,*,#4965,.F.);
#5035 = ADVANCED_FACE('',(#5036),#472,.F.);
#5036 = FACE_BOUND('',#5037,.F.);
#5037 = EDGE_LOOP('',(#5038,#5061,#5062,#5063));
#5038 = ORIENTED_EDGE('',*,*,#5039,.F.);
#5039 = EDGE_CURVE('',#4990,#5040,#5042,.T.);
#5040 = VERTEX_POINT('',#5041);
#5041 = CARTESIAN_POINT('',(-25.2,13.95,-1.));
#5042 = SURFACE_CURVE('',#5043,(#5047,#5054),.PCURVE_S1.);
#5043 = LINE('',#5044,#5045);
#5044 = CARTESIAN_POINT('',(26.95,13.95,-1.));
#5045 = VECTOR('',#5046,1.);
#5046 = DIRECTION('',(-1.,0.,0.));
#5047 = PCURVE('',#472,#5048);
#5048 = DEFINITIONAL_REPRESENTATION('',(#5049),#5053);
#5049 = LINE('',#5050,#5051);
#5050 = CARTESIAN_POINT('',(0.,-0.));
#5051 = VECTOR('',#5052,1.);
#5052 = DIRECTION('',(1.,0.));
#5053 = ( GEOMETRIC_REPRESENTATION_CONTEXT(2) 
PARAMETRIC_REPRESENTATION_CONTEXT() REPRESENTATION_CONTEXT('2D SPACE',''
  ) );
#5054 = PCURVE('',#4832,#5055);
#5055 = DEFINITIONAL_REPRESENTATION('',(#5056),#5060);
#5056 = LINE('',#5057,#5058);
#5057 = CARTESIAN_POINT('',(26.95,13.95));
#5058 = VECTOR('',#5059,1.);
#5059 = DIRECTION('',(-1.,0.));
#5060 = ( GEOMETRIC_REPRESENTATION_CONTEXT(2) 
PARAMETRIC_REPRESENTATION_CONTEXT() REPRESENTATION_CONTEXT('2D SPACE',''
  ) );
#5061 = ORIENTED_EDGE('',*,*,#5013,.T.);
#5062 = ORIENTED_EDGE('',*,*,#456,.T.);
#5063 = ORIENTED_EDGE('',*,*,#5064,.F.);
#5064 = EDGE_CURVE('',#5040,#428,#5065,.T.);
#5065 = SURFACE_CURVE('',#5066,(#5070,#5077),.PCURVE_S1.);
#5066 = LINE('',#5067,#5068);
#5067 = CARTESIAN_POINT('',(-25.2,13.95,-1.));
#5068 = VECTOR('',#5069,1.);
#5069 = DIRECTION('',(0.,0.,1.));
#5070 = PCURVE('',#472,#5071);
#5071 = DEFINITIONAL_REPRESENTATION('',(#5072),#5076);
#5072 = LINE('',#5073,#5074);
#5073 = CARTESIAN_POINT('',(52.15,0.));
#5074 = VECTOR('',#5075,1.);
#5075 = DIRECTION('',(0.,-1.));
#5076 = ( GEOMETRIC_REPRESENTATION_CONTEXT(2) 
PARAMETRIC_REPRESENTATION_CONTEXT() REPRESENTATION_CONTEXT('2D SPACE',''
  ) );
#5077 = PCURVE('',#444,#5078);
#5078 = DEFINITIONAL_REPRESENTATION('',(#5079),#5083);
#5079 = LINE('',#5080,#5081);
#5080 = CARTESIAN_POINT('',(0.,0.));
#5081 = VECTOR('',#5082,1.);
#5082 = DIRECTION('',(0.,1.));
#5083 = ( GEOMETRIC_REPRESENTATION_CONTEXT(2) 
PARAMETRIC_REPRESENTATION_CONTEXT() REPRESENTATION_CONTEXT('2D SPACE',''
  ) );
#5084 = ADVANCED_FACE('',(#5085),#444,.T.);
#5085 = FACE_BOUND('',#5086,.T.);
#5086 = EDGE_LOOP('',(#5087,#5111,#5132,#5133));
#5087 = ORIENTED_EDGE('',*,*,#5088,.T.);
#5088 = EDGE_CURVE('',#5040,#5089,#5091,.T.);
#5089 = VERTEX_POINT('',#5090);
#5090 = CARTESIAN_POINT('',(-26.95,12.2,-1.));
#5091 = SURFACE_CURVE('',#5092,(#5097,#5104),.PCURVE_S1.);
#5092 = CIRCLE('',#5093,1.75);
#5093 = AXIS2_PLACEMENT_3D('',#5094,#5095,#5096);
#5094 = CARTESIAN_POINT('',(-25.2,12.2,-1.));
#5095 = DIRECTION('',(0.,0.,1.));
#5096 = DIRECTION('',(0.,-1.,0.));
#5097 = PCURVE('',#444,#5098);
#5098 = DEFINITIONAL_REPRESENTATION('',(#5099),#5103);
#5099 = LINE('',#5100,#5101);
#5100 = CARTESIAN_POINT('',(-3.14159265359,0.));
#5101 = VECTOR('',#5102,1.);
#5102 = DIRECTION('',(1.,0.));
#5103 = ( GEOMETRIC_REPRESENTATION_CONTEXT(2) 
PARAMETRIC_REPRESENTATION_CONTEXT() REPRESENTATION_CONTEXT('2D SPACE',''
  ) );
#5104 = PCURVE('',#4832,#5105);
#5105 = DEFINITIONAL_REPRESENTATION('',(#5106),#5110);
#5106 = CIRCLE('',#5107,1.75);
#5107 = AXIS2_PLACEMENT_2D('',#5108,#5109);
#5108 = CARTESIAN_POINT('',(-25.2,12.2));
#5109 = DIRECTION('',(0.,-1.));
#5110 = ( GEOMETRIC_REPRESENTATION_CONTEXT(2) 
PARAMETRIC_REPRESENTATION_CONTEXT() REPRESENTATION_CONTEXT('2D SPACE',''
  ) );
#5111 = ORIENTED_EDGE('',*,*,#5112,.T.);
#5112 = EDGE_CURVE('',#5089,#400,#5113,.T.);
#5113 = SURFACE_CURVE('',#5114,(#5118,#5125),.PCURVE_S1.);
#5114 = LINE('',#5115,#5116);
#5115 = CARTESIAN_POINT('',(-26.95,12.2,-1.));
#5116 = VECTOR('',#5117,1.);
#5117 = DIRECTION('',(0.,0.,1.));
#5118 = PCURVE('',#444,#5119);
#5119 = DEFINITIONAL_REPRESENTATION('',(#5120),#5124);
#5120 = LINE('',#5121,#5122);
#5121 = CARTESIAN_POINT('',(1.570796326795,0.));
#5122 = VECTOR('',#5123,1.);
#5123 = DIRECTION('',(0.,1.));
#5124 = ( GEOMETRIC_REPRESENTATION_CONTEXT(2) 
PARAMETRIC_REPRESENTATION_CONTEXT() REPRESENTATION_CONTEXT('2D SPACE',''
  ) );
#5125 = PCURVE('',#415,#5126);
#5126 = DEFINITIONAL_REPRESENTATION('',(#5127),#5131);
#5127 = LINE('',#5128,#5129);
#5128 = CARTESIAN_POINT('',(1.75,0.));
#5129 = VECTOR('',#5130,1.);
#5130 = DIRECTION('',(0.,-1.));
#5131 = ( GEOMETRIC_REPRESENTATION_CONTEXT(2) 
PARAMETRIC_REPRESENTATION_CONTEXT() REPRESENTATION_CONTEXT('2D SPACE',''
  ) );
#5132 = ORIENTED_EDGE('',*,*,#427,.F.);
#5133 = ORIENTED_EDGE('',*,*,#5064,.F.);
#5134 = ADVANCED_FACE('',(#5135),#415,.F.);
#5135 = FACE_BOUND('',#5136,.F.);
#5136 = EDGE_LOOP('',(#5137,#5160,#5161,#5162));
#5137 = ORIENTED_EDGE('',*,*,#5138,.F.);
#5138 = EDGE_CURVE('',#5089,#5139,#5141,.T.);
#5139 = VERTEX_POINT('',#5140);
#5140 = CARTESIAN_POINT('',(-26.95,-12.2,-1.));
#5141 = SURFACE_CURVE('',#5142,(#5146,#5153),.PCURVE_S1.);
#5142 = LINE('',#5143,#5144);
#5143 = CARTESIAN_POINT('',(-26.95,13.95,-1.));
#5144 = VECTOR('',#5145,1.);
#5145 = DIRECTION('',(0.,-1.,0.));
#5146 = PCURVE('',#415,#5147);
#5147 = DEFINITIONAL_REPRESENTATION('',(#5148),#5152);
#5148 = LINE('',#5149,#5150);
#5149 = CARTESIAN_POINT('',(0.,0.));
#5150 = VECTOR('',#5151,1.);
#5151 = DIRECTION('',(1.,0.));
#5152 = ( GEOMETRIC_REPRESENTATION_CONTEXT(2) 
PARAMETRIC_REPRESENTATION_CONTEXT() REPRESENTATION_CONTEXT('2D SPACE',''
  ) );
#5153 = PCURVE('',#4832,#5154);
#5154 = DEFINITIONAL_REPRESENTATION('',(#5155),#5159);
#5155 = LINE('',#5156,#5157);
#5156 = CARTESIAN_POINT('',(-26.95,13.95));
#5157 = VECTOR('',#5158,1.);
#5158 = DIRECTION('',(0.,-1.));
#5159 = ( GEOMETRIC_REPRESENTATION_CONTEXT(2) 
PARAMETRIC_REPRESENTATION_CONTEXT() REPRESENTATION_CONTEXT('2D SPACE',''
  ) );
#5160 = ORIENTED_EDGE('',*,*,#5112,.T.);
#5161 = ORIENTED_EDGE('',*,*,#399,.T.);
#5162 = ORIENTED_EDGE('',*,*,#5163,.F.);
#5163 = EDGE_CURVE('',#5139,#367,#5164,.T.);
#5164 = SURFACE_CURVE('',#5165,(#5169,#5176),.PCURVE_S1.);
#5165 = LINE('',#5166,#5167);
#5166 = CARTESIAN_POINT('',(-26.95,-12.2,-1.));
#5167 = VECTOR('',#5168,1.);
#5168 = DIRECTION('',(0.,0.,1.));
#5169 = PCURVE('',#415,#5170);
#5170 = DEFINITIONAL_REPRESENTATION('',(#5171),#5175);
#5171 = LINE('',#5172,#5173);
#5172 = CARTESIAN_POINT('',(26.15,0.));
#5173 = VECTOR('',#5174,1.);
#5174 = DIRECTION('',(0.,-1.));
#5175 = ( GEOMETRIC_REPRESENTATION_CONTEXT(2) 
PARAMETRIC_REPRESENTATION_CONTEXT() REPRESENTATION_CONTEXT('2D SPACE',''
  ) );
#5176 = PCURVE('',#387,#5177);
#5177 = DEFINITIONAL_REPRESENTATION('',(#5178),#5182);
#5178 = LINE('',#5179,#5180);
#5179 = CARTESIAN_POINT('',(-1.570796326795,0.));
#5180 = VECTOR('',#5181,1.);
#5181 = DIRECTION('',(-0.,1.));
#5182 = ( GEOMETRIC_REPRESENTATION_CONTEXT(2) 
PARAMETRIC_REPRESENTATION_CONTEXT() REPRESENTATION_CONTEXT('2D SPACE',''
  ) );
#5183 = ADVANCED_FACE('',(#5184),#387,.T.);
#5184 = FACE_BOUND('',#5185,.F.);
#5185 = EDGE_LOOP('',(#5186,#5212,#5213,#5214));
#5186 = ORIENTED_EDGE('',*,*,#5187,.T.);
#5187 = EDGE_CURVE('',#4815,#5139,#5188,.T.);
#5188 = SURFACE_CURVE('',#5189,(#5194,#5201),.PCURVE_S1.);
#5189 = CIRCLE('',#5190,1.75);
#5190 = AXIS2_PLACEMENT_3D('',#5191,#5192,#5193);
#5191 = CARTESIAN_POINT('',(-25.2,-12.2,-1.));
#5192 = DIRECTION('',(-0.,-0.,-1.));
#5193 = DIRECTION('',(0.,-1.,0.));
#5194 = PCURVE('',#387,#5195);
#5195 = DEFINITIONAL_REPRESENTATION('',(#5196),#5200);
#5196 = LINE('',#5197,#5198);
#5197 = CARTESIAN_POINT('',(-0.,0.));
#5198 = VECTOR('',#5199,1.);
#5199 = DIRECTION('',(-1.,0.));
#5200 = ( GEOMETRIC_REPRESENTATION_CONTEXT(2) 
PARAMETRIC_REPRESENTATION_CONTEXT() REPRESENTATION_CONTEXT('2D SPACE',''
  ) );
#5201 = PCURVE('',#4832,#5202);
#5202 = DEFINITIONAL_REPRESENTATION('',(#5203),#5211);
#5203 = ( BOUNDED_CURVE() B_SPLINE_CURVE(2,(#5204,#5205,#5206,#5207,
#5208,#5209,#5210),.UNSPECIFIED.,.T.,.F.) B_SPLINE_CURVE_WITH_KNOTS((1,2
    ,2,2,2,1),(-2.094395102393,0.,2.094395102393,4.188790204786,
6.28318530718,8.377580409573),.UNSPECIFIED.) CURVE() 
GEOMETRIC_REPRESENTATION_ITEM() RATIONAL_B_SPLINE_CURVE((1.,0.5,1.,0.5,
1.,0.5,1.)) REPRESENTATION_ITEM('') );
#5204 = CARTESIAN_POINT('',(-25.2,-13.95));
#5205 = CARTESIAN_POINT('',(-28.23108891324,-13.95));
#5206 = CARTESIAN_POINT('',(-26.71554445662,-11.325));
#5207 = CARTESIAN_POINT('',(-25.2,-8.7));
#5208 = CARTESIAN_POINT('',(-23.68445554337,-11.325));
#5209 = CARTESIAN_POINT('',(-22.16891108675,-13.95));
#5210 = CARTESIAN_POINT('',(-25.2,-13.95));
#5211 = ( GEOMETRIC_REPRESENTATION_CONTEXT(2) 
PARAMETRIC_REPRESENTATION_CONTEXT() REPRESENTATION_CONTEXT('2D SPACE',''
  ) );
#5212 = ORIENTED_EDGE('',*,*,#5163,.T.);
#5213 = ORIENTED_EDGE('',*,*,#366,.F.);
#5214 = ORIENTED_EDGE('',*,*,#4844,.F.);
#5215 = ADVANCED_FACE('',(#5216),#816,.F.);
#5216 = FACE_BOUND('',#5217,.T.);
#5217 = EDGE_LOOP('',(#5218,#5247,#5268,#5269));
#5218 = ORIENTED_EDGE('',*,*,#5219,.F.);
#5219 = EDGE_CURVE('',#5220,#5220,#5222,.T.);
#5220 = VERTEX_POINT('',#5221);
#5221 = CARTESIAN_POINT('',(-20.6,-10.2,0.9));
#5222 = SURFACE_CURVE('',#5223,(#5228,#5235),.PCURVE_S1.);
#5223 = CIRCLE('',#5224,2.6);
#5224 = AXIS2_PLACEMENT_3D('',#5225,#5226,#5227);
#5225 = CARTESIAN_POINT('',(-23.2,-10.2,0.9));
#5226 = DIRECTION('',(0.,0.,1.));
#5227 = DIRECTION('',(1.,0.,0.));
#5228 = PCURVE('',#816,#5229);
#5229 = DEFINITIONAL_REPRESENTATION('',(#5230),#5234);
#5230 = LINE('',#5231,#5232);
#5231 = CARTESIAN_POINT('',(-0.,0.));
#5232 = VECTOR('',#5233,1.);
#5233 = DIRECTION('',(-1.,0.));
#5234 = ( GEOMETRIC_REPRESENTATION_CONTEXT(2) 
PARAMETRIC_REPRESENTATION_CONTEXT() REPRESENTATION_CONTEXT('2D SPACE',''
  ) );
#5235 = PCURVE('',#5236,#5241);
#5236 = PLANE('',#5237);
#5237 = AXIS2_PLACEMENT_3D('',#5238,#5239,#5240);
#5238 = CARTESIAN_POINT('',(-23.2,-10.2,0.9));
#5239 = DIRECTION('',(0.,0.,1.));
#5240 = DIRECTION('',(1.,0.,-0.));
#5241 = DEFINITIONAL_REPRESENTATION('',(#5242),#5246);
#5242 = CIRCLE('',#5243,2.6);
#5243 = AXIS2_PLACEMENT_2D('',#5244,#5245);
#5244 = CARTESIAN_POINT('',(0.,0.));
#5245 = DIRECTION('',(1.,0.));
#5246 = ( GEOMETRIC_REPRESENTATION_CONTEXT(2) 
PARAMETRIC_REPRESENTATION_CONTEXT() REPRESENTATION_CONTEXT('2D SPACE',''
  ) );
#5247 = ORIENTED_EDGE('',*,*,#5248,.T.);
#5248 = EDGE_CURVE('',#5220,#796,#5249,.T.);
#5249 = SEAM_CURVE('',#5250,(#5254,#5261),.PCURVE_S1.);
#5250 = LINE('',#5251,#5252);
#5251 = CARTESIAN_POINT('',(-20.6,-10.2,0.9));
#5252 = VECTOR('',#5253,1.);
#5253 = DIRECTION('',(0.,0.,1.));
#5254 = PCURVE('',#816,#5255);
#5255 = DEFINITIONAL_REPRESENTATION('',(#5256),#5260);
#5256 = LINE('',#5257,#5258);
#5257 = CARTESIAN_POINT('',(-6.28318530718,0.));
#5258 = VECTOR('',#5259,1.);
#5259 = DIRECTION('',(-0.,-1.));
#5260 = ( GEOMETRIC_REPRESENTATION_CONTEXT(2) 
PARAMETRIC_REPRESENTATION_CONTEXT() REPRESENTATION_CONTEXT('2D SPACE',''
  ) );
#5261 = PCURVE('',#816,#5262);
#5262 = DEFINITIONAL_REPRESENTATION('',(#5263),#5267);
#5263 = LINE('',#5264,#5265);
#5264 = CARTESIAN_POINT('',(-0.,0.));
#5265 = VECTOR('',#5266,1.);
#5266 = DIRECTION('',(-0.,-1.));
#5267 = ( GEOMETRIC_REPRESENTATION_CONTEXT(2) 
PARAMETRIC_REPRESENTATION_CONTEXT() REPRESENTATION_CONTEXT('2D SPACE',''
  ) );
#5268 = ORIENTED_EDGE('',*,*,#795,.F.);
#5269 = ORIENTED_EDGE('',*,*,#5248,.F.);
#5270 = ADVANCED_FACE('',(#5271),#848,.T.);
#5271 = FACE_BOUND('',#5272,.T.);
#5272 = EDGE_LOOP('',(#5273,#5296,#5324,#5345));
#5273 = ORIENTED_EDGE('',*,*,#5274,.T.);
#5274 = EDGE_CURVE('',#831,#5275,#5277,.T.);
#5275 = VERTEX_POINT('',#5276);
#5276 = CARTESIAN_POINT('',(-11.10595703125,-10.30124804687,2.35));
#5277 = SURFACE_CURVE('',#5278,(#5282,#5289),.PCURVE_S1.);
#5278 = LINE('',#5279,#5280);
#5279 = CARTESIAN_POINT('',(-11.10595703125,-10.30124804687,2.));
#5280 = VECTOR('',#5281,1.);
#5281 = DIRECTION('',(0.,0.,1.));
#5282 = PCURVE('',#848,#5283);
#5283 = DEFINITIONAL_REPRESENTATION('',(#5284),#5288);
#5284 = LINE('',#5285,#5286);
#5285 = CARTESIAN_POINT('',(0.,0.));
#5286 = VECTOR('',#5287,1.);
#5287 = DIRECTION('',(0.,-1.));
#5288 = ( GEOMETRIC_REPRESENTATION_CONTEXT(2) 
PARAMETRIC_REPRESENTATION_CONTEXT() REPRESENTATION_CONTEXT('2D SPACE',''
  ) );
#5289 = PCURVE('',#1154,#5290);
#5290 = DEFINITIONAL_REPRESENTATION('',(#5291),#5295);
#5291 = LINE('',#5292,#5293);
#5292 = CARTESIAN_POINT('',(2.197265625,0.));
#5293 = VECTOR('',#5294,1.);
#5294 = DIRECTION('',(0.,-1.));
#5295 = ( GEOMETRIC_REPRESENTATION_CONTEXT(2) 
PARAMETRIC_REPRESENTATION_CONTEXT() REPRESENTATION_CONTEXT('2D SPACE',''
  ) );
#5296 = ORIENTED_EDGE('',*,*,#5297,.T.);
#5297 = EDGE_CURVE('',#5275,#5298,#5300,.T.);
#5298 = VERTEX_POINT('',#5299);
#5299 = CARTESIAN_POINT('',(-11.10595703125,-10.72361132812,2.35));
#5300 = SURFACE_CURVE('',#5301,(#5305,#5312),.PCURVE_S1.);
#5301 = LINE('',#5302,#5303);
#5302 = CARTESIAN_POINT('',(-11.10595703125,-10.30124804687,2.35));
#5303 = VECTOR('',#5304,1.);
#5304 = DIRECTION('',(0.,-1.,0.));
#5305 = PCURVE('',#848,#5306);
#5306 = DEFINITIONAL_REPRESENTATION('',(#5307),#5311);
#5307 = LINE('',#5308,#5309);
#5308 = CARTESIAN_POINT('',(0.,-0.35));
#5309 = VECTOR('',#5310,1.);
#5310 = DIRECTION('',(1.,0.));
#5311 = ( GEOMETRIC_REPRESENTATION_CONTEXT(2) 
PARAMETRIC_REPRESENTATION_CONTEXT() REPRESENTATION_CONTEXT('2D SPACE',''
  ) );
#5312 = PCURVE('',#5313,#5318);
#5313 = PLANE('',#5314);
#5314 = AXIS2_PLACEMENT_3D('',#5315,#5316,#5317);
#5315 = CARTESIAN_POINT('',(-14.17236328125,-10.72361132812,2.35));
#5316 = DIRECTION('',(0.,0.,1.));
#5317 = DIRECTION('',(1.,0.,0.));
#5318 = DEFINITIONAL_REPRESENTATION('',(#5319),#5323);
#5319 = LINE('',#5320,#5321);
#5320 = CARTESIAN_POINT('',(3.06640625,0.42236328125));
#5321 = VECTOR('',#5322,1.);
#5322 = DIRECTION('',(0.,-1.));
#5323 = ( GEOMETRIC_REPRESENTATION_CONTEXT(2) 
PARAMETRIC_REPRESENTATION_CONTEXT() REPRESENTATION_CONTEXT('2D SPACE',''
  ) );
#5324 = ORIENTED_EDGE('',*,*,#5325,.F.);
#5325 = EDGE_CURVE('',#833,#5298,#5326,.T.);
#5326 = SURFACE_CURVE('',#5327,(#5331,#5338),.PCURVE_S1.);
#5327 = LINE('',#5328,#5329);
#5328 = CARTESIAN_POINT('',(-11.10595703125,-10.72361132812,2.));
#5329 = VECTOR('',#5330,1.);
#5330 = DIRECTION('',(0.,0.,1.));
#5331 = PCURVE('',#848,#5332);
#5332 = DEFINITIONAL_REPRESENTATION('',(#5333),#5337);
#5333 = LINE('',#5334,#5335);
#5334 = CARTESIAN_POINT('',(0.42236328125,0.));
#5335 = VECTOR('',#5336,1.);
#5336 = DIRECTION('',(0.,-1.));
#5337 = ( GEOMETRIC_REPRESENTATION_CONTEXT(2) 
PARAMETRIC_REPRESENTATION_CONTEXT() REPRESENTATION_CONTEXT('2D SPACE',''
  ) );
#5338 = PCURVE('',#876,#5339);
#5339 = DEFINITIONAL_REPRESENTATION('',(#5340),#5344);
#5340 = LINE('',#5341,#5342);
#5341 = CARTESIAN_POINT('',(0.,-0.));
#5342 = VECTOR('',#5343,1.);
#5343 = DIRECTION('',(0.,-1.));
#5344 = ( GEOMETRIC_REPRESENTATION_CONTEXT(2) 
PARAMETRIC_REPRESENTATION_CONTEXT() REPRESENTATION_CONTEXT('2D SPACE',''
  ) );
#5345 = ORIENTED_EDGE('',*,*,#830,.F.);
#5346 = ADVANCED_FACE('',(#5347),#1154,.T.);
#5347 = FACE_BOUND('',#5348,.T.);
#5348 = EDGE_LOOP('',(#5349,#5372,#5393,#5394));
#5349 = ORIENTED_EDGE('',*,*,#5350,.T.);
#5350 = EDGE_CURVE('',#1113,#5351,#5353,.T.);
#5351 = VERTEX_POINT('',#5352);
#5352 = CARTESIAN_POINT('',(-13.30322265625,-10.30124804687,2.35));
#5353 = SURFACE_CURVE('',#5354,(#5358,#5365),.PCURVE_S1.);
#5354 = LINE('',#5355,#5356);
#5355 = CARTESIAN_POINT('',(-13.30322265625,-10.30124804687,2.));
#5356 = VECTOR('',#5357,1.);
#5357 = DIRECTION('',(0.,0.,1.));
#5358 = PCURVE('',#1154,#5359);
#5359 = DEFINITIONAL_REPRESENTATION('',(#5360),#5364);
#5360 = LINE('',#5361,#5362);
#5361 = CARTESIAN_POINT('',(0.,0.));
#5362 = VECTOR('',#5363,1.);
#5363 = DIRECTION('',(0.,-1.));
#5364 = ( GEOMETRIC_REPRESENTATION_CONTEXT(2) 
PARAMETRIC_REPRESENTATION_CONTEXT() REPRESENTATION_CONTEXT('2D SPACE',''
  ) );
#5365 = PCURVE('',#1128,#5366);
#5366 = DEFINITIONAL_REPRESENTATION('',(#5367),#5371);
#5367 = LINE('',#5368,#5369);
#5368 = CARTESIAN_POINT('',(1.21826171875,0.));
#5369 = VECTOR('',#5370,1.);
#5370 = DIRECTION('',(0.,-1.));
#5371 = ( GEOMETRIC_REPRESENTATION_CONTEXT(2) 
PARAMETRIC_REPRESENTATION_CONTEXT() REPRESENTATION_CONTEXT('2D SPACE',''
  ) );
#5372 = ORIENTED_EDGE('',*,*,#5373,.T.);
#5373 = EDGE_CURVE('',#5351,#5275,#5374,.T.);
#5374 = SURFACE_CURVE('',#5375,(#5379,#5386),.PCURVE_S1.);
#5375 = LINE('',#5376,#5377);
#5376 = CARTESIAN_POINT('',(-13.30322265625,-10.30124804687,2.35));
#5377 = VECTOR('',#5378,1.);
#5378 = DIRECTION('',(1.,0.,0.));
#5379 = PCURVE('',#1154,#5380);
#5380 = DEFINITIONAL_REPRESENTATION('',(#5381),#5385);
#5381 = LINE('',#5382,#5383);
#5382 = CARTESIAN_POINT('',(0.,-0.35));
#5383 = VECTOR('',#5384,1.);
#5384 = DIRECTION('',(1.,0.));
#5385 = ( GEOMETRIC_REPRESENTATION_CONTEXT(2) 
PARAMETRIC_REPRESENTATION_CONTEXT() REPRESENTATION_CONTEXT('2D SPACE',''
  ) );
#5386 = PCURVE('',#5313,#5387);
#5387 = DEFINITIONAL_REPRESENTATION('',(#5388),#5392);
#5388 = LINE('',#5389,#5390);
#5389 = CARTESIAN_POINT('',(0.869140625,0.42236328125));
#5390 = VECTOR('',#5391,1.);
#5391 = DIRECTION('',(1.,0.));
#5392 = ( GEOMETRIC_REPRESENTATION_CONTEXT(2) 
PARAMETRIC_REPRESENTATION_CONTEXT() REPRESENTATION_CONTEXT('2D SPACE',''
  ) );
#5393 = ORIENTED_EDGE('',*,*,#5274,.F.);
#5394 = ORIENTED_EDGE('',*,*,#1140,.F.);
#5395 = ADVANCED_FACE('',(#5396),#1128,.T.);
#5396 = FACE_BOUND('',#5397,.T.);
#5397 = EDGE_LOOP('',(#5398,#5421,#5442,#5443));
#5398 = ORIENTED_EDGE('',*,*,#5399,.T.);
#5399 = EDGE_CURVE('',#1085,#5400,#5402,.T.);
#5400 = VERTEX_POINT('',#5401);
#5401 = CARTESIAN_POINT('',(-13.30322265625,-9.082986328125,2.35));
#5402 = SURFACE_CURVE('',#5403,(#5407,#5414),.PCURVE_S1.);
#5403 = LINE('',#5404,#5405);
#5404 = CARTESIAN_POINT('',(-13.30322265625,-9.082986328125,2.));
#5405 = VECTOR('',#5406,1.);
#5406 = DIRECTION('',(0.,0.,1.));
#5407 = PCURVE('',#1128,#5408);
#5408 = DEFINITIONAL_REPRESENTATION('',(#5409),#5413);
#5409 = LINE('',#5410,#5411);
#5410 = CARTESIAN_POINT('',(0.,0.));
#5411 = VECTOR('',#5412,1.);
#5412 = DIRECTION('',(0.,-1.));
#5413 = ( GEOMETRIC_REPRESENTATION_CONTEXT(2) 
PARAMETRIC_REPRESENTATION_CONTEXT() REPRESENTATION_CONTEXT('2D SPACE',''
  ) );
#5414 = PCURVE('',#1100,#5415);
#5415 = DEFINITIONAL_REPRESENTATION('',(#5416),#5420);
#5416 = LINE('',#5417,#5418);
#5417 = CARTESIAN_POINT('',(1.97998046875,0.));
#5418 = VECTOR('',#5419,1.);
#5419 = DIRECTION('',(0.,-1.));
#5420 = ( GEOMETRIC_REPRESENTATION_CONTEXT(2) 
PARAMETRIC_REPRESENTATION_CONTEXT() REPRESENTATION_CONTEXT('2D SPACE',''
  ) );
#5421 = ORIENTED_EDGE('',*,*,#5422,.T.);
#5422 = EDGE_CURVE('',#5400,#5351,#5423,.T.);
#5423 = SURFACE_CURVE('',#5424,(#5428,#5435),.PCURVE_S1.);
#5424 = LINE('',#5425,#5426);
#5425 = CARTESIAN_POINT('',(-13.30322265625,-9.082986328125,2.35));
#5426 = VECTOR('',#5427,1.);
#5427 = DIRECTION('',(0.,-1.,0.));
#5428 = PCURVE('',#1128,#5429);
#5429 = DEFINITIONAL_REPRESENTATION('',(#5430),#5434);
#5430 = LINE('',#5431,#5432);
#5431 = CARTESIAN_POINT('',(0.,-0.35));
#5432 = VECTOR('',#5433,1.);
#5433 = DIRECTION('',(1.,0.));
#5434 = ( GEOMETRIC_REPRESENTATION_CONTEXT(2) 
PARAMETRIC_REPRESENTATION_CONTEXT() REPRESENTATION_CONTEXT('2D SPACE',''
  ) );
#5435 = PCURVE('',#5313,#5436);
#5436 = DEFINITIONAL_REPRESENTATION('',(#5437),#5441);
#5437 = LINE('',#5438,#5439);
#5438 = CARTESIAN_POINT('',(0.869140625,1.640625));
#5439 = VECTOR('',#5440,1.);
#5440 = DIRECTION('',(0.,-1.));
#5441 = ( GEOMETRIC_REPRESENTATION_CONTEXT(2) 
PARAMETRIC_REPRESENTATION_CONTEXT() REPRESENTATION_CONTEXT('2D SPACE',''
  ) );
#5442 = ORIENTED_EDGE('',*,*,#5350,.F.);
#5443 = ORIENTED_EDGE('',*,*,#1112,.F.);
#5444 = ADVANCED_FACE('',(#5445),#1100,.T.);
#5445 = FACE_BOUND('',#5446,.T.);
#5446 = EDGE_LOOP('',(#5447,#5470,#5491,#5492));
#5447 = ORIENTED_EDGE('',*,*,#5448,.T.);
#5448 = EDGE_CURVE('',#1057,#5449,#5451,.T.);
#5449 = VERTEX_POINT('',#5450);
#5450 = CARTESIAN_POINT('',(-11.3232421875,-9.082986328125,2.35));
#5451 = SURFACE_CURVE('',#5452,(#5456,#5463),.PCURVE_S1.);
#5452 = LINE('',#5453,#5454);
#5453 = CARTESIAN_POINT('',(-11.3232421875,-9.082986328125,2.));
#5454 = VECTOR('',#5455,1.);
#5455 = DIRECTION('',(0.,0.,1.));
#5456 = PCURVE('',#1100,#5457);
#5457 = DEFINITIONAL_REPRESENTATION('',(#5458),#5462);
#5458 = LINE('',#5459,#5460);
#5459 = CARTESIAN_POINT('',(0.,-0.));
#5460 = VECTOR('',#5461,1.);
#5461 = DIRECTION('',(0.,-1.));
#5462 = ( GEOMETRIC_REPRESENTATION_CONTEXT(2) 
PARAMETRIC_REPRESENTATION_CONTEXT() REPRESENTATION_CONTEXT('2D SPACE',''
  ) );
#5463 = PCURVE('',#1072,#5464);
#5464 = DEFINITIONAL_REPRESENTATION('',(#5465),#5469);
#5465 = LINE('',#5466,#5467);
#5466 = CARTESIAN_POINT('',(0.419921875,0.));
#5467 = VECTOR('',#5468,1.);
#5468 = DIRECTION('',(0.,-1.));
#5469 = ( GEOMETRIC_REPRESENTATION_CONTEXT(2) 
PARAMETRIC_REPRESENTATION_CONTEXT() REPRESENTATION_CONTEXT('2D SPACE',''
  ) );
#5470 = ORIENTED_EDGE('',*,*,#5471,.T.);
#5471 = EDGE_CURVE('',#5449,#5400,#5472,.T.);
#5472 = SURFACE_CURVE('',#5473,(#5477,#5484),.PCURVE_S1.);
#5473 = LINE('',#5474,#5475);
#5474 = CARTESIAN_POINT('',(-11.3232421875,-9.082986328125,2.35));
#5475 = VECTOR('',#5476,1.);
#5476 = DIRECTION('',(-1.,0.,0.));
#5477 = PCURVE('',#1100,#5478);
#5478 = DEFINITIONAL_REPRESENTATION('',(#5479),#5483);
#5479 = LINE('',#5480,#5481);
#5480 = CARTESIAN_POINT('',(0.,-0.35));
#5481 = VECTOR('',#5482,1.);
#5482 = DIRECTION('',(1.,0.));
#5483 = ( GEOMETRIC_REPRESENTATION_CONTEXT(2) 
PARAMETRIC_REPRESENTATION_CONTEXT() REPRESENTATION_CONTEXT('2D SPACE',''
  ) );
#5484 = PCURVE('',#5313,#5485);
#5485 = DEFINITIONAL_REPRESENTATION('',(#5486),#5490);
#5486 = LINE('',#5487,#5488);
#5487 = CARTESIAN_POINT('',(2.84912109375,1.640625));
#5488 = VECTOR('',#5489,1.);
#5489 = DIRECTION('',(-1.,0.));
#5490 = ( GEOMETRIC_REPRESENTATION_CONTEXT(2) 
PARAMETRIC_REPRESENTATION_CONTEXT() REPRESENTATION_CONTEXT('2D SPACE',''
  ) );
#5491 = ORIENTED_EDGE('',*,*,#5399,.F.);
#5492 = ORIENTED_EDGE('',*,*,#1084,.F.);
#5493 = ADVANCED_FACE('',(#5494),#1072,.T.);
#5494 = FACE_BOUND('',#5495,.T.);
#5495 = EDGE_LOOP('',(#5496,#5519,#5540,#5541));
#5496 = ORIENTED_EDGE('',*,*,#5497,.T.);
#5497 = EDGE_CURVE('',#1029,#5498,#5500,.T.);
#5498 = VERTEX_POINT('',#5499);
#5499 = CARTESIAN_POINT('',(-11.3232421875,-8.663064453125,2.35));
#5500 = SURFACE_CURVE('',#5501,(#5505,#5512),.PCURVE_S1.);
#5501 = LINE('',#5502,#5503);
#5502 = CARTESIAN_POINT('',(-11.3232421875,-8.663064453125,2.));
#5503 = VECTOR('',#5504,1.);
#5504 = DIRECTION('',(0.,0.,1.));
#5505 = PCURVE('',#1072,#5506);
#5506 = DEFINITIONAL_REPRESENTATION('',(#5507),#5511);
#5507 = LINE('',#5508,#5509);
#5508 = CARTESIAN_POINT('',(0.,0.));
#5509 = VECTOR('',#5510,1.);
#5510 = DIRECTION('',(0.,-1.));
#5511 = ( GEOMETRIC_REPRESENTATION_CONTEXT(2) 
PARAMETRIC_REPRESENTATION_CONTEXT() REPRESENTATION_CONTEXT('2D SPACE',''
  ) );
#5512 = PCURVE('',#1044,#5513);
#5513 = DEFINITIONAL_REPRESENTATION('',(#5514),#5518);
#5514 = LINE('',#5515,#5516);
#5515 = CARTESIAN_POINT('',(1.97998046875,0.));
#5516 = VECTOR('',#5517,1.);
#5517 = DIRECTION('',(0.,-1.));
#5518 = ( GEOMETRIC_REPRESENTATION_CONTEXT(2) 
PARAMETRIC_REPRESENTATION_CONTEXT() REPRESENTATION_CONTEXT('2D SPACE',''
  ) );
#5519 = ORIENTED_EDGE('',*,*,#5520,.T.);
#5520 = EDGE_CURVE('',#5498,#5449,#5521,.T.);
#5521 = SURFACE_CURVE('',#5522,(#5526,#5533),.PCURVE_S1.);
#5522 = LINE('',#5523,#5524);
#5523 = CARTESIAN_POINT('',(-11.3232421875,-8.663064453125,2.35));
#5524 = VECTOR('',#5525,1.);
#5525 = DIRECTION('',(0.,-1.,0.));
#5526 = PCURVE('',#1072,#5527);
#5527 = DEFINITIONAL_REPRESENTATION('',(#5528),#5532);
#5528 = LINE('',#5529,#5530);
#5529 = CARTESIAN_POINT('',(0.,-0.35));
#5530 = VECTOR('',#5531,1.);
#5531 = DIRECTION('',(1.,0.));
#5532 = ( GEOMETRIC_REPRESENTATION_CONTEXT(2) 
PARAMETRIC_REPRESENTATION_CONTEXT() REPRESENTATION_CONTEXT('2D SPACE',''
  ) );
#5533 = PCURVE('',#5313,#5534);
#5534 = DEFINITIONAL_REPRESENTATION('',(#5535),#5539);
#5535 = LINE('',#5536,#5537);
#5536 = CARTESIAN_POINT('',(2.84912109375,2.060546875));
#5537 = VECTOR('',#5538,1.);
#5538 = DIRECTION('',(0.,-1.));
#5539 = ( GEOMETRIC_REPRESENTATION_CONTEXT(2) 
PARAMETRIC_REPRESENTATION_CONTEXT() REPRESENTATION_CONTEXT('2D SPACE',''
  ) );
#5540 = ORIENTED_EDGE('',*,*,#5448,.F.);
#5541 = ORIENTED_EDGE('',*,*,#1056,.F.);
#5542 = ADVANCED_FACE('',(#5543),#1044,.T.);
#5543 = FACE_BOUND('',#5544,.T.);
#5544 = EDGE_LOOP('',(#5545,#5568,#5589,#5590));
#5545 = ORIENTED_EDGE('',*,*,#5546,.T.);
#5546 = EDGE_CURVE('',#1001,#5547,#5549,.T.);
#5547 = VERTEX_POINT('',#5548);
#5548 = CARTESIAN_POINT('',(-13.30322265625,-8.663064453125,2.35));
#5549 = SURFACE_CURVE('',#5550,(#5554,#5561),.PCURVE_S1.);
#5550 = LINE('',#5551,#5552);
#5551 = CARTESIAN_POINT('',(-13.30322265625,-8.663064453125,2.));
#5552 = VECTOR('',#5553,1.);
#5553 = DIRECTION('',(0.,0.,1.));
#5554 = PCURVE('',#1044,#5555);
#5555 = DEFINITIONAL_REPRESENTATION('',(#5556),#5560);
#5556 = LINE('',#5557,#5558);
#5557 = CARTESIAN_POINT('',(0.,0.));
#5558 = VECTOR('',#5559,1.);
#5559 = DIRECTION('',(0.,-1.));
#5560 = ( GEOMETRIC_REPRESENTATION_CONTEXT(2) 
PARAMETRIC_REPRESENTATION_CONTEXT() REPRESENTATION_CONTEXT('2D SPACE',''
  ) );
#5561 = PCURVE('',#1016,#5562);
#5562 = DEFINITIONAL_REPRESENTATION('',(#5563),#5567);
#5563 = LINE('',#5564,#5565);
#5564 = CARTESIAN_POINT('',(1.09619140625,0.));
#5565 = VECTOR('',#5566,1.);
#5566 = DIRECTION('',(0.,-1.));
#5567 = ( GEOMETRIC_REPRESENTATION_CONTEXT(2) 
PARAMETRIC_REPRESENTATION_CONTEXT() REPRESENTATION_CONTEXT('2D SPACE',''
  ) );
#5568 = ORIENTED_EDGE('',*,*,#5569,.T.);
#5569 = EDGE_CURVE('',#5547,#5498,#5570,.T.);
#5570 = SURFACE_CURVE('',#5571,(#5575,#5582),.PCURVE_S1.);
#5571 = LINE('',#5572,#5573);
#5572 = CARTESIAN_POINT('',(-13.30322265625,-8.663064453125,2.35));
#5573 = VECTOR('',#5574,1.);
#5574 = DIRECTION('',(1.,0.,0.));
#5575 = PCURVE('',#1044,#5576);
#5576 = DEFINITIONAL_REPRESENTATION('',(#5577),#5581);
#5577 = LINE('',#5578,#5579);
#5578 = CARTESIAN_POINT('',(0.,-0.35));
#5579 = VECTOR('',#5580,1.);
#5580 = DIRECTION('',(1.,0.));
#5581 = ( GEOMETRIC_REPRESENTATION_CONTEXT(2) 
PARAMETRIC_REPRESENTATION_CONTEXT() REPRESENTATION_CONTEXT('2D SPACE',''
  ) );
#5582 = PCURVE('',#5313,#5583);
#5583 = DEFINITIONAL_REPRESENTATION('',(#5584),#5588);
#5584 = LINE('',#5585,#5586);
#5585 = CARTESIAN_POINT('',(0.869140625,2.060546875));
#5586 = VECTOR('',#5587,1.);
#5587 = DIRECTION('',(1.,0.));
#5588 = ( GEOMETRIC_REPRESENTATION_CONTEXT(2) 
PARAMETRIC_REPRESENTATION_CONTEXT() REPRESENTATION_CONTEXT('2D SPACE',''
  ) );
#5589 = ORIENTED_EDGE('',*,*,#5497,.F.);
#5590 = ORIENTED_EDGE('',*,*,#1028,.F.);
#5591 = ADVANCED_FACE('',(#5592),#1016,.T.);
#5592 = FACE_BOUND('',#5593,.T.);
#5593 = EDGE_LOOP('',(#5594,#5617,#5638,#5639));
#5594 = ORIENTED_EDGE('',*,*,#5595,.T.);
#5595 = EDGE_CURVE('',#973,#5596,#5598,.T.);
#5596 = VERTEX_POINT('',#5597);
#5597 = CARTESIAN_POINT('',(-13.30322265625,-7.566873046875,2.35));
#5598 = SURFACE_CURVE('',#5599,(#5603,#5610),.PCURVE_S1.);
#5599 = LINE('',#5600,#5601);
#5600 = CARTESIAN_POINT('',(-13.30322265625,-7.566873046875,2.));
#5601 = VECTOR('',#5602,1.);
#5602 = DIRECTION('',(0.,0.,1.));
#5603 = PCURVE('',#1016,#5604);
#5604 = DEFINITIONAL_REPRESENTATION('',(#5605),#5609);
#5605 = LINE('',#5606,#5607);
#5606 = CARTESIAN_POINT('',(0.,0.));
#5607 = VECTOR('',#5608,1.);
#5608 = DIRECTION('',(0.,-1.));
#5609 = ( GEOMETRIC_REPRESENTATION_CONTEXT(2) 
PARAMETRIC_REPRESENTATION_CONTEXT() REPRESENTATION_CONTEXT('2D SPACE',''
  ) );
#5610 = PCURVE('',#988,#5611);
#5611 = DEFINITIONAL_REPRESENTATION('',(#5612),#5616);
#5612 = LINE('',#5613,#5614);
#5613 = CARTESIAN_POINT('',(2.1142578125,0.));
#5614 = VECTOR('',#5615,1.);
#5615 = DIRECTION('',(0.,-1.));
#5616 = ( GEOMETRIC_REPRESENTATION_CONTEXT(2) 
PARAMETRIC_REPRESENTATION_CONTEXT() REPRESENTATION_CONTEXT('2D SPACE',''
  ) );
#5617 = ORIENTED_EDGE('',*,*,#5618,.T.);
#5618 = EDGE_CURVE('',#5596,#5547,#5619,.T.);
#5619 = SURFACE_CURVE('',#5620,(#5624,#5631),.PCURVE_S1.);
#5620 = LINE('',#5621,#5622);
#5621 = CARTESIAN_POINT('',(-13.30322265625,-7.566873046875,2.35));
#5622 = VECTOR('',#5623,1.);
#5623 = DIRECTION('',(0.,-1.,0.));
#5624 = PCURVE('',#1016,#5625);
#5625 = DEFINITIONAL_REPRESENTATION('',(#5626),#5630);
#5626 = LINE('',#5627,#5628);
#5627 = CARTESIAN_POINT('',(0.,-0.35));
#5628 = VECTOR('',#5629,1.);
#5629 = DIRECTION('',(1.,0.));
#5630 = ( GEOMETRIC_REPRESENTATION_CONTEXT(2) 
PARAMETRIC_REPRESENTATION_CONTEXT() REPRESENTATION_CONTEXT('2D SPACE',''
  ) );
#5631 = PCURVE('',#5313,#5632);
#5632 = DEFINITIONAL_REPRESENTATION('',(#5633),#5637);
#5633 = LINE('',#5634,#5635);
#5634 = CARTESIAN_POINT('',(0.869140625,3.15673828125));
#5635 = VECTOR('',#5636,1.);
#5636 = DIRECTION('',(0.,-1.));
#5637 = ( GEOMETRIC_REPRESENTATION_CONTEXT(2) 
PARAMETRIC_REPRESENTATION_CONTEXT() REPRESENTATION_CONTEXT('2D SPACE',''
  ) );
#5638 = ORIENTED_EDGE('',*,*,#5546,.F.);
#5639 = ORIENTED_EDGE('',*,*,#1000,.F.);
#5640 = ADVANCED_FACE('',(#5641),#988,.T.);
#5641 = FACE_BOUND('',#5642,.T.);
#5642 = EDGE_LOOP('',(#5643,#5666,#5687,#5688));
#5643 = ORIENTED_EDGE('',*,*,#5644,.T.);
#5644 = EDGE_CURVE('',#945,#5645,#5647,.T.);
#5645 = VERTEX_POINT('',#5646);
#5646 = CARTESIAN_POINT('',(-11.18896484375,-7.566873046875,2.35));
#5647 = SURFACE_CURVE('',#5648,(#5652,#5659),.PCURVE_S1.);
#5648 = LINE('',#5649,#5650);
#5649 = CARTESIAN_POINT('',(-11.18896484375,-7.566873046875,2.));
#5650 = VECTOR('',#5651,1.);
#5651 = DIRECTION('',(0.,0.,1.));
#5652 = PCURVE('',#988,#5653);
#5653 = DEFINITIONAL_REPRESENTATION('',(#5654),#5658);
#5654 = LINE('',#5655,#5656);
#5655 = CARTESIAN_POINT('',(0.,-0.));
#5656 = VECTOR('',#5657,1.);
#5657 = DIRECTION('',(0.,-1.));
#5658 = ( GEOMETRIC_REPRESENTATION_CONTEXT(2) 
PARAMETRIC_REPRESENTATION_CONTEXT() REPRESENTATION_CONTEXT('2D SPACE',''
  ) );
#5659 = PCURVE('',#960,#5660);
#5660 = DEFINITIONAL_REPRESENTATION('',(#5661),#5665);
#5661 = LINE('',#5662,#5663);
#5662 = CARTESIAN_POINT('',(0.42236328125,0.));
#5663 = VECTOR('',#5664,1.);
#5664 = DIRECTION('',(0.,-1.));
#5665 = ( GEOMETRIC_REPRESENTATION_CONTEXT(2) 
PARAMETRIC_REPRESENTATION_CONTEXT() REPRESENTATION_CONTEXT('2D SPACE',''
  ) );
#5666 = ORIENTED_EDGE('',*,*,#5667,.T.);
#5667 = EDGE_CURVE('',#5645,#5596,#5668,.T.);
#5668 = SURFACE_CURVE('',#5669,(#5673,#5680),.PCURVE_S1.);
#5669 = LINE('',#5670,#5671);
#5670 = CARTESIAN_POINT('',(-11.18896484375,-7.566873046875,2.35));
#5671 = VECTOR('',#5672,1.);
#5672 = DIRECTION('',(-1.,0.,0.));
#5673 = PCURVE('',#988,#5674);
#5674 = DEFINITIONAL_REPRESENTATION('',(#5675),#5679);
#5675 = LINE('',#5676,#5677);
#5676 = CARTESIAN_POINT('',(0.,-0.35));
#5677 = VECTOR('',#5678,1.);
#5678 = DIRECTION('',(1.,0.));
#5679 = ( GEOMETRIC_REPRESENTATION_CONTEXT(2) 
PARAMETRIC_REPRESENTATION_CONTEXT() REPRESENTATION_CONTEXT('2D SPACE',''
  ) );
#5680 = PCURVE('',#5313,#5681);
#5681 = DEFINITIONAL_REPRESENTATION('',(#5682),#5686);
#5682 = LINE('',#5683,#5684);
#5683 = CARTESIAN_POINT('',(2.9833984375,3.15673828125));
#5684 = VECTOR('',#5685,1.);
#5685 = DIRECTION('',(-1.,0.));
#5686 = ( GEOMETRIC_REPRESENTATION_CONTEXT(2) 
PARAMETRIC_REPRESENTATION_CONTEXT() REPRESENTATION_CONTEXT('2D SPACE',''
  ) );
#5687 = ORIENTED_EDGE('',*,*,#5595,.F.);
#5688 = ORIENTED_EDGE('',*,*,#972,.F.);
#5689 = ADVANCED_FACE('',(#5690),#960,.T.);
#5690 = FACE_BOUND('',#5691,.T.);
#5691 = EDGE_LOOP('',(#5692,#5715,#5736,#5737));
#5692 = ORIENTED_EDGE('',*,*,#5693,.T.);
#5693 = EDGE_CURVE('',#917,#5694,#5696,.T.);
#5694 = VERTEX_POINT('',#5695);
#5695 = CARTESIAN_POINT('',(-11.18896484375,-7.144509765625,2.35));
#5696 = SURFACE_CURVE('',#5697,(#5701,#5708),.PCURVE_S1.);
#5697 = LINE('',#5698,#5699);
#5698 = CARTESIAN_POINT('',(-11.18896484375,-7.144509765625,2.));
#5699 = VECTOR('',#5700,1.);
#5700 = DIRECTION('',(0.,0.,1.));
#5701 = PCURVE('',#960,#5702);
#5702 = DEFINITIONAL_REPRESENTATION('',(#5703),#5707);
#5703 = LINE('',#5704,#5705);
#5704 = CARTESIAN_POINT('',(0.,0.));
#5705 = VECTOR('',#5706,1.);
#5706 = DIRECTION('',(0.,-1.));
#5707 = ( GEOMETRIC_REPRESENTATION_CONTEXT(2) 
PARAMETRIC_REPRESENTATION_CONTEXT() REPRESENTATION_CONTEXT('2D SPACE',''
  ) );
#5708 = PCURVE('',#932,#5709);
#5709 = DEFINITIONAL_REPRESENTATION('',(#5710),#5714);
#5710 = LINE('',#5711,#5712);
#5711 = CARTESIAN_POINT('',(2.587890625,0.));
#5712 = VECTOR('',#5713,1.);
#5713 = DIRECTION('',(0.,-1.));
#5714 = ( GEOMETRIC_REPRESENTATION_CONTEXT(2) 
PARAMETRIC_REPRESENTATION_CONTEXT() REPRESENTATION_CONTEXT('2D SPACE',''
  ) );
#5715 = ORIENTED_EDGE('',*,*,#5716,.T.);
#5716 = EDGE_CURVE('',#5694,#5645,#5717,.T.);
#5717 = SURFACE_CURVE('',#5718,(#5722,#5729),.PCURVE_S1.);
#5718 = LINE('',#5719,#5720);
#5719 = CARTESIAN_POINT('',(-11.18896484375,-7.144509765625,2.35));
#5720 = VECTOR('',#5721,1.);
#5721 = DIRECTION('',(0.,-1.,0.));
#5722 = PCURVE('',#960,#5723);
#5723 = DEFINITIONAL_REPRESENTATION('',(#5724),#5728);
#5724 = LINE('',#5725,#5726);
#5725 = CARTESIAN_POINT('',(0.,-0.35));
#5726 = VECTOR('',#5727,1.);
#5727 = DIRECTION('',(1.,0.));
#5728 = ( GEOMETRIC_REPRESENTATION_CONTEXT(2) 
PARAMETRIC_REPRESENTATION_CONTEXT() REPRESENTATION_CONTEXT('2D SPACE',''
  ) );
#5729 = PCURVE('',#5313,#5730);
#5730 = DEFINITIONAL_REPRESENTATION('',(#5731),#5735);
#5731 = LINE('',#5732,#5733);
#5732 = CARTESIAN_POINT('',(2.9833984375,3.5791015625));
#5733 = VECTOR('',#5734,1.);
#5734 = DIRECTION('',(0.,-1.));
#5735 = ( GEOMETRIC_REPRESENTATION_CONTEXT(2) 
PARAMETRIC_REPRESENTATION_CONTEXT() REPRESENTATION_CONTEXT('2D SPACE',''
  ) );
#5736 = ORIENTED_EDGE('',*,*,#5644,.F.);
#5737 = ORIENTED_EDGE('',*,*,#944,.F.);
#5738 = ADVANCED_FACE('',(#5739),#932,.T.);
#5739 = FACE_BOUND('',#5740,.T.);
#5740 = EDGE_LOOP('',(#5741,#5764,#5785,#5786));
#5741 = ORIENTED_EDGE('',*,*,#5742,.T.);
#5742 = EDGE_CURVE('',#889,#5743,#5745,.T.);
#5743 = VERTEX_POINT('',#5744);
#5744 = CARTESIAN_POINT('',(-13.77685546875,-7.144509765625,2.35));
#5745 = SURFACE_CURVE('',#5746,(#5750,#5757),.PCURVE_S1.);
#5746 = LINE('',#5747,#5748);
#5747 = CARTESIAN_POINT('',(-13.77685546875,-7.144509765625,2.));
#5748 = VECTOR('',#5749,1.);
#5749 = DIRECTION('',(0.,0.,1.));
#5750 = PCURVE('',#932,#5751);
#5751 = DEFINITIONAL_REPRESENTATION('',(#5752),#5756);
#5752 = LINE('',#5753,#5754);
#5753 = CARTESIAN_POINT('',(0.,0.));
#5754 = VECTOR('',#5755,1.);
#5755 = DIRECTION('',(0.,-1.));
#5756 = ( GEOMETRIC_REPRESENTATION_CONTEXT(2) 
PARAMETRIC_REPRESENTATION_CONTEXT() REPRESENTATION_CONTEXT('2D SPACE',''
  ) );
#5757 = PCURVE('',#904,#5758);
#5758 = DEFINITIONAL_REPRESENTATION('',(#5759),#5763);
#5759 = LINE('',#5760,#5761);
#5760 = CARTESIAN_POINT('',(3.5791015625,0.));
#5761 = VECTOR('',#5762,1.);
#5762 = DIRECTION('',(0.,-1.));
#5763 = ( GEOMETRIC_REPRESENTATION_CONTEXT(2) 
PARAMETRIC_REPRESENTATION_CONTEXT() REPRESENTATION_CONTEXT('2D SPACE',''
  ) );
#5764 = ORIENTED_EDGE('',*,*,#5765,.T.);
#5765 = EDGE_CURVE('',#5743,#5694,#5766,.T.);
#5766 = SURFACE_CURVE('',#5767,(#5771,#5778),.PCURVE_S1.);
#5767 = LINE('',#5768,#5769);
#5768 = CARTESIAN_POINT('',(-13.77685546875,-7.144509765625,2.35));
#5769 = VECTOR('',#5770,1.);
#5770 = DIRECTION('',(1.,0.,0.));
#5771 = PCURVE('',#932,#5772);
#5772 = DEFINITIONAL_REPRESENTATION('',(#5773),#5777);
#5773 = LINE('',#5774,#5775);
#5774 = CARTESIAN_POINT('',(0.,-0.35));
#5775 = VECTOR('',#5776,1.);
#5776 = DIRECTION('',(1.,0.));
#5777 = ( GEOMETRIC_REPRESENTATION_CONTEXT(2) 
PARAMETRIC_REPRESENTATION_CONTEXT() REPRESENTATION_CONTEXT('2D SPACE',''
  ) );
#5778 = PCURVE('',#5313,#5779);
#5779 = DEFINITIONAL_REPRESENTATION('',(#5780),#5784);
#5780 = LINE('',#5781,#5782);
#5781 = CARTESIAN_POINT('',(0.3955078125,3.5791015625));
#5782 = VECTOR('',#5783,1.);
#5783 = DIRECTION('',(1.,0.));
#5784 = ( GEOMETRIC_REPRESENTATION_CONTEXT(2) 
PARAMETRIC_REPRESENTATION_CONTEXT() REPRESENTATION_CONTEXT('2D SPACE',''
  ) );
#5785 = ORIENTED_EDGE('',*,*,#5693,.F.);
#5786 = ORIENTED_EDGE('',*,*,#916,.F.);
#5787 = ADVANCED_FACE('',(#5788),#904,.T.);
#5788 = FACE_BOUND('',#5789,.T.);
#5789 = EDGE_LOOP('',(#5790,#5813,#5834,#5835));
#5790 = ORIENTED_EDGE('',*,*,#5791,.T.);
#5791 = EDGE_CURVE('',#861,#5792,#5794,.T.);
#5792 = VERTEX_POINT('',#5793);
#5793 = CARTESIAN_POINT('',(-13.77685546875,-10.72361132812,2.35));
#5794 = SURFACE_CURVE('',#5795,(#5799,#5806),.PCURVE_S1.);
#5795 = LINE('',#5796,#5797);
#5796 = CARTESIAN_POINT('',(-13.77685546875,-10.72361132812,2.));
#5797 = VECTOR('',#5798,1.);
#5798 = DIRECTION('',(0.,0.,1.));
#5799 = PCURVE('',#904,#5800);
#5800 = DEFINITIONAL_REPRESENTATION('',(#5801),#5805);
#5801 = LINE('',#5802,#5803);
#5802 = CARTESIAN_POINT('',(0.,0.));
#5803 = VECTOR('',#5804,1.);
#5804 = DIRECTION('',(0.,-1.));
#5805 = ( GEOMETRIC_REPRESENTATION_CONTEXT(2) 
PARAMETRIC_REPRESENTATION_CONTEXT() REPRESENTATION_CONTEXT('2D SPACE',''
  ) );
#5806 = PCURVE('',#876,#5807);
#5807 = DEFINITIONAL_REPRESENTATION('',(#5808),#5812);
#5808 = LINE('',#5809,#5810);
#5809 = CARTESIAN_POINT('',(2.6708984375,0.));
#5810 = VECTOR('',#5811,1.);
#5811 = DIRECTION('',(0.,-1.));
#5812 = ( GEOMETRIC_REPRESENTATION_CONTEXT(2) 
PARAMETRIC_REPRESENTATION_CONTEXT() REPRESENTATION_CONTEXT('2D SPACE',''
  ) );
#5813 = ORIENTED_EDGE('',*,*,#5814,.T.);
#5814 = EDGE_CURVE('',#5792,#5743,#5815,.T.);
#5815 = SURFACE_CURVE('',#5816,(#5820,#5827),.PCURVE_S1.);
#5816 = LINE('',#5817,#5818);
#5817 = CARTESIAN_POINT('',(-13.77685546875,-10.72361132812,2.35));
#5818 = VECTOR('',#5819,1.);
#5819 = DIRECTION('',(0.,1.,0.));
#5820 = PCURVE('',#904,#5821);
#5821 = DEFINITIONAL_REPRESENTATION('',(#5822),#5826);
#5822 = LINE('',#5823,#5824);
#5823 = CARTESIAN_POINT('',(0.,-0.35));
#5824 = VECTOR('',#5825,1.);
#5825 = DIRECTION('',(1.,0.));
#5826 = ( GEOMETRIC_REPRESENTATION_CONTEXT(2) 
PARAMETRIC_REPRESENTATION_CONTEXT() REPRESENTATION_CONTEXT('2D SPACE',''
  ) );
#5827 = PCURVE('',#5313,#5828);
#5828 = DEFINITIONAL_REPRESENTATION('',(#5829),#5833);
#5829 = LINE('',#5830,#5831);
#5830 = CARTESIAN_POINT('',(0.3955078125,0.));
#5831 = VECTOR('',#5832,1.);
#5832 = DIRECTION('',(0.,1.));
#5833 = ( GEOMETRIC_REPRESENTATION_CONTEXT(2) 
PARAMETRIC_REPRESENTATION_CONTEXT() REPRESENTATION_CONTEXT('2D SPACE',''
  ) );
#5834 = ORIENTED_EDGE('',*,*,#5742,.F.);
#5835 = ORIENTED_EDGE('',*,*,#888,.F.);
#5836 = ADVANCED_FACE('',(#5837),#876,.T.);
#5837 = FACE_BOUND('',#5838,.T.);
#5838 = EDGE_LOOP('',(#5839,#5840,#5861,#5862));
#5839 = ORIENTED_EDGE('',*,*,#5325,.T.);
#5840 = ORIENTED_EDGE('',*,*,#5841,.T.);
#5841 = EDGE_CURVE('',#5298,#5792,#5842,.T.);
#5842 = SURFACE_CURVE('',#5843,(#5847,#5854),.PCURVE_S1.);
#5843 = LINE('',#5844,#5845);
#5844 = CARTESIAN_POINT('',(-11.10595703125,-10.72361132812,2.35));
#5845 = VECTOR('',#5846,1.);
#5846 = DIRECTION('',(-1.,0.,0.));
#5847 = PCURVE('',#876,#5848);
#5848 = DEFINITIONAL_REPRESENTATION('',(#5849),#5853);
#5849 = LINE('',#5850,#5851);
#5850 = CARTESIAN_POINT('',(0.,-0.35));
#5851 = VECTOR('',#5852,1.);
#5852 = DIRECTION('',(1.,0.));
#5853 = ( GEOMETRIC_REPRESENTATION_CONTEXT(2) 
PARAMETRIC_REPRESENTATION_CONTEXT() REPRESENTATION_CONTEXT('2D SPACE',''
  ) );
#5854 = PCURVE('',#5313,#5855);
#5855 = DEFINITIONAL_REPRESENTATION('',(#5856),#5860);
#5856 = LINE('',#5857,#5858);
#5857 = CARTESIAN_POINT('',(3.06640625,0.));
#5858 = VECTOR('',#5859,1.);
#5859 = DIRECTION('',(-1.,0.));
#5860 = ( GEOMETRIC_REPRESENTATION_CONTEXT(2) 
PARAMETRIC_REPRESENTATION_CONTEXT() REPRESENTATION_CONTEXT('2D SPACE',''
  ) );
#5861 = ORIENTED_EDGE('',*,*,#5791,.F.);
#5862 = ORIENTED_EDGE('',*,*,#860,.F.);
#5863 = ADVANCED_FACE('',(#5864),#1186,.T.);
#5864 = FACE_BOUND('',#5865,.T.);
#5865 = EDGE_LOOP('',(#5866,#5889,#5917,#5947,#5973));
#5866 = ORIENTED_EDGE('',*,*,#5867,.T.);
#5867 = EDGE_CURVE('',#1169,#5868,#5870,.T.);
#5868 = VERTEX_POINT('',#5869);
#5869 = CARTESIAN_POINT('',(9.45556640625,-10.78464648437,2.35));
#5870 = SURFACE_CURVE('',#5871,(#5875,#5882),.PCURVE_S1.);
#5871 = LINE('',#5872,#5873);
#5872 = CARTESIAN_POINT('',(9.45556640625,-10.78464648437,2.));
#5873 = VECTOR('',#5874,1.);
#5874 = DIRECTION('',(0.,0.,1.));
#5875 = PCURVE('',#1186,#5876);
#5876 = DEFINITIONAL_REPRESENTATION('',(#5877),#5881);
#5877 = LINE('',#5878,#5879);
#5878 = CARTESIAN_POINT('',(0.,0.));
#5879 = VECTOR('',#5880,1.);
#5880 = DIRECTION('',(0.,-1.));
#5881 = ( GEOMETRIC_REPRESENTATION_CONTEXT(2) 
PARAMETRIC_REPRESENTATION_CONTEXT() REPRESENTATION_CONTEXT('2D SPACE',''
  ) );
#5882 = PCURVE('',#3983,#5883);
#5883 = DEFINITIONAL_REPRESENTATION('',(#5884),#5888);
#5884 = LINE('',#5885,#5886);
#5885 = CARTESIAN_POINT('',(1.,0.));
#5886 = VECTOR('',#5887,1.);
#5887 = DIRECTION('',(0.,-1.));
#5888 = ( GEOMETRIC_REPRESENTATION_CONTEXT(2) 
PARAMETRIC_REPRESENTATION_CONTEXT() REPRESENTATION_CONTEXT('2D SPACE',''
  ) );
#5889 = ORIENTED_EDGE('',*,*,#5890,.T.);
#5890 = EDGE_CURVE('',#5868,#5891,#5893,.T.);
#5891 = VERTEX_POINT('',#5892);
#5892 = CARTESIAN_POINT('',(8.55224609375,-10.54050585937,2.35));
#5893 = SURFACE_CURVE('',#5894,(#5898,#5905),.PCURVE_S1.);
#5894 = B_SPLINE_CURVE_WITH_KNOTS('',2,(#5895,#5896,#5897),
  .UNSPECIFIED.,.F.,.F.,(3,3),(0.,1.),.PIECEWISE_BEZIER_KNOTS.);
#5895 = CARTESIAN_POINT('',(9.45556640625,-10.78464648437,2.35));
#5896 = CARTESIAN_POINT('',(8.9501953125,-10.78464648437,2.35));
#5897 = CARTESIAN_POINT('',(8.55224609375,-10.54050585937,2.35));
#5898 = PCURVE('',#1186,#5899);
#5899 = DEFINITIONAL_REPRESENTATION('',(#5900),#5904);
#5900 = LINE('',#5901,#5902);
#5901 = CARTESIAN_POINT('',(0.,-0.35));
#5902 = VECTOR('',#5903,1.);
#5903 = DIRECTION('',(1.,0.));
#5904 = ( GEOMETRIC_REPRESENTATION_CONTEXT(2) 
PARAMETRIC_REPRESENTATION_CONTEXT() REPRESENTATION_CONTEXT('2D SPACE',''
  ) );
#5905 = PCURVE('',#5906,#5911);
#5906 = PLANE('',#5907);
#5907 = AXIS2_PLACEMENT_3D('',#5908,#5909,#5910);
#5908 = CARTESIAN_POINT('',(7.50244140625,-10.72361132812,2.35));
#5909 = DIRECTION('',(0.,0.,1.));
#5910 = DIRECTION('',(1.,0.,0.));
#5911 = DEFINITIONAL_REPRESENTATION('',(#5912),#5916);
#5912 = B_SPLINE_CURVE_WITH_KNOTS('',2,(#5913,#5914,#5915),
  .UNSPECIFIED.,.F.,.F.,(3,3),(0.,1.),.PIECEWISE_BEZIER_KNOTS.);
#5913 = CARTESIAN_POINT('',(1.953125,-6.103515625E-02));
#5914 = CARTESIAN_POINT('',(1.44775390625,-6.103515625E-02));
#5915 = CARTESIAN_POINT('',(1.0498046875,0.18310546875));
#5916 = ( GEOMETRIC_REPRESENTATION_CONTEXT(2) 
PARAMETRIC_REPRESENTATION_CONTEXT() REPRESENTATION_CONTEXT('2D SPACE',''
  ) );
#5917 = ORIENTED_EDGE('',*,*,#5918,.F.);
#5918 = EDGE_CURVE('',#5919,#5891,#5921,.T.);
#5919 = VERTEX_POINT('',#5920);
#5920 = CARTESIAN_POINT('',(8.55224609375,-10.54050585937,2.));
#5921 = SURFACE_CURVE('',#5922,(#5926,#5933),.PCURVE_S1.);
#5922 = LINE('',#5923,#5924);
#5923 = CARTESIAN_POINT('',(8.55224609375,-10.54050585937,2.));
#5924 = VECTOR('',#5925,1.);
#5925 = DIRECTION('',(0.,0.,1.));
#5926 = PCURVE('',#1186,#5927);
#5927 = DEFINITIONAL_REPRESENTATION('',(#5928),#5932);
#5928 = LINE('',#5929,#5930);
#5929 = CARTESIAN_POINT('',(1.,0.));
#5930 = VECTOR('',#5931,1.);
#5931 = DIRECTION('',(0.,-1.));
#5932 = ( GEOMETRIC_REPRESENTATION_CONTEXT(2) 
PARAMETRIC_REPRESENTATION_CONTEXT() REPRESENTATION_CONTEXT('2D SPACE',''
  ) );
#5933 = PCURVE('',#5934,#5941);
#5934 = SURFACE_OF_LINEAR_EXTRUSION('',#5935,#5939);
#5935 = B_SPLINE_CURVE_WITH_KNOTS('',2,(#5936,#5937,#5938),
  .UNSPECIFIED.,.F.,.F.,(3,3),(0.,1.),.PIECEWISE_BEZIER_KNOTS.);
#5936 = CARTESIAN_POINT('',(8.55224609375,-10.54050585937,2.));
#5937 = CARTESIAN_POINT('',(8.154296875,-10.29636523437,2.));
#5938 = CARTESIAN_POINT('',(7.94921875,-9.874001953125,2.));
#5939 = VECTOR('',#5940,1.);
#5940 = DIRECTION('',(-0.,-0.,-1.));
#5941 = DEFINITIONAL_REPRESENTATION('',(#5942),#5946);
#5942 = LINE('',#5943,#5944);
#5943 = CARTESIAN_POINT('',(0.,0.));
#5944 = VECTOR('',#5945,1.);
#5945 = DIRECTION('',(0.,-1.));
#5946 = ( GEOMETRIC_REPRESENTATION_CONTEXT(2) 
PARAMETRIC_REPRESENTATION_CONTEXT() REPRESENTATION_CONTEXT('2D SPACE',''
  ) );
#5947 = ORIENTED_EDGE('',*,*,#5948,.F.);
#5948 = EDGE_CURVE('',#1171,#5919,#5949,.T.);
#5949 = SURFACE_CURVE('',#5950,(#5954,#5961),.PCURVE_S1.);
#5950 = B_SPLINE_CURVE_WITH_KNOTS('',2,(#5951,#5952,#5953),
  .UNSPECIFIED.,.F.,.F.,(3,3),(0.,1.),.PIECEWISE_BEZIER_KNOTS.);
#5951 = CARTESIAN_POINT('',(9.45556640625,-10.78464648437,2.));
#5952 = CARTESIAN_POINT('',(8.9501953125,-10.78464648437,2.));
#5953 = CARTESIAN_POINT('',(8.55224609375,-10.54050585937,2.));
#5954 = PCURVE('',#1186,#5955);
#5955 = DEFINITIONAL_REPRESENTATION('',(#5956),#5960);
#5956 = LINE('',#5957,#5958);
#5957 = CARTESIAN_POINT('',(0.,0.));
#5958 = VECTOR('',#5959,1.);
#5959 = DIRECTION('',(1.,0.));
#5960 = ( GEOMETRIC_REPRESENTATION_CONTEXT(2) 
PARAMETRIC_REPRESENTATION_CONTEXT() REPRESENTATION_CONTEXT('2D SPACE',''
  ) );
#5961 = PCURVE('',#5962,#5967);
#5962 = PLANE('',#5963);
#5963 = AXIS2_PLACEMENT_3D('',#5964,#5965,#5966);
#5964 = CARTESIAN_POINT('',(7.50244140625,-10.72361132812,2.));
#5965 = DIRECTION('',(0.,0.,1.));
#5966 = DIRECTION('',(1.,0.,0.));
#5967 = DEFINITIONAL_REPRESENTATION('',(#5968),#5972);
#5968 = B_SPLINE_CURVE_WITH_KNOTS('',2,(#5969,#5970,#5971),
  .UNSPECIFIED.,.F.,.F.,(3,3),(0.,1.),.PIECEWISE_BEZIER_KNOTS.);
#5969 = CARTESIAN_POINT('',(1.953125,-6.103515625E-02));
#5970 = CARTESIAN_POINT('',(1.44775390625,-6.103515625E-02));
#5971 = CARTESIAN_POINT('',(1.0498046875,0.18310546875));
#5972 = ( GEOMETRIC_REPRESENTATION_CONTEXT(2) 
PARAMETRIC_REPRESENTATION_CONTEXT() REPRESENTATION_CONTEXT('2D SPACE',''
  ) );
#5973 = ORIENTED_EDGE('',*,*,#1168,.F.);
#5974 = ADVANCED_FACE('',(#5975),#3983,.T.);
#5975 = FACE_BOUND('',#5976,.T.);
#5976 = EDGE_LOOP('',(#5977,#6000,#6021,#6022));
#5977 = ORIENTED_EDGE('',*,*,#5978,.T.);
#5978 = EDGE_CURVE('',#3940,#5979,#5981,.T.);
#5979 = VERTEX_POINT('',#5980);
#5980 = CARTESIAN_POINT('',(10.32470703125,-10.56369921875,2.35));
#5981 = SURFACE_CURVE('',#5982,(#5986,#5993),.PCURVE_S1.);
#5982 = LINE('',#5983,#5984);
#5983 = CARTESIAN_POINT('',(10.32470703125,-10.56369921875,2.));
#5984 = VECTOR('',#5985,1.);
#5985 = DIRECTION('',(0.,0.,1.));
#5986 = PCURVE('',#3983,#5987);
#5987 = DEFINITIONAL_REPRESENTATION('',(#5988),#5992);
#5988 = LINE('',#5989,#5990);
#5989 = CARTESIAN_POINT('',(0.,0.));
#5990 = VECTOR('',#5991,1.);
#5991 = DIRECTION('',(0.,-1.));
#5992 = ( GEOMETRIC_REPRESENTATION_CONTEXT(2) 
PARAMETRIC_REPRESENTATION_CONTEXT() REPRESENTATION_CONTEXT('2D SPACE',''
  ) );
#5993 = PCURVE('',#3955,#5994);
#5994 = DEFINITIONAL_REPRESENTATION('',(#5995),#5999);
#5995 = LINE('',#5996,#5997);
#5996 = CARTESIAN_POINT('',(1.,0.));
#5997 = VECTOR('',#5998,1.);
#5998 = DIRECTION('',(0.,-1.));
#5999 = ( GEOMETRIC_REPRESENTATION_CONTEXT(2) 
PARAMETRIC_REPRESENTATION_CONTEXT() REPRESENTATION_CONTEXT('2D SPACE',''
  ) );
#6000 = ORIENTED_EDGE('',*,*,#6001,.T.);
#6001 = EDGE_CURVE('',#5979,#5868,#6002,.T.);
#6002 = SURFACE_CURVE('',#6003,(#6007,#6014),.PCURVE_S1.);
#6003 = B_SPLINE_CURVE_WITH_KNOTS('',2,(#6004,#6005,#6006),
  .UNSPECIFIED.,.F.,.F.,(3,3),(0.,1.),.PIECEWISE_BEZIER_KNOTS.);
#6004 = CARTESIAN_POINT('',(10.32470703125,-10.56369921875,2.35));
#6005 = CARTESIAN_POINT('',(9.921875,-10.78464648437,2.35));
#6006 = CARTESIAN_POINT('',(9.45556640625,-10.78464648437,2.35));
#6007 = PCURVE('',#3983,#6008);
#6008 = DEFINITIONAL_REPRESENTATION('',(#6009),#6013);
#6009 = LINE('',#6010,#6011);
#6010 = CARTESIAN_POINT('',(0.,-0.35));
#6011 = VECTOR('',#6012,1.);
#6012 = DIRECTION('',(1.,0.));
#6013 = ( GEOMETRIC_REPRESENTATION_CONTEXT(2) 
PARAMETRIC_REPRESENTATION_CONTEXT() REPRESENTATION_CONTEXT('2D SPACE',''
  ) );
#6014 = PCURVE('',#5906,#6015);
#6015 = DEFINITIONAL_REPRESENTATION('',(#6016),#6020);
#6016 = B_SPLINE_CURVE_WITH_KNOTS('',2,(#6017,#6018,#6019),
  .UNSPECIFIED.,.F.,.F.,(3,3),(0.,1.),.PIECEWISE_BEZIER_KNOTS.);
#6017 = CARTESIAN_POINT('',(2.822265625,0.159912109375));
#6018 = CARTESIAN_POINT('',(2.41943359375,-6.103515625E-02));
#6019 = CARTESIAN_POINT('',(1.953125,-6.103515625E-02));
#6020 = ( GEOMETRIC_REPRESENTATION_CONTEXT(2) 
PARAMETRIC_REPRESENTATION_CONTEXT() REPRESENTATION_CONTEXT('2D SPACE',''
  ) );
#6021 = ORIENTED_EDGE('',*,*,#5867,.F.);
#6022 = ORIENTED_EDGE('',*,*,#3969,.F.);
#6023 = ADVANCED_FACE('',(#6024),#3955,.T.);
#6024 = FACE_BOUND('',#6025,.T.);
#6025 = EDGE_LOOP('',(#6026,#6049,#6070,#6071));
#6026 = ORIENTED_EDGE('',*,*,#6027,.T.);
#6027 = EDGE_CURVE('',#3910,#6028,#6030,.T.);
#6028 = VERTEX_POINT('',#6029);
#6029 = CARTESIAN_POINT('',(10.947265625,-9.913064453125,2.35));
#6030 = SURFACE_CURVE('',#6031,(#6035,#6042),.PCURVE_S1.);
#6031 = LINE('',#6032,#6033);
#6032 = CARTESIAN_POINT('',(10.947265625,-9.913064453125,2.));
#6033 = VECTOR('',#6034,1.);
#6034 = DIRECTION('',(0.,0.,1.));
#6035 = PCURVE('',#3955,#6036);
#6036 = DEFINITIONAL_REPRESENTATION('',(#6037),#6041);
#6037 = LINE('',#6038,#6039);
#6038 = CARTESIAN_POINT('',(0.,0.));
#6039 = VECTOR('',#6040,1.);
#6040 = DIRECTION('',(0.,-1.));
#6041 = ( GEOMETRIC_REPRESENTATION_CONTEXT(2) 
PARAMETRIC_REPRESENTATION_CONTEXT() REPRESENTATION_CONTEXT('2D SPACE',''
  ) );
#6042 = PCURVE('',#3925,#6043);
#6043 = DEFINITIONAL_REPRESENTATION('',(#6044),#6048);
#6044 = LINE('',#6045,#6046);
#6045 = CARTESIAN_POINT('',(1.,0.));
#6046 = VECTOR('',#6047,1.);
#6047 = DIRECTION('',(0.,-1.));
#6048 = ( GEOMETRIC_REPRESENTATION_CONTEXT(2) 
PARAMETRIC_REPRESENTATION_CONTEXT() REPRESENTATION_CONTEXT('2D SPACE',''
  ) );
#6049 = ORIENTED_EDGE('',*,*,#6050,.T.);
#6050 = EDGE_CURVE('',#6028,#5979,#6051,.T.);
#6051 = SURFACE_CURVE('',#6052,(#6056,#6063),.PCURVE_S1.);
#6052 = B_SPLINE_CURVE_WITH_KNOTS('',2,(#6053,#6054,#6055),
  .UNSPECIFIED.,.F.,.F.,(3,3),(0.,1.),.PIECEWISE_BEZIER_KNOTS.);
#6053 = CARTESIAN_POINT('',(10.947265625,-9.913064453125,2.35));
#6054 = CARTESIAN_POINT('',(10.7275390625,-10.34275195312,2.35));
#6055 = CARTESIAN_POINT('',(10.32470703125,-10.56369921875,2.35));
#6056 = PCURVE('',#3955,#6057);
#6057 = DEFINITIONAL_REPRESENTATION('',(#6058),#6062);
#6058 = LINE('',#6059,#6060);
#6059 = CARTESIAN_POINT('',(0.,-0.35));
#6060 = VECTOR('',#6061,1.);
#6061 = DIRECTION('',(1.,0.));
#6062 = ( GEOMETRIC_REPRESENTATION_CONTEXT(2) 
PARAMETRIC_REPRESENTATION_CONTEXT() REPRESENTATION_CONTEXT('2D SPACE',''
  ) );
#6063 = PCURVE('',#5906,#6064);
#6064 = DEFINITIONAL_REPRESENTATION('',(#6065),#6069);
#6065 = B_SPLINE_CURVE_WITH_KNOTS('',2,(#6066,#6067,#6068),
  .UNSPECIFIED.,.F.,.F.,(3,3),(0.,1.),.PIECEWISE_BEZIER_KNOTS.);
#6066 = CARTESIAN_POINT('',(3.44482421875,0.810546875));
#6067 = CARTESIAN_POINT('',(3.22509765625,0.380859375));
#6068 = CARTESIAN_POINT('',(2.822265625,0.159912109375));
#6069 = ( GEOMETRIC_REPRESENTATION_CONTEXT(2) 
PARAMETRIC_REPRESENTATION_CONTEXT() REPRESENTATION_CONTEXT('2D SPACE',''
  ) );
#6070 = ORIENTED_EDGE('',*,*,#5978,.F.);
#6071 = ORIENTED_EDGE('',*,*,#3939,.F.);
#6072 = ADVANCED_FACE('',(#6073),#3925,.T.);
#6073 = FACE_BOUND('',#6074,.T.);
#6074 = EDGE_LOOP('',(#6075,#6098,#6119,#6120));
#6075 = ORIENTED_EDGE('',*,*,#6076,.T.);
#6076 = EDGE_CURVE('',#3880,#6077,#6079,.T.);
#6077 = VERTEX_POINT('',#6078);
#6078 = CARTESIAN_POINT('',(11.1669921875,-8.938943359375,2.35));
#6079 = SURFACE_CURVE('',#6080,(#6084,#6091),.PCURVE_S1.);
#6080 = LINE('',#6081,#6082);
#6081 = CARTESIAN_POINT('',(11.1669921875,-8.938943359375,2.));
#6082 = VECTOR('',#6083,1.);
#6083 = DIRECTION('',(0.,0.,1.));
#6084 = PCURVE('',#3925,#6085);
#6085 = DEFINITIONAL_REPRESENTATION('',(#6086),#6090);
#6086 = LINE('',#6087,#6088);
#6087 = CARTESIAN_POINT('',(0.,0.));
#6088 = VECTOR('',#6089,1.);
#6089 = DIRECTION('',(0.,-1.));
#6090 = ( GEOMETRIC_REPRESENTATION_CONTEXT(2) 
PARAMETRIC_REPRESENTATION_CONTEXT() REPRESENTATION_CONTEXT('2D SPACE',''
  ) );
#6091 = PCURVE('',#3895,#6092);
#6092 = DEFINITIONAL_REPRESENTATION('',(#6093),#6097);
#6093 = LINE('',#6094,#6095);
#6094 = CARTESIAN_POINT('',(1.,0.));
#6095 = VECTOR('',#6096,1.);
#6096 = DIRECTION('',(0.,-1.));
#6097 = ( GEOMETRIC_REPRESENTATION_CONTEXT(2) 
PARAMETRIC_REPRESENTATION_CONTEXT() REPRESENTATION_CONTEXT('2D SPACE',''
  ) );
#6098 = ORIENTED_EDGE('',*,*,#6099,.T.);
#6099 = EDGE_CURVE('',#6077,#6028,#6100,.T.);
#6100 = SURFACE_CURVE('',#6101,(#6105,#6112),.PCURVE_S1.);
#6101 = B_SPLINE_CURVE_WITH_KNOTS('',2,(#6102,#6103,#6104),
  .UNSPECIFIED.,.F.,.F.,(3,3),(0.,1.),.PIECEWISE_BEZIER_KNOTS.);
#6102 = CARTESIAN_POINT('',(11.1669921875,-8.938943359375,2.35));
#6103 = CARTESIAN_POINT('',(11.1669921875,-9.483376953125,2.35));
#6104 = CARTESIAN_POINT('',(10.947265625,-9.913064453125,2.35));
#6105 = PCURVE('',#3925,#6106);
#6106 = DEFINITIONAL_REPRESENTATION('',(#6107),#6111);
#6107 = LINE('',#6108,#6109);
#6108 = CARTESIAN_POINT('',(0.,-0.35));
#6109 = VECTOR('',#6110,1.);
#6110 = DIRECTION('',(1.,0.));
#6111 = ( GEOMETRIC_REPRESENTATION_CONTEXT(2) 
PARAMETRIC_REPRESENTATION_CONTEXT() REPRESENTATION_CONTEXT('2D SPACE',''
  ) );
#6112 = PCURVE('',#5906,#6113);
#6113 = DEFINITIONAL_REPRESENTATION('',(#6114),#6118);
#6114 = B_SPLINE_CURVE_WITH_KNOTS('',2,(#6115,#6116,#6117),
  .UNSPECIFIED.,.F.,.F.,(3,3),(0.,1.),.PIECEWISE_BEZIER_KNOTS.);
#6115 = CARTESIAN_POINT('',(3.66455078125,1.78466796875));
#6116 = CARTESIAN_POINT('',(3.66455078125,1.240234375));
#6117 = CARTESIAN_POINT('',(3.44482421875,0.810546875));
#6118 = ( GEOMETRIC_REPRESENTATION_CONTEXT(2) 
PARAMETRIC_REPRESENTATION_CONTEXT() REPRESENTATION_CONTEXT('2D SPACE',''
  ) );
#6119 = ORIENTED_EDGE('',*,*,#6027,.F.);
#6120 = ORIENTED_EDGE('',*,*,#3909,.F.);
#6121 = ADVANCED_FACE('',(#6122),#3895,.T.);
#6122 = FACE_BOUND('',#6123,.T.);
#6123 = EDGE_LOOP('',(#6124,#6147,#6168,#6169));
#6124 = ORIENTED_EDGE('',*,*,#6125,.T.);
#6125 = EDGE_CURVE('',#3850,#6126,#6128,.T.);
#6126 = VERTEX_POINT('',#6127);
#6127 = CARTESIAN_POINT('',(10.958251953125,-7.97825,2.35));
#6128 = SURFACE_CURVE('',#6129,(#6133,#6140),.PCURVE_S1.);
#6129 = LINE('',#6130,#6131);
#6130 = CARTESIAN_POINT('',(10.958251953125,-7.97825,2.));
#6131 = VECTOR('',#6132,1.);
#6132 = DIRECTION('',(0.,0.,1.));
#6133 = PCURVE('',#3895,#6134);
#6134 = DEFINITIONAL_REPRESENTATION('',(#6135),#6139);
#6135 = LINE('',#6136,#6137);
#6136 = CARTESIAN_POINT('',(0.,0.));
#6137 = VECTOR('',#6138,1.);
#6138 = DIRECTION('',(0.,-1.));
#6139 = ( GEOMETRIC_REPRESENTATION_CONTEXT(2) 
PARAMETRIC_REPRESENTATION_CONTEXT() REPRESENTATION_CONTEXT('2D SPACE',''
  ) );
#6140 = PCURVE('',#3865,#6141);
#6141 = DEFINITIONAL_REPRESENTATION('',(#6142),#6146);
#6142 = LINE('',#6143,#6144);
#6143 = CARTESIAN_POINT('',(1.,0.));
#6144 = VECTOR('',#6145,1.);
#6145 = DIRECTION('',(0.,-1.));
#6146 = ( GEOMETRIC_REPRESENTATION_CONTEXT(2) 
PARAMETRIC_REPRESENTATION_CONTEXT() REPRESENTATION_CONTEXT('2D SPACE',''
  ) );
#6147 = ORIENTED_EDGE('',*,*,#6148,.T.);
#6148 = EDGE_CURVE('',#6126,#6077,#6149,.T.);
#6149 = SURFACE_CURVE('',#6150,(#6154,#6161),.PCURVE_S1.);
#6150 = B_SPLINE_CURVE_WITH_KNOTS('',2,(#6151,#6152,#6153),
  .UNSPECIFIED.,.F.,.F.,(3,3),(0.,1.),.PIECEWISE_BEZIER_KNOTS.);
#6151 = CARTESIAN_POINT('',(10.958251953125,-7.97825,2.35));
#6152 = CARTESIAN_POINT('',(11.1669921875,-8.401833984375,2.35));
#6153 = CARTESIAN_POINT('',(11.1669921875,-8.938943359375,2.35));
#6154 = PCURVE('',#3895,#6155);
#6155 = DEFINITIONAL_REPRESENTATION('',(#6156),#6160);
#6156 = LINE('',#6157,#6158);
#6157 = CARTESIAN_POINT('',(0.,-0.35));
#6158 = VECTOR('',#6159,1.);
#6159 = DIRECTION('',(1.,0.));
#6160 = ( GEOMETRIC_REPRESENTATION_CONTEXT(2) 
PARAMETRIC_REPRESENTATION_CONTEXT() REPRESENTATION_CONTEXT('2D SPACE',''
  ) );
#6161 = PCURVE('',#5906,#6162);
#6162 = DEFINITIONAL_REPRESENTATION('',(#6163),#6167);
#6163 = B_SPLINE_CURVE_WITH_KNOTS('',2,(#6164,#6165,#6166),
  .UNSPECIFIED.,.F.,.F.,(3,3),(0.,1.),.PIECEWISE_BEZIER_KNOTS.);
#6164 = CARTESIAN_POINT('',(3.455810546875,2.745361328125));
#6165 = CARTESIAN_POINT('',(3.66455078125,2.32177734375));
#6166 = CARTESIAN_POINT('',(3.66455078125,1.78466796875));
#6167 = ( GEOMETRIC_REPRESENTATION_CONTEXT(2) 
PARAMETRIC_REPRESENTATION_CONTEXT() REPRESENTATION_CONTEXT('2D SPACE',''
  ) );
#6168 = ORIENTED_EDGE('',*,*,#6076,.F.);
#6169 = ORIENTED_EDGE('',*,*,#3879,.F.);
#6170 = ADVANCED_FACE('',(#6171),#3865,.T.);
#6171 = FACE_BOUND('',#6172,.T.);
#6172 = EDGE_LOOP('',(#6173,#6196,#6217,#6218));
#6173 = ORIENTED_EDGE('',*,*,#6174,.T.);
#6174 = EDGE_CURVE('',#3820,#6175,#6177,.T.);
#6175 = VERTEX_POINT('',#6176);
#6176 = CARTESIAN_POINT('',(10.3515625,-7.317849609375,2.35));
#6177 = SURFACE_CURVE('',#6178,(#6182,#6189),.PCURVE_S1.);
#6178 = LINE('',#6179,#6180);
#6179 = CARTESIAN_POINT('',(10.3515625,-7.317849609375,2.));
#6180 = VECTOR('',#6181,1.);
#6181 = DIRECTION('',(0.,0.,1.));
#6182 = PCURVE('',#3865,#6183);
#6183 = DEFINITIONAL_REPRESENTATION('',(#6184),#6188);
#6184 = LINE('',#6185,#6186);
#6185 = CARTESIAN_POINT('',(0.,0.));
#6186 = VECTOR('',#6187,1.);
#6187 = DIRECTION('',(0.,-1.));
#6188 = ( GEOMETRIC_REPRESENTATION_CONTEXT(2) 
PARAMETRIC_REPRESENTATION_CONTEXT() REPRESENTATION_CONTEXT('2D SPACE',''
  ) );
#6189 = PCURVE('',#3835,#6190);
#6190 = DEFINITIONAL_REPRESENTATION('',(#6191),#6195);
#6191 = LINE('',#6192,#6193);
#6192 = CARTESIAN_POINT('',(1.,0.));
#6193 = VECTOR('',#6194,1.);
#6194 = DIRECTION('',(0.,-1.));
#6195 = ( GEOMETRIC_REPRESENTATION_CONTEXT(2) 
PARAMETRIC_REPRESENTATION_CONTEXT() REPRESENTATION_CONTEXT('2D SPACE',''
  ) );
#6196 = ORIENTED_EDGE('',*,*,#6197,.T.);
#6197 = EDGE_CURVE('',#6175,#6126,#6198,.T.);
#6198 = SURFACE_CURVE('',#6199,(#6203,#6210),.PCURVE_S1.);
#6199 = B_SPLINE_CURVE_WITH_KNOTS('',2,(#6200,#6201,#6202),
  .UNSPECIFIED.,.F.,.F.,(3,3),(0.,1.),.PIECEWISE_BEZIER_KNOTS.);
#6200 = CARTESIAN_POINT('',(10.3515625,-7.317849609375,2.35));
#6201 = CARTESIAN_POINT('',(10.74951171875,-7.554666015625,2.35));
#6202 = CARTESIAN_POINT('',(10.958251953125,-7.97825,2.35));
#6203 = PCURVE('',#3865,#6204);
#6204 = DEFINITIONAL_REPRESENTATION('',(#6205),#6209);
#6205 = LINE('',#6206,#6207);
#6206 = CARTESIAN_POINT('',(0.,-0.35));
#6207 = VECTOR('',#6208,1.);
#6208 = DIRECTION('',(1.,0.));
#6209 = ( GEOMETRIC_REPRESENTATION_CONTEXT(2) 
PARAMETRIC_REPRESENTATION_CONTEXT() REPRESENTATION_CONTEXT('2D SPACE',''
  ) );
#6210 = PCURVE('',#5906,#6211);
#6211 = DEFINITIONAL_REPRESENTATION('',(#6212),#6216);
#6212 = B_SPLINE_CURVE_WITH_KNOTS('',2,(#6213,#6214,#6215),
  .UNSPECIFIED.,.F.,.F.,(3,3),(0.,1.),.PIECEWISE_BEZIER_KNOTS.);
#6213 = CARTESIAN_POINT('',(2.84912109375,3.40576171875));
#6214 = CARTESIAN_POINT('',(3.2470703125,3.1689453125));
#6215 = CARTESIAN_POINT('',(3.455810546875,2.745361328125));
#6216 = ( GEOMETRIC_REPRESENTATION_CONTEXT(2) 
PARAMETRIC_REPRESENTATION_CONTEXT() REPRESENTATION_CONTEXT('2D SPACE',''
  ) );
#6217 = ORIENTED_EDGE('',*,*,#6125,.F.);
#6218 = ORIENTED_EDGE('',*,*,#3849,.F.);
#6219 = ADVANCED_FACE('',(#6220),#3835,.T.);
#6220 = FACE_BOUND('',#6221,.T.);
#6221 = EDGE_LOOP('',(#6222,#6245,#6266,#6267));
#6222 = ORIENTED_EDGE('',*,*,#6223,.T.);
#6223 = EDGE_CURVE('',#3790,#6224,#6226,.T.);
#6224 = VERTEX_POINT('',#6225);
#6225 = CARTESIAN_POINT('',(9.4580078125,-7.081033203125,2.35));
#6226 = SURFACE_CURVE('',#6227,(#6231,#6238),.PCURVE_S1.);
#6227 = LINE('',#6228,#6229);
#6228 = CARTESIAN_POINT('',(9.4580078125,-7.081033203125,2.));
#6229 = VECTOR('',#6230,1.);
#6230 = DIRECTION('',(0.,0.,1.));
#6231 = PCURVE('',#3835,#6232);
#6232 = DEFINITIONAL_REPRESENTATION('',(#6233),#6237);
#6233 = LINE('',#6234,#6235);
#6234 = CARTESIAN_POINT('',(0.,0.));
#6235 = VECTOR('',#6236,1.);
#6236 = DIRECTION('',(0.,-1.));
#6237 = ( GEOMETRIC_REPRESENTATION_CONTEXT(2) 
PARAMETRIC_REPRESENTATION_CONTEXT() REPRESENTATION_CONTEXT('2D SPACE',''
  ) );
#6238 = PCURVE('',#3805,#6239);
#6239 = DEFINITIONAL_REPRESENTATION('',(#6240),#6244);
#6240 = LINE('',#6241,#6242);
#6241 = CARTESIAN_POINT('',(1.,0.));
#6242 = VECTOR('',#6243,1.);
#6243 = DIRECTION('',(0.,-1.));
#6244 = ( GEOMETRIC_REPRESENTATION_CONTEXT(2) 
PARAMETRIC_REPRESENTATION_CONTEXT() REPRESENTATION_CONTEXT('2D SPACE',''
  ) );
#6245 = ORIENTED_EDGE('',*,*,#6246,.T.);
#6246 = EDGE_CURVE('',#6224,#6175,#6247,.T.);
#6247 = SURFACE_CURVE('',#6248,(#6252,#6259),.PCURVE_S1.);
#6248 = B_SPLINE_CURVE_WITH_KNOTS('',2,(#6249,#6250,#6251),
  .UNSPECIFIED.,.F.,.F.,(3,3),(0.,1.),.PIECEWISE_BEZIER_KNOTS.);
#6249 = CARTESIAN_POINT('',(9.4580078125,-7.081033203125,2.35));
#6250 = CARTESIAN_POINT('',(9.95361328125,-7.081033203125,2.35));
#6251 = CARTESIAN_POINT('',(10.3515625,-7.317849609375,2.35));
#6252 = PCURVE('',#3835,#6253);
#6253 = DEFINITIONAL_REPRESENTATION('',(#6254),#6258);
#6254 = LINE('',#6255,#6256);
#6255 = CARTESIAN_POINT('',(0.,-0.35));
#6256 = VECTOR('',#6257,1.);
#6257 = DIRECTION('',(1.,0.));
#6258 = ( GEOMETRIC_REPRESENTATION_CONTEXT(2) 
PARAMETRIC_REPRESENTATION_CONTEXT() REPRESENTATION_CONTEXT('2D SPACE',''
  ) );
#6259 = PCURVE('',#5906,#6260);
#6260 = DEFINITIONAL_REPRESENTATION('',(#6261),#6265);
#6261 = B_SPLINE_CURVE_WITH_KNOTS('',2,(#6262,#6263,#6264),
  .UNSPECIFIED.,.F.,.F.,(3,3),(0.,1.),.PIECEWISE_BEZIER_KNOTS.);
#6262 = CARTESIAN_POINT('',(1.95556640625,3.642578125));
#6263 = CARTESIAN_POINT('',(2.451171875,3.642578125));
#6264 = CARTESIAN_POINT('',(2.84912109375,3.40576171875));
#6265 = ( GEOMETRIC_REPRESENTATION_CONTEXT(2) 
PARAMETRIC_REPRESENTATION_CONTEXT() REPRESENTATION_CONTEXT('2D SPACE',''
  ) );
#6266 = ORIENTED_EDGE('',*,*,#6174,.F.);
#6267 = ORIENTED_EDGE('',*,*,#3819,.F.);
#6268 = ADVANCED_FACE('',(#6269),#3805,.T.);
#6269 = FACE_BOUND('',#6270,.T.);
#6270 = EDGE_LOOP('',(#6271,#6294,#6315,#6316));
#6271 = ORIENTED_EDGE('',*,*,#6272,.T.);
#6272 = EDGE_CURVE('',#3760,#6273,#6275,.T.);
#6273 = VERTEX_POINT('',#6274);
#6274 = CARTESIAN_POINT('',(8.22265625,-7.58518359375,2.35));
#6275 = SURFACE_CURVE('',#6276,(#6280,#6287),.PCURVE_S1.);
#6276 = LINE('',#6277,#6278);
#6277 = CARTESIAN_POINT('',(8.22265625,-7.58518359375,2.));
#6278 = VECTOR('',#6279,1.);
#6279 = DIRECTION('',(0.,0.,1.));
#6280 = PCURVE('',#3805,#6281);
#6281 = DEFINITIONAL_REPRESENTATION('',(#6282),#6286);
#6282 = LINE('',#6283,#6284);
#6283 = CARTESIAN_POINT('',(0.,0.));
#6284 = VECTOR('',#6285,1.);
#6285 = DIRECTION('',(0.,-1.));
#6286 = ( GEOMETRIC_REPRESENTATION_CONTEXT(2) 
PARAMETRIC_REPRESENTATION_CONTEXT() REPRESENTATION_CONTEXT('2D SPACE',''
  ) );
#6287 = PCURVE('',#3775,#6288);
#6288 = DEFINITIONAL_REPRESENTATION('',(#6289),#6293);
#6289 = LINE('',#6290,#6291);
#6290 = CARTESIAN_POINT('',(1.,0.));
#6291 = VECTOR('',#6292,1.);
#6292 = DIRECTION('',(0.,-1.));
#6293 = ( GEOMETRIC_REPRESENTATION_CONTEXT(2) 
PARAMETRIC_REPRESENTATION_CONTEXT() REPRESENTATION_CONTEXT('2D SPACE',''
  ) );
#6294 = ORIENTED_EDGE('',*,*,#6295,.T.);
#6295 = EDGE_CURVE('',#6273,#6224,#6296,.T.);
#6296 = SURFACE_CURVE('',#6297,(#6301,#6308),.PCURVE_S1.);
#6297 = B_SPLINE_CURVE_WITH_KNOTS('',2,(#6298,#6299,#6300),
  .UNSPECIFIED.,.F.,.F.,(3,3),(0.,1.),.PIECEWISE_BEZIER_KNOTS.);
#6298 = CARTESIAN_POINT('',(8.22265625,-7.58518359375,2.35));
#6299 = CARTESIAN_POINT('',(8.701171875,-7.081033203125,2.35));
#6300 = CARTESIAN_POINT('',(9.4580078125,-7.081033203125,2.35));
#6301 = PCURVE('',#3805,#6302);
#6302 = DEFINITIONAL_REPRESENTATION('',(#6303),#6307);
#6303 = LINE('',#6304,#6305);
#6304 = CARTESIAN_POINT('',(0.,-0.35));
#6305 = VECTOR('',#6306,1.);
#6306 = DIRECTION('',(1.,0.));
#6307 = ( GEOMETRIC_REPRESENTATION_CONTEXT(2) 
PARAMETRIC_REPRESENTATION_CONTEXT() REPRESENTATION_CONTEXT('2D SPACE',''
  ) );
#6308 = PCURVE('',#5906,#6309);
#6309 = DEFINITIONAL_REPRESENTATION('',(#6310),#6314);
#6310 = B_SPLINE_CURVE_WITH_KNOTS('',2,(#6311,#6312,#6313),
  .UNSPECIFIED.,.F.,.F.,(3,3),(0.,1.),.PIECEWISE_BEZIER_KNOTS.);
#6311 = CARTESIAN_POINT('',(0.72021484375,3.138427734375));
#6312 = CARTESIAN_POINT('',(1.19873046875,3.642578125));
#6313 = CARTESIAN_POINT('',(1.95556640625,3.642578125));
#6314 = ( GEOMETRIC_REPRESENTATION_CONTEXT(2) 
PARAMETRIC_REPRESENTATION_CONTEXT() REPRESENTATION_CONTEXT('2D SPACE',''
  ) );
#6315 = ORIENTED_EDGE('',*,*,#6223,.F.);
#6316 = ORIENTED_EDGE('',*,*,#3789,.F.);
#6317 = ADVANCED_FACE('',(#6318),#3775,.T.);
#6318 = FACE_BOUND('',#6319,.T.);
#6319 = EDGE_LOOP('',(#6320,#6343,#6364,#6365));
#6320 = ORIENTED_EDGE('',*,*,#6321,.T.);
#6321 = EDGE_CURVE('',#3730,#6322,#6324,.T.);
#6322 = VERTEX_POINT('',#6323);
#6323 = CARTESIAN_POINT('',(7.744140625,-8.980447265625,2.35));
#6324 = SURFACE_CURVE('',#6325,(#6329,#6336),.PCURVE_S1.);
#6325 = LINE('',#6326,#6327);
#6326 = CARTESIAN_POINT('',(7.744140625,-8.980447265625,2.));
#6327 = VECTOR('',#6328,1.);
#6328 = DIRECTION('',(0.,0.,1.));
#6329 = PCURVE('',#3775,#6330);
#6330 = DEFINITIONAL_REPRESENTATION('',(#6331),#6335);
#6331 = LINE('',#6332,#6333);
#6332 = CARTESIAN_POINT('',(0.,0.));
#6333 = VECTOR('',#6334,1.);
#6334 = DIRECTION('',(0.,-1.));
#6335 = ( GEOMETRIC_REPRESENTATION_CONTEXT(2) 
PARAMETRIC_REPRESENTATION_CONTEXT() REPRESENTATION_CONTEXT('2D SPACE',''
  ) );
#6336 = PCURVE('',#3745,#6337);
#6337 = DEFINITIONAL_REPRESENTATION('',(#6338),#6342);
#6338 = LINE('',#6339,#6340);
#6339 = CARTESIAN_POINT('',(1.,0.));
#6340 = VECTOR('',#6341,1.);
#6341 = DIRECTION('',(0.,-1.));
#6342 = ( GEOMETRIC_REPRESENTATION_CONTEXT(2) 
PARAMETRIC_REPRESENTATION_CONTEXT() REPRESENTATION_CONTEXT('2D SPACE',''
  ) );
#6343 = ORIENTED_EDGE('',*,*,#6344,.T.);
#6344 = EDGE_CURVE('',#6322,#6273,#6345,.T.);
#6345 = SURFACE_CURVE('',#6346,(#6350,#6357),.PCURVE_S1.);
#6346 = B_SPLINE_CURVE_WITH_KNOTS('',2,(#6347,#6348,#6349),
  .UNSPECIFIED.,.F.,.F.,(3,3),(0.,1.),.PIECEWISE_BEZIER_KNOTS.);
#6347 = CARTESIAN_POINT('',(7.744140625,-8.980447265625,2.35));
#6348 = CARTESIAN_POINT('',(7.744140625,-8.089333984375,2.35));
#6349 = CARTESIAN_POINT('',(8.22265625,-7.58518359375,2.35));
#6350 = PCURVE('',#3775,#6351);
#6351 = DEFINITIONAL_REPRESENTATION('',(#6352),#6356);
#6352 = LINE('',#6353,#6354);
#6353 = CARTESIAN_POINT('',(0.,-0.35));
#6354 = VECTOR('',#6355,1.);
#6355 = DIRECTION('',(1.,0.));
#6356 = ( GEOMETRIC_REPRESENTATION_CONTEXT(2) 
PARAMETRIC_REPRESENTATION_CONTEXT() REPRESENTATION_CONTEXT('2D SPACE',''
  ) );
#6357 = PCURVE('',#5906,#6358);
#6358 = DEFINITIONAL_REPRESENTATION('',(#6359),#6363);
#6359 = B_SPLINE_CURVE_WITH_KNOTS('',2,(#6360,#6361,#6362),
  .UNSPECIFIED.,.F.,.F.,(3,3),(0.,1.),.PIECEWISE_BEZIER_KNOTS.);
#6360 = CARTESIAN_POINT('',(0.24169921875,1.7431640625));
#6361 = CARTESIAN_POINT('',(0.24169921875,2.63427734375));
#6362 = CARTESIAN_POINT('',(0.72021484375,3.138427734375));
#6363 = ( GEOMETRIC_REPRESENTATION_CONTEXT(2) 
PARAMETRIC_REPRESENTATION_CONTEXT() REPRESENTATION_CONTEXT('2D SPACE',''
  ) );
#6364 = ORIENTED_EDGE('',*,*,#6272,.F.);
#6365 = ORIENTED_EDGE('',*,*,#3759,.F.);
#6366 = ADVANCED_FACE('',(#6367),#3745,.T.);
#6367 = FACE_BOUND('',#6368,.T.);
#6368 = EDGE_LOOP('',(#6369,#6394,#6415,#6416,#6417));
#6369 = ORIENTED_EDGE('',*,*,#6370,.T.);
#6370 = EDGE_CURVE('',#6371,#6373,#6375,.T.);
#6371 = VERTEX_POINT('',#6372);
#6372 = CARTESIAN_POINT('',(7.94921875,-9.874001953125,2.));
#6373 = VERTEX_POINT('',#6374);
#6374 = CARTESIAN_POINT('',(7.94921875,-9.874001953125,2.35));
#6375 = SURFACE_CURVE('',#6376,(#6380,#6387),.PCURVE_S1.);
#6376 = LINE('',#6377,#6378);
#6377 = CARTESIAN_POINT('',(7.94921875,-9.874001953125,2.));
#6378 = VECTOR('',#6379,1.);
#6379 = DIRECTION('',(0.,0.,1.));
#6380 = PCURVE('',#3745,#6381);
#6381 = DEFINITIONAL_REPRESENTATION('',(#6382),#6386);
#6382 = LINE('',#6383,#6384);
#6383 = CARTESIAN_POINT('',(0.,0.));
#6384 = VECTOR('',#6385,1.);
#6385 = DIRECTION('',(0.,-1.));
#6386 = ( GEOMETRIC_REPRESENTATION_CONTEXT(2) 
PARAMETRIC_REPRESENTATION_CONTEXT() REPRESENTATION_CONTEXT('2D SPACE',''
  ) );
#6387 = PCURVE('',#5934,#6388);
#6388 = DEFINITIONAL_REPRESENTATION('',(#6389),#6393);
#6389 = LINE('',#6390,#6391);
#6390 = CARTESIAN_POINT('',(1.,0.));
#6391 = VECTOR('',#6392,1.);
#6392 = DIRECTION('',(0.,-1.));
#6393 = ( GEOMETRIC_REPRESENTATION_CONTEXT(2) 
PARAMETRIC_REPRESENTATION_CONTEXT() REPRESENTATION_CONTEXT('2D SPACE',''
  ) );
#6394 = ORIENTED_EDGE('',*,*,#6395,.T.);
#6395 = EDGE_CURVE('',#6373,#6322,#6396,.T.);
#6396 = SURFACE_CURVE('',#6397,(#6401,#6408),.PCURVE_S1.);
#6397 = B_SPLINE_CURVE_WITH_KNOTS('',2,(#6398,#6399,#6400),
  .UNSPECIFIED.,.F.,.F.,(3,3),(0.,1.),.PIECEWISE_BEZIER_KNOTS.);
#6398 = CARTESIAN_POINT('',(7.94921875,-9.874001953125,2.35));
#6399 = CARTESIAN_POINT('',(7.744140625,-9.451638671875,2.35));
#6400 = CARTESIAN_POINT('',(7.744140625,-8.980447265625,2.35));
#6401 = PCURVE('',#3745,#6402);
#6402 = DEFINITIONAL_REPRESENTATION('',(#6403),#6407);
#6403 = LINE('',#6404,#6405);
#6404 = CARTESIAN_POINT('',(0.,-0.35));
#6405 = VECTOR('',#6406,1.);
#6406 = DIRECTION('',(1.,0.));
#6407 = ( GEOMETRIC_REPRESENTATION_CONTEXT(2) 
PARAMETRIC_REPRESENTATION_CONTEXT() REPRESENTATION_CONTEXT('2D SPACE',''
  ) );
#6408 = PCURVE('',#5906,#6409);
#6409 = DEFINITIONAL_REPRESENTATION('',(#6410),#6414);
#6410 = B_SPLINE_CURVE_WITH_KNOTS('',2,(#6411,#6412,#6413),
  .UNSPECIFIED.,.F.,.F.,(3,3),(0.,1.),.PIECEWISE_BEZIER_KNOTS.);
#6411 = CARTESIAN_POINT('',(0.44677734375,0.849609375));
#6412 = CARTESIAN_POINT('',(0.24169921875,1.27197265625));
#6413 = CARTESIAN_POINT('',(0.24169921875,1.7431640625));
#6414 = ( GEOMETRIC_REPRESENTATION_CONTEXT(2) 
PARAMETRIC_REPRESENTATION_CONTEXT() REPRESENTATION_CONTEXT('2D SPACE',''
  ) );
#6415 = ORIENTED_EDGE('',*,*,#6321,.F.);
#6416 = ORIENTED_EDGE('',*,*,#3729,.F.);
#6417 = ORIENTED_EDGE('',*,*,#6418,.F.);
#6418 = EDGE_CURVE('',#6371,#3709,#6419,.T.);
#6419 = SURFACE_CURVE('',#6420,(#6424,#6431),.PCURVE_S1.);
#6420 = B_SPLINE_CURVE_WITH_KNOTS('',2,(#6421,#6422,#6423),
  .UNSPECIFIED.,.F.,.F.,(3,3),(0.,1.),.PIECEWISE_BEZIER_KNOTS.);
#6421 = CARTESIAN_POINT('',(7.94921875,-9.874001953125,2.));
#6422 = CARTESIAN_POINT('',(7.744140625,-9.451638671875,2.));
#6423 = CARTESIAN_POINT('',(7.744140625,-8.980447265625,2.));
#6424 = PCURVE('',#3745,#6425);
#6425 = DEFINITIONAL_REPRESENTATION('',(#6426),#6430);
#6426 = LINE('',#6427,#6428);
#6427 = CARTESIAN_POINT('',(0.,0.));
#6428 = VECTOR('',#6429,1.);
#6429 = DIRECTION('',(1.,0.));
#6430 = ( GEOMETRIC_REPRESENTATION_CONTEXT(2) 
PARAMETRIC_REPRESENTATION_CONTEXT() REPRESENTATION_CONTEXT('2D SPACE',''
  ) );
#6431 = PCURVE('',#5962,#6432);
#6432 = DEFINITIONAL_REPRESENTATION('',(#6433),#6437);
#6433 = B_SPLINE_CURVE_WITH_KNOTS('',2,(#6434,#6435,#6436),
  .UNSPECIFIED.,.F.,.F.,(3,3),(0.,1.),.PIECEWISE_BEZIER_KNOTS.);
#6434 = CARTESIAN_POINT('',(0.44677734375,0.849609375));
#6435 = CARTESIAN_POINT('',(0.24169921875,1.27197265625));
#6436 = CARTESIAN_POINT('',(0.24169921875,1.7431640625));
#6437 = ( GEOMETRIC_REPRESENTATION_CONTEXT(2) 
PARAMETRIC_REPRESENTATION_CONTEXT() REPRESENTATION_CONTEXT('2D SPACE',''
  ) );
#6438 = ADVANCED_FACE('',(#6439),#2150,.T.);
#6439 = FACE_BOUND('',#6440,.T.);
#6440 = EDGE_LOOP('',(#6441,#6471,#6494,#6520,#6540,#6541,#6566,#6567,
    #6589,#6615,#6640,#6641,#6661,#6662,#6687,#6688,#6715,#6741,#6766,
    #6767,#6792,#6793,#6820));
#6441 = ORIENTED_EDGE('',*,*,#6442,.F.);
#6442 = EDGE_CURVE('',#6443,#6445,#6447,.T.);
#6443 = VERTEX_POINT('',#6444);
#6444 = CARTESIAN_POINT('',(9.,-9.,0.));
#6445 = VERTEX_POINT('',#6446);
#6446 = CARTESIAN_POINT('',(-9.,-9.,0.));
#6447 = SURFACE_CURVE('',#6448,(#6452,#6459),.PCURVE_S1.);
#6448 = LINE('',#6449,#6450);
#6449 = CARTESIAN_POINT('',(9.,-9.,0.));
#6450 = VECTOR('',#6451,1.);
#6451 = DIRECTION('',(-1.,0.,0.));
#6452 = PCURVE('',#2150,#6453);
#6453 = DEFINITIONAL_REPRESENTATION('',(#6454),#6458);
#6454 = LINE('',#6455,#6456);
#6455 = CARTESIAN_POINT('',(0.,-0.));
#6456 = VECTOR('',#6457,1.);
#6457 = DIRECTION('',(1.,0.));
#6458 = ( GEOMETRIC_REPRESENTATION_CONTEXT(2) 
PARAMETRIC_REPRESENTATION_CONTEXT() REPRESENTATION_CONTEXT('2D SPACE',''
  ) );
#6459 = PCURVE('',#6460,#6465);
#6460 = PLANE('',#6461);
#6461 = AXIS2_PLACEMENT_3D('',#6462,#6463,#6464);
#6462 = CARTESIAN_POINT('',(0.,-10.,0.));
#6463 = DIRECTION('',(0.,0.,1.));
#6464 = DIRECTION('',(1.,0.,-0.));
#6465 = DEFINITIONAL_REPRESENTATION('',(#6466),#6470);
#6466 = LINE('',#6467,#6468);
#6467 = CARTESIAN_POINT('',(9.,1.));
#6468 = VECTOR('',#6469,1.);
#6469 = DIRECTION('',(-1.,0.));
#6470 = ( GEOMETRIC_REPRESENTATION_CONTEXT(2) 
PARAMETRIC_REPRESENTATION_CONTEXT() REPRESENTATION_CONTEXT('2D SPACE',''
  ) );
#6471 = ORIENTED_EDGE('',*,*,#6472,.T.);
#6472 = EDGE_CURVE('',#6443,#6473,#6475,.T.);
#6473 = VERTEX_POINT('',#6474);
#6474 = CARTESIAN_POINT('',(9.,-9.,2.));
#6475 = SURFACE_CURVE('',#6476,(#6480,#6487),.PCURVE_S1.);
#6476 = LINE('',#6477,#6478);
#6477 = CARTESIAN_POINT('',(9.,-9.,0.));
#6478 = VECTOR('',#6479,1.);
#6479 = DIRECTION('',(0.,0.,1.));
#6480 = PCURVE('',#2150,#6481);
#6481 = DEFINITIONAL_REPRESENTATION('',(#6482),#6486);
#6482 = LINE('',#6483,#6484);
#6483 = CARTESIAN_POINT('',(0.,-0.));
#6484 = VECTOR('',#6485,1.);
#6485 = DIRECTION('',(0.,-1.));
#6486 = ( GEOMETRIC_REPRESENTATION_CONTEXT(2) 
PARAMETRIC_REPRESENTATION_CONTEXT() REPRESENTATION_CONTEXT('2D SPACE',''
  ) );
#6487 = PCURVE('',#1215,#6488);
#6488 = DEFINITIONAL_REPRESENTATION('',(#6489),#6493);
#6489 = LINE('',#6490,#6491);
#6490 = CARTESIAN_POINT('',(2.,0.));
#6491 = VECTOR('',#6492,1.);
#6492 = DIRECTION('',(0.,-1.));
#6493 = ( GEOMETRIC_REPRESENTATION_CONTEXT(2) 
PARAMETRIC_REPRESENTATION_CONTEXT() REPRESENTATION_CONTEXT('2D SPACE',''
  ) );
#6494 = ORIENTED_EDGE('',*,*,#6495,.F.);
#6495 = EDGE_CURVE('',#6496,#6473,#6498,.T.);
#6496 = VERTEX_POINT('',#6497);
#6497 = CARTESIAN_POINT('',(8.232453072388,-9.,2.));
#6498 = SURFACE_CURVE('',#6499,(#6503,#6509),.PCURVE_S1.);
#6499 = LINE('',#6500,#6501);
#6500 = CARTESIAN_POINT('',(4.5,-9.,2.));
#6501 = VECTOR('',#6502,1.);
#6502 = DIRECTION('',(1.,0.,-0.));
#6503 = PCURVE('',#2150,#6504);
#6504 = DEFINITIONAL_REPRESENTATION('',(#6505),#6508);
#6505 = B_SPLINE_CURVE_WITH_KNOTS('',1,(#6506,#6507),.UNSPECIFIED.,.F.,
  .F.,(2,2),(-13.5,4.5),.PIECEWISE_BEZIER_KNOTS.);
#6506 = CARTESIAN_POINT('',(18.,-2.));
#6507 = CARTESIAN_POINT('',(0.,-2.));
#6508 = ( GEOMETRIC_REPRESENTATION_CONTEXT(2) 
PARAMETRIC_REPRESENTATION_CONTEXT() REPRESENTATION_CONTEXT('2D SPACE',''
  ) );
#6509 = PCURVE('',#6510,#6515);
#6510 = PLANE('',#6511);
#6511 = AXIS2_PLACEMENT_3D('',#6512,#6513,#6514);
#6512 = CARTESIAN_POINT('',(-6.260288420794E-16,0.,2.));
#6513 = DIRECTION('',(0.,0.,1.));
#6514 = DIRECTION('',(1.,0.,-0.));
#6515 = DEFINITIONAL_REPRESENTATION('',(#6516),#6519);
#6516 = B_SPLINE_CURVE_WITH_KNOTS('',1,(#6517,#6518),.UNSPECIFIED.,.F.,
  .F.,(2,2),(-13.5,4.5),.PIECEWISE_BEZIER_KNOTS.);
#6517 = CARTESIAN_POINT('',(-9.,-9.));
#6518 = CARTESIAN_POINT('',(9.,-9.));
#6519 = ( GEOMETRIC_REPRESENTATION_CONTEXT(2) 
PARAMETRIC_REPRESENTATION_CONTEXT() REPRESENTATION_CONTEXT('2D SPACE',''
  ) );
#6520 = ORIENTED_EDGE('',*,*,#6521,.F.);
#6521 = EDGE_CURVE('',#3709,#6496,#6522,.T.);
#6522 = SURFACE_CURVE('',#6523,(#6527,#6533),.PCURVE_S1.);
#6523 = LINE('',#6524,#6525);
#6524 = CARTESIAN_POINT('',(4.5,-9.,2.));
#6525 = VECTOR('',#6526,1.);
#6526 = DIRECTION('',(1.,0.,-0.));
#6527 = PCURVE('',#2150,#6528);
#6528 = DEFINITIONAL_REPRESENTATION('',(#6529),#6532);
#6529 = B_SPLINE_CURVE_WITH_KNOTS('',1,(#6530,#6531),.UNSPECIFIED.,.F.,
  .F.,(2,2),(-13.5,4.5),.PIECEWISE_BEZIER_KNOTS.);
#6530 = CARTESIAN_POINT('',(18.,-2.));
#6531 = CARTESIAN_POINT('',(0.,-2.));
#6532 = ( GEOMETRIC_REPRESENTATION_CONTEXT(2) 
PARAMETRIC_REPRESENTATION_CONTEXT() REPRESENTATION_CONTEXT('2D SPACE',''
  ) );
#6533 = PCURVE('',#5962,#6534);
#6534 = DEFINITIONAL_REPRESENTATION('',(#6535),#6539);
#6535 = LINE('',#6536,#6537);
#6536 = CARTESIAN_POINT('',(-3.00244140625,1.723611328125));
#6537 = VECTOR('',#6538,1.);
#6538 = DIRECTION('',(1.,0.));
#6539 = ( GEOMETRIC_REPRESENTATION_CONTEXT(2) 
PARAMETRIC_REPRESENTATION_CONTEXT() REPRESENTATION_CONTEXT('2D SPACE',''
  ) );
#6540 = ORIENTED_EDGE('',*,*,#3708,.F.);
#6541 = ORIENTED_EDGE('',*,*,#6542,.F.);
#6542 = EDGE_CURVE('',#3604,#3681,#6543,.T.);
#6543 = SURFACE_CURVE('',#6544,(#6548,#6554),.PCURVE_S1.);
#6544 = LINE('',#6545,#6546);
#6545 = CARTESIAN_POINT('',(4.5,-9.,2.));
#6546 = VECTOR('',#6547,1.);
#6547 = DIRECTION('',(1.,0.,-0.));
#6548 = PCURVE('',#2150,#6549);
#6549 = DEFINITIONAL_REPRESENTATION('',(#6550),#6553);
#6550 = B_SPLINE_CURVE_WITH_KNOTS('',1,(#6551,#6552),.UNSPECIFIED.,.F.,
  .F.,(2,2),(-13.5,4.5),.PIECEWISE_BEZIER_KNOTS.);
#6551 = CARTESIAN_POINT('',(18.,-2.));
#6552 = CARTESIAN_POINT('',(0.,-2.));
#6553 = ( GEOMETRIC_REPRESENTATION_CONTEXT(2) 
PARAMETRIC_REPRESENTATION_CONTEXT() REPRESENTATION_CONTEXT('2D SPACE',''
  ) );
#6554 = PCURVE('',#6555,#6560);
#6555 = PLANE('',#6556);
#6556 = AXIS2_PLACEMENT_3D('',#6557,#6558,#6559);
#6557 = CARTESIAN_POINT('',(2.783203125,-10.72361132812,2.));
#6558 = DIRECTION('',(0.,0.,1.));
#6559 = DIRECTION('',(1.,0.,0.));
#6560 = DEFINITIONAL_REPRESENTATION('',(#6561),#6565);
#6561 = LINE('',#6562,#6563);
#6562 = CARTESIAN_POINT('',(1.716796875,1.723611328125));
#6563 = VECTOR('',#6564,1.);
#6564 = DIRECTION('',(1.,0.));
#6565 = ( GEOMETRIC_REPRESENTATION_CONTEXT(2) 
PARAMETRIC_REPRESENTATION_CONTEXT() REPRESENTATION_CONTEXT('2D SPACE',''
  ) );
#6566 = ORIENTED_EDGE('',*,*,#3603,.F.);
#6567 = ORIENTED_EDGE('',*,*,#6568,.F.);
#6568 = EDGE_CURVE('',#6569,#3574,#6571,.T.);
#6569 = VERTEX_POINT('',#6570);
#6570 = CARTESIAN_POINT('',(5.531491559772,-9.,2.));
#6571 = SURFACE_CURVE('',#6572,(#6576,#6582),.PCURVE_S1.);
#6572 = LINE('',#6573,#6574);
#6573 = CARTESIAN_POINT('',(4.5,-9.,2.));
#6574 = VECTOR('',#6575,1.);
#6575 = DIRECTION('',(1.,0.,-0.));
#6576 = PCURVE('',#2150,#6577);
#6577 = DEFINITIONAL_REPRESENTATION('',(#6578),#6581);
#6578 = B_SPLINE_CURVE_WITH_KNOTS('',1,(#6579,#6580),.UNSPECIFIED.,.F.,
  .F.,(2,2),(-13.5,4.5),.PIECEWISE_BEZIER_KNOTS.);
#6579 = CARTESIAN_POINT('',(18.,-2.));
#6580 = CARTESIAN_POINT('',(0.,-2.));
#6581 = ( GEOMETRIC_REPRESENTATION_CONTEXT(2) 
PARAMETRIC_REPRESENTATION_CONTEXT() REPRESENTATION_CONTEXT('2D SPACE',''
  ) );
#6582 = PCURVE('',#6555,#6583);
#6583 = DEFINITIONAL_REPRESENTATION('',(#6584),#6588);
#6584 = LINE('',#6585,#6586);
#6585 = CARTESIAN_POINT('',(1.716796875,1.723611328125));
#6586 = VECTOR('',#6587,1.);
#6587 = DIRECTION('',(1.,0.));
#6588 = ( GEOMETRIC_REPRESENTATION_CONTEXT(2) 
PARAMETRIC_REPRESENTATION_CONTEXT() REPRESENTATION_CONTEXT('2D SPACE',''
  ) );
#6589 = ORIENTED_EDGE('',*,*,#6590,.F.);
#6590 = EDGE_CURVE('',#6591,#6569,#6593,.T.);
#6591 = VERTEX_POINT('',#6592);
#6592 = CARTESIAN_POINT('',(4.757239115306,-9.,2.));
#6593 = SURFACE_CURVE('',#6594,(#6598,#6604),.PCURVE_S1.);
#6594 = LINE('',#6595,#6596);
#6595 = CARTESIAN_POINT('',(4.5,-9.,2.));
#6596 = VECTOR('',#6597,1.);
#6597 = DIRECTION('',(1.,0.,-0.));
#6598 = PCURVE('',#2150,#6599);
#6599 = DEFINITIONAL_REPRESENTATION('',(#6600),#6603);
#6600 = B_SPLINE_CURVE_WITH_KNOTS('',1,(#6601,#6602),.UNSPECIFIED.,.F.,
  .F.,(2,2),(-13.5,4.5),.PIECEWISE_BEZIER_KNOTS.);
#6601 = CARTESIAN_POINT('',(18.,-2.));
#6602 = CARTESIAN_POINT('',(0.,-2.));
#6603 = ( GEOMETRIC_REPRESENTATION_CONTEXT(2) 
PARAMETRIC_REPRESENTATION_CONTEXT() REPRESENTATION_CONTEXT('2D SPACE',''
  ) );
#6604 = PCURVE('',#6605,#6610);
#6605 = PLANE('',#6606);
#6606 = AXIS2_PLACEMENT_3D('',#6607,#6608,#6609);
#6607 = CARTESIAN_POINT('',(-6.260288420794E-16,0.,2.));
#6608 = DIRECTION('',(0.,0.,1.));
#6609 = DIRECTION('',(1.,0.,-0.));
#6610 = DEFINITIONAL_REPRESENTATION('',(#6611),#6614);
#6611 = B_SPLINE_CURVE_WITH_KNOTS('',1,(#6612,#6613),.UNSPECIFIED.,.F.,
  .F.,(2,2),(-13.5,4.5),.PIECEWISE_BEZIER_KNOTS.);
#6612 = CARTESIAN_POINT('',(-9.,-9.));
#6613 = CARTESIAN_POINT('',(9.,-9.));
#6614 = ( GEOMETRIC_REPRESENTATION_CONTEXT(2) 
PARAMETRIC_REPRESENTATION_CONTEXT() REPRESENTATION_CONTEXT('2D SPACE',''
  ) );
#6615 = ORIENTED_EDGE('',*,*,#6616,.F.);
#6616 = EDGE_CURVE('',#3469,#6591,#6617,.T.);
#6617 = SURFACE_CURVE('',#6618,(#6622,#6628),.PCURVE_S1.);
#6618 = LINE('',#6619,#6620);
#6619 = CARTESIAN_POINT('',(4.5,-9.,2.));
#6620 = VECTOR('',#6621,1.);
#6621 = DIRECTION('',(1.,0.,-0.));
#6622 = PCURVE('',#2150,#6623);
#6623 = DEFINITIONAL_REPRESENTATION('',(#6624),#6627);
#6624 = B_SPLINE_CURVE_WITH_KNOTS('',1,(#6625,#6626),.UNSPECIFIED.,.F.,
  .F.,(2,2),(-13.5,4.5),.PIECEWISE_BEZIER_KNOTS.);
#6625 = CARTESIAN_POINT('',(18.,-2.));
#6626 = CARTESIAN_POINT('',(0.,-2.));
#6627 = ( GEOMETRIC_REPRESENTATION_CONTEXT(2) 
PARAMETRIC_REPRESENTATION_CONTEXT() REPRESENTATION_CONTEXT('2D SPACE',''
  ) );
#6628 = PCURVE('',#6629,#6634);
#6629 = PLANE('',#6630);
#6630 = AXIS2_PLACEMENT_3D('',#6631,#6632,#6633);
#6631 = CARTESIAN_POINT('',(2.783203125,-10.72361132812,2.));
#6632 = DIRECTION('',(0.,0.,1.));
#6633 = DIRECTION('',(1.,0.,0.));
#6634 = DEFINITIONAL_REPRESENTATION('',(#6635),#6639);
#6635 = LINE('',#6636,#6637);
#6636 = CARTESIAN_POINT('',(1.716796875,1.723611328125));
#6637 = VECTOR('',#6638,1.);
#6638 = DIRECTION('',(1.,0.));
#6639 = ( GEOMETRIC_REPRESENTATION_CONTEXT(2) 
PARAMETRIC_REPRESENTATION_CONTEXT() REPRESENTATION_CONTEXT('2D SPACE',''
  ) );
#6640 = ORIENTED_EDGE('',*,*,#3468,.F.);
#6641 = ORIENTED_EDGE('',*,*,#6642,.F.);
#6642 = EDGE_CURVE('',#3364,#3441,#6643,.T.);
#6643 = SURFACE_CURVE('',#6644,(#6648,#6654),.PCURVE_S1.);
#6644 = LINE('',#6645,#6646);
#6645 = CARTESIAN_POINT('',(4.5,-9.,2.));
#6646 = VECTOR('',#6647,1.);
#6647 = DIRECTION('',(1.,0.,-0.));
#6648 = PCURVE('',#2150,#6649);
#6649 = DEFINITIONAL_REPRESENTATION('',(#6650),#6653);
#6650 = B_SPLINE_CURVE_WITH_KNOTS('',1,(#6651,#6652),.UNSPECIFIED.,.F.,
  .F.,(2,2),(-13.5,4.5),.PIECEWISE_BEZIER_KNOTS.);
#6651 = CARTESIAN_POINT('',(18.,-2.));
#6652 = CARTESIAN_POINT('',(0.,-2.));
#6653 = ( GEOMETRIC_REPRESENTATION_CONTEXT(2) 
PARAMETRIC_REPRESENTATION_CONTEXT() REPRESENTATION_CONTEXT('2D SPACE',''
  ) );
#6654 = PCURVE('',#6629,#6655);
#6655 = DEFINITIONAL_REPRESENTATION('',(#6656),#6660);
#6656 = LINE('',#6657,#6658);
#6657 = CARTESIAN_POINT('',(1.716796875,1.723611328125));
#6658 = VECTOR('',#6659,1.);
#6659 = DIRECTION('',(1.,0.));
#6660 = ( GEOMETRIC_REPRESENTATION_CONTEXT(2) 
PARAMETRIC_REPRESENTATION_CONTEXT() REPRESENTATION_CONTEXT('2D SPACE',''
  ) );
#6661 = ORIENTED_EDGE('',*,*,#3363,.F.);
#6662 = ORIENTED_EDGE('',*,*,#6663,.F.);
#6663 = EDGE_CURVE('',#2925,#3334,#6664,.T.);
#6664 = SURFACE_CURVE('',#6665,(#6669,#6675),.PCURVE_S1.);
#6665 = LINE('',#6666,#6667);
#6666 = CARTESIAN_POINT('',(4.5,-9.,2.));
#6667 = VECTOR('',#6668,1.);
#6668 = DIRECTION('',(1.,0.,-0.));
#6669 = PCURVE('',#2150,#6670);
#6670 = DEFINITIONAL_REPRESENTATION('',(#6671),#6674);
#6671 = B_SPLINE_CURVE_WITH_KNOTS('',1,(#6672,#6673),.UNSPECIFIED.,.F.,
  .F.,(2,2),(-13.5,4.5),.PIECEWISE_BEZIER_KNOTS.);
#6672 = CARTESIAN_POINT('',(18.,-2.));
#6673 = CARTESIAN_POINT('',(0.,-2.));
#6674 = ( GEOMETRIC_REPRESENTATION_CONTEXT(2) 
PARAMETRIC_REPRESENTATION_CONTEXT() REPRESENTATION_CONTEXT('2D SPACE',''
  ) );
#6675 = PCURVE('',#6676,#6681);
#6676 = PLANE('',#6677);
#6677 = AXIS2_PLACEMENT_3D('',#6678,#6679,#6680);
#6678 = CARTESIAN_POINT('',(-1.38671875,-10.72361132812,2.));
#6679 = DIRECTION('',(0.,0.,1.));
#6680 = DIRECTION('',(1.,0.,0.));
#6681 = DEFINITIONAL_REPRESENTATION('',(#6682),#6686);
#6682 = LINE('',#6683,#6684);
#6683 = CARTESIAN_POINT('',(5.88671875,1.723611328125));
#6684 = VECTOR('',#6685,1.);
#6685 = DIRECTION('',(1.,0.));
#6686 = ( GEOMETRIC_REPRESENTATION_CONTEXT(2) 
PARAMETRIC_REPRESENTATION_CONTEXT() REPRESENTATION_CONTEXT('2D SPACE',''
  ) );
#6687 = ORIENTED_EDGE('',*,*,#2924,.F.);
#6688 = ORIENTED_EDGE('',*,*,#6689,.F.);
#6689 = EDGE_CURVE('',#6690,#2895,#6692,.T.);
#6690 = VERTEX_POINT('',#6691);
#6691 = CARTESIAN_POINT('',(-2.598933364167,-9.,2.));
#6692 = SURFACE_CURVE('',#6693,(#6697,#6703),.PCURVE_S1.);
#6693 = LINE('',#6694,#6695);
#6694 = CARTESIAN_POINT('',(4.5,-9.,2.));
#6695 = VECTOR('',#6696,1.);
#6696 = DIRECTION('',(1.,0.,-0.));
#6697 = PCURVE('',#2150,#6698);
#6698 = DEFINITIONAL_REPRESENTATION('',(#6699),#6702);
#6699 = B_SPLINE_CURVE_WITH_KNOTS('',1,(#6700,#6701),.UNSPECIFIED.,.F.,
  .F.,(2,2),(-13.5,4.5),.PIECEWISE_BEZIER_KNOTS.);
#6700 = CARTESIAN_POINT('',(18.,-2.));
#6701 = CARTESIAN_POINT('',(0.,-2.));
#6702 = ( GEOMETRIC_REPRESENTATION_CONTEXT(2) 
PARAMETRIC_REPRESENTATION_CONTEXT() REPRESENTATION_CONTEXT('2D SPACE',''
  ) );
#6703 = PCURVE('',#6704,#6709);
#6704 = PLANE('',#6705);
#6705 = AXIS2_PLACEMENT_3D('',#6706,#6707,#6708);
#6706 = CARTESIAN_POINT('',(-4.16748046875,-10.72361132812,2.));
#6707 = DIRECTION('',(0.,0.,1.));
#6708 = DIRECTION('',(1.,0.,0.));
#6709 = DEFINITIONAL_REPRESENTATION('',(#6710),#6714);
#6710 = LINE('',#6711,#6712);
#6711 = CARTESIAN_POINT('',(8.66748046875,1.723611328125));
#6712 = VECTOR('',#6713,1.);
#6713 = DIRECTION('',(1.,0.));
#6714 = ( GEOMETRIC_REPRESENTATION_CONTEXT(2) 
PARAMETRIC_REPRESENTATION_CONTEXT() REPRESENTATION_CONTEXT('2D SPACE',''
  ) );
#6715 = ORIENTED_EDGE('',*,*,#6716,.F.);
#6716 = EDGE_CURVE('',#6717,#6690,#6719,.T.);
#6717 = VERTEX_POINT('',#6718);
#6718 = CARTESIAN_POINT('',(-2.962785486501,-9.,2.));
#6719 = SURFACE_CURVE('',#6720,(#6724,#6730),.PCURVE_S1.);
#6720 = LINE('',#6721,#6722);
#6721 = CARTESIAN_POINT('',(4.5,-9.,2.));
#6722 = VECTOR('',#6723,1.);
#6723 = DIRECTION('',(1.,0.,-0.));
#6724 = PCURVE('',#2150,#6725);
#6725 = DEFINITIONAL_REPRESENTATION('',(#6726),#6729);
#6726 = B_SPLINE_CURVE_WITH_KNOTS('',1,(#6727,#6728),.UNSPECIFIED.,.F.,
  .F.,(2,2),(-13.5,4.5),.PIECEWISE_BEZIER_KNOTS.);
#6727 = CARTESIAN_POINT('',(18.,-2.));
#6728 = CARTESIAN_POINT('',(0.,-2.));
#6729 = ( GEOMETRIC_REPRESENTATION_CONTEXT(2) 
PARAMETRIC_REPRESENTATION_CONTEXT() REPRESENTATION_CONTEXT('2D SPACE',''
  ) );
#6730 = PCURVE('',#6731,#6736);
#6731 = PLANE('',#6732);
#6732 = AXIS2_PLACEMENT_3D('',#6733,#6734,#6735);
#6733 = CARTESIAN_POINT('',(-6.260288420794E-16,0.,2.));
#6734 = DIRECTION('',(0.,0.,1.));
#6735 = DIRECTION('',(1.,0.,-0.));
#6736 = DEFINITIONAL_REPRESENTATION('',(#6737),#6740);
#6737 = B_SPLINE_CURVE_WITH_KNOTS('',1,(#6738,#6739),.UNSPECIFIED.,.F.,
  .F.,(2,2),(-13.5,4.5),.PIECEWISE_BEZIER_KNOTS.);
#6738 = CARTESIAN_POINT('',(-9.,-9.));
#6739 = CARTESIAN_POINT('',(9.,-9.));
#6740 = ( GEOMETRIC_REPRESENTATION_CONTEXT(2) 
PARAMETRIC_REPRESENTATION_CONTEXT() REPRESENTATION_CONTEXT('2D SPACE',''
  ) );
#6741 = ORIENTED_EDGE('',*,*,#6742,.F.);
#6742 = EDGE_CURVE('',#2398,#6717,#6743,.T.);
#6743 = SURFACE_CURVE('',#6744,(#6748,#6754),.PCURVE_S1.);
#6744 = LINE('',#6745,#6746);
#6745 = CARTESIAN_POINT('',(4.5,-9.,2.));
#6746 = VECTOR('',#6747,1.);
#6747 = DIRECTION('',(1.,0.,-0.));
#6748 = PCURVE('',#2150,#6749);
#6749 = DEFINITIONAL_REPRESENTATION('',(#6750),#6753);
#6750 = B_SPLINE_CURVE_WITH_KNOTS('',1,(#6751,#6752),.UNSPECIFIED.,.F.,
  .F.,(2,2),(-13.5,4.5),.PIECEWISE_BEZIER_KNOTS.);
#6751 = CARTESIAN_POINT('',(18.,-2.));
#6752 = CARTESIAN_POINT('',(0.,-2.));
#6753 = ( GEOMETRIC_REPRESENTATION_CONTEXT(2) 
PARAMETRIC_REPRESENTATION_CONTEXT() REPRESENTATION_CONTEXT('2D SPACE',''
  ) );
#6754 = PCURVE('',#6755,#6760);
#6755 = PLANE('',#6756);
#6756 = AXIS2_PLACEMENT_3D('',#6757,#6758,#6759);
#6757 = CARTESIAN_POINT('',(-4.16748046875,-10.72361132812,2.));
#6758 = DIRECTION('',(0.,0.,1.));
#6759 = DIRECTION('',(1.,0.,0.));
#6760 = DEFINITIONAL_REPRESENTATION('',(#6761),#6765);
#6761 = LINE('',#6762,#6763);
#6762 = CARTESIAN_POINT('',(8.66748046875,1.723611328125));
#6763 = VECTOR('',#6764,1.);
#6764 = DIRECTION('',(1.,0.));
#6765 = ( GEOMETRIC_REPRESENTATION_CONTEXT(2) 
PARAMETRIC_REPRESENTATION_CONTEXT() REPRESENTATION_CONTEXT('2D SPACE',''
  ) );
#6766 = ORIENTED_EDGE('',*,*,#2397,.F.);
#6767 = ORIENTED_EDGE('',*,*,#6768,.F.);
#6768 = EDGE_CURVE('',#2136,#2368,#6769,.T.);
#6769 = SURFACE_CURVE('',#6770,(#6774,#6780),.PCURVE_S1.);
#6770 = LINE('',#6771,#6772);
#6771 = CARTESIAN_POINT('',(4.5,-9.,2.));
#6772 = VECTOR('',#6773,1.);
#6773 = DIRECTION('',(1.,0.,-0.));
#6774 = PCURVE('',#2150,#6775);
#6775 = DEFINITIONAL_REPRESENTATION('',(#6776),#6779);
#6776 = B_SPLINE_CURVE_WITH_KNOTS('',1,(#6777,#6778),.UNSPECIFIED.,.F.,
  .F.,(2,2),(-13.5,4.5),.PIECEWISE_BEZIER_KNOTS.);
#6777 = CARTESIAN_POINT('',(18.,-2.));
#6778 = CARTESIAN_POINT('',(0.,-2.));
#6779 = ( GEOMETRIC_REPRESENTATION_CONTEXT(2) 
PARAMETRIC_REPRESENTATION_CONTEXT() REPRESENTATION_CONTEXT('2D SPACE',''
  ) );
#6780 = PCURVE('',#6781,#6786);
#6781 = PLANE('',#6782);
#6782 = AXIS2_PLACEMENT_3D('',#6783,#6784,#6785);
#6783 = CARTESIAN_POINT('',(-7.50244140625,-10.72361132812,2.));
#6784 = DIRECTION('',(0.,0.,1.));
#6785 = DIRECTION('',(1.,0.,0.));
#6786 = DEFINITIONAL_REPRESENTATION('',(#6787),#6791);
#6787 = LINE('',#6788,#6789);
#6788 = CARTESIAN_POINT('',(12.00244140625,1.723611328125));
#6789 = VECTOR('',#6790,1.);
#6790 = DIRECTION('',(1.,0.));
#6791 = ( GEOMETRIC_REPRESENTATION_CONTEXT(2) 
PARAMETRIC_REPRESENTATION_CONTEXT() REPRESENTATION_CONTEXT('2D SPACE',''
  ) );
#6792 = ORIENTED_EDGE('',*,*,#2135,.F.);
#6793 = ORIENTED_EDGE('',*,*,#6794,.F.);
#6794 = EDGE_CURVE('',#6795,#2106,#6797,.T.);
#6795 = VERTEX_POINT('',#6796);
#6796 = CARTESIAN_POINT('',(-9.,-9.,2.));
#6797 = SURFACE_CURVE('',#6798,(#6802,#6808),.PCURVE_S1.);
#6798 = LINE('',#6799,#6800);
#6799 = CARTESIAN_POINT('',(4.5,-9.,2.));
#6800 = VECTOR('',#6801,1.);
#6801 = DIRECTION('',(1.,0.,-0.));
#6802 = PCURVE('',#2150,#6803);
#6803 = DEFINITIONAL_REPRESENTATION('',(#6804),#6807);
#6804 = B_SPLINE_CURVE_WITH_KNOTS('',1,(#6805,#6806),.UNSPECIFIED.,.F.,
  .F.,(2,2),(-13.5,4.5),.PIECEWISE_BEZIER_KNOTS.);
#6805 = CARTESIAN_POINT('',(18.,-2.));
#6806 = CARTESIAN_POINT('',(0.,-2.));
#6807 = ( GEOMETRIC_REPRESENTATION_CONTEXT(2) 
PARAMETRIC_REPRESENTATION_CONTEXT() REPRESENTATION_CONTEXT('2D SPACE',''
  ) );
#6808 = PCURVE('',#6809,#6814);
#6809 = PLANE('',#6810);
#6810 = AXIS2_PLACEMENT_3D('',#6811,#6812,#6813);
#6811 = CARTESIAN_POINT('',(-10.83740234375,-10.72361132812,2.));
#6812 = DIRECTION('',(0.,0.,1.));
#6813 = DIRECTION('',(1.,0.,0.));
#6814 = DEFINITIONAL_REPRESENTATION('',(#6815),#6819);
#6815 = LINE('',#6816,#6817);
#6816 = CARTESIAN_POINT('',(15.33740234375,1.723611328125));
#6817 = VECTOR('',#6818,1.);
#6818 = DIRECTION('',(1.,0.));
#6819 = ( GEOMETRIC_REPRESENTATION_CONTEXT(2) 
PARAMETRIC_REPRESENTATION_CONTEXT() REPRESENTATION_CONTEXT('2D SPACE',''
  ) );
#6820 = ORIENTED_EDGE('',*,*,#6821,.F.);
#6821 = EDGE_CURVE('',#6445,#6795,#6822,.T.);
#6822 = SURFACE_CURVE('',#6823,(#6827,#6834),.PCURVE_S1.);
#6823 = LINE('',#6824,#6825);
#6824 = CARTESIAN_POINT('',(-9.,-9.,0.));
#6825 = VECTOR('',#6826,1.);
#6826 = DIRECTION('',(0.,0.,1.));
#6827 = PCURVE('',#2150,#6828);
#6828 = DEFINITIONAL_REPRESENTATION('',(#6829),#6833);
#6829 = LINE('',#6830,#6831);
#6830 = CARTESIAN_POINT('',(18.,0.));
#6831 = VECTOR('',#6832,1.);
#6832 = DIRECTION('',(0.,-1.));
#6833 = ( GEOMETRIC_REPRESENTATION_CONTEXT(2) 
PARAMETRIC_REPRESENTATION_CONTEXT() REPRESENTATION_CONTEXT('2D SPACE',''
  ) );
#6834 = PCURVE('',#1267,#6835);
#6835 = DEFINITIONAL_REPRESENTATION('',(#6836),#6840);
#6836 = LINE('',#6837,#6838);
#6837 = CARTESIAN_POINT('',(0.,0.));
#6838 = VECTOR('',#6839,1.);
#6839 = DIRECTION('',(0.,-1.));
#6840 = ( GEOMETRIC_REPRESENTATION_CONTEXT(2) 
PARAMETRIC_REPRESENTATION_CONTEXT() REPRESENTATION_CONTEXT('2D SPACE',''
  ) );
#6841 = ADVANCED_FACE('',(#6842),#3696,.T.);
#6842 = FACE_BOUND('',#6843,.T.);
#6843 = EDGE_LOOP('',(#6844,#6867,#6895,#6923,#6944));
#6844 = ORIENTED_EDGE('',*,*,#6845,.T.);
#6845 = EDGE_CURVE('',#3653,#6846,#6848,.T.);
#6846 = VERTEX_POINT('',#6847);
#6847 = CARTESIAN_POINT('',(7.4462890625,-7.144509765625,2.35));
#6848 = SURFACE_CURVE('',#6849,(#6853,#6860),.PCURVE_S1.);
#6849 = LINE('',#6850,#6851);
#6850 = CARTESIAN_POINT('',(7.4462890625,-7.144509765625,2.));
#6851 = VECTOR('',#6852,1.);
#6852 = DIRECTION('',(0.,0.,1.));
#6853 = PCURVE('',#3696,#6854);
#6854 = DEFINITIONAL_REPRESENTATION('',(#6855),#6859);
#6855 = LINE('',#6856,#6857);
#6856 = CARTESIAN_POINT('',(0.,0.));
#6857 = VECTOR('',#6858,1.);
#6858 = DIRECTION('',(0.,-1.));
#6859 = ( GEOMETRIC_REPRESENTATION_CONTEXT(2) 
PARAMETRIC_REPRESENTATION_CONTEXT() REPRESENTATION_CONTEXT('2D SPACE',''
  ) );
#6860 = PCURVE('',#3668,#6861);
#6861 = DEFINITIONAL_REPRESENTATION('',(#6862),#6866);
#6862 = LINE('',#6863,#6864);
#6863 = CARTESIAN_POINT('',(0.47607421875,0.));
#6864 = VECTOR('',#6865,1.);
#6865 = DIRECTION('',(0.,-1.));
#6866 = ( GEOMETRIC_REPRESENTATION_CONTEXT(2) 
PARAMETRIC_REPRESENTATION_CONTEXT() REPRESENTATION_CONTEXT('2D SPACE',''
  ) );
#6867 = ORIENTED_EDGE('',*,*,#6868,.T.);
#6868 = EDGE_CURVE('',#6846,#6869,#6871,.T.);
#6869 = VERTEX_POINT('',#6870);
#6870 = CARTESIAN_POINT('',(6.46484375,-10.72361132812,2.35));
#6871 = SURFACE_CURVE('',#6872,(#6876,#6883),.PCURVE_S1.);
#6872 = LINE('',#6873,#6874);
#6873 = CARTESIAN_POINT('',(7.4462890625,-7.144509765625,2.35));
#6874 = VECTOR('',#6875,1.);
#6875 = DIRECTION('',(-0.264453081847,-0.964398552208,0.));
#6876 = PCURVE('',#3696,#6877);
#6877 = DEFINITIONAL_REPRESENTATION('',(#6878),#6882);
#6878 = LINE('',#6879,#6880);
#6879 = CARTESIAN_POINT('',(0.,-0.35));
#6880 = VECTOR('',#6881,1.);
#6881 = DIRECTION('',(1.,0.));
#6882 = ( GEOMETRIC_REPRESENTATION_CONTEXT(2) 
PARAMETRIC_REPRESENTATION_CONTEXT() REPRESENTATION_CONTEXT('2D SPACE',''
  ) );
#6883 = PCURVE('',#6884,#6889);
#6884 = PLANE('',#6885);
#6885 = AXIS2_PLACEMENT_3D('',#6886,#6887,#6888);
#6886 = CARTESIAN_POINT('',(2.783203125,-10.72361132812,2.35));
#6887 = DIRECTION('',(0.,0.,1.));
#6888 = DIRECTION('',(1.,0.,0.));
#6889 = DEFINITIONAL_REPRESENTATION('',(#6890),#6894);
#6890 = LINE('',#6891,#6892);
#6891 = CARTESIAN_POINT('',(4.6630859375,3.5791015625));
#6892 = VECTOR('',#6893,1.);
#6893 = DIRECTION('',(-0.264453081847,-0.964398552208));
#6894 = ( GEOMETRIC_REPRESENTATION_CONTEXT(2) 
PARAMETRIC_REPRESENTATION_CONTEXT() REPRESENTATION_CONTEXT('2D SPACE',''
  ) );
#6895 = ORIENTED_EDGE('',*,*,#6896,.F.);
#6896 = EDGE_CURVE('',#6897,#6869,#6899,.T.);
#6897 = VERTEX_POINT('',#6898);
#6898 = CARTESIAN_POINT('',(6.46484375,-10.72361132812,2.));
#6899 = SURFACE_CURVE('',#6900,(#6904,#6911),.PCURVE_S1.);
#6900 = LINE('',#6901,#6902);
#6901 = CARTESIAN_POINT('',(6.46484375,-10.72361132812,2.));
#6902 = VECTOR('',#6903,1.);
#6903 = DIRECTION('',(0.,0.,1.));
#6904 = PCURVE('',#3696,#6905);
#6905 = DEFINITIONAL_REPRESENTATION('',(#6906),#6910);
#6906 = LINE('',#6907,#6908);
#6907 = CARTESIAN_POINT('',(3.711226602637,0.));
#6908 = VECTOR('',#6909,1.);
#6909 = DIRECTION('',(0.,-1.));
#6910 = ( GEOMETRIC_REPRESENTATION_CONTEXT(2) 
PARAMETRIC_REPRESENTATION_CONTEXT() REPRESENTATION_CONTEXT('2D SPACE',''
  ) );
#6911 = PCURVE('',#6912,#6917);
#6912 = PLANE('',#6913);
#6913 = AXIS2_PLACEMENT_3D('',#6914,#6915,#6916);
#6914 = CARTESIAN_POINT('',(6.46484375,-10.72361132812,2.));
#6915 = DIRECTION('',(0.,-1.,0.));
#6916 = DIRECTION('',(-1.,0.,0.));
#6917 = DEFINITIONAL_REPRESENTATION('',(#6918),#6922);
#6918 = LINE('',#6919,#6920);
#6919 = CARTESIAN_POINT('',(0.,-0.));
#6920 = VECTOR('',#6921,1.);
#6921 = DIRECTION('',(0.,-1.));
#6922 = ( GEOMETRIC_REPRESENTATION_CONTEXT(2) 
PARAMETRIC_REPRESENTATION_CONTEXT() REPRESENTATION_CONTEXT('2D SPACE',''
  ) );
#6923 = ORIENTED_EDGE('',*,*,#6924,.F.);
#6924 = EDGE_CURVE('',#3681,#6897,#6925,.T.);
#6925 = SURFACE_CURVE('',#6926,(#6930,#6937),.PCURVE_S1.);
#6926 = LINE('',#6927,#6928);
#6927 = CARTESIAN_POINT('',(7.4462890625,-7.144509765625,2.));
#6928 = VECTOR('',#6929,1.);
#6929 = DIRECTION('',(-0.264453081847,-0.964398552208,0.));
#6930 = PCURVE('',#3696,#6931);
#6931 = DEFINITIONAL_REPRESENTATION('',(#6932),#6936);
#6932 = LINE('',#6933,#6934);
#6933 = CARTESIAN_POINT('',(0.,0.));
#6934 = VECTOR('',#6935,1.);
#6935 = DIRECTION('',(1.,0.));
#6936 = ( GEOMETRIC_REPRESENTATION_CONTEXT(2) 
PARAMETRIC_REPRESENTATION_CONTEXT() REPRESENTATION_CONTEXT('2D SPACE',''
  ) );
#6937 = PCURVE('',#6555,#6938);
#6938 = DEFINITIONAL_REPRESENTATION('',(#6939),#6943);
#6939 = LINE('',#6940,#6941);
#6940 = CARTESIAN_POINT('',(4.6630859375,3.5791015625));
#6941 = VECTOR('',#6942,1.);
#6942 = DIRECTION('',(-0.264453081847,-0.964398552208));
#6943 = ( GEOMETRIC_REPRESENTATION_CONTEXT(2) 
PARAMETRIC_REPRESENTATION_CONTEXT() REPRESENTATION_CONTEXT('2D SPACE',''
  ) );
#6944 = ORIENTED_EDGE('',*,*,#3680,.F.);
#6945 = ADVANCED_FACE('',(#6946),#3668,.T.);
#6946 = FACE_BOUND('',#6947,.T.);
#6947 = EDGE_LOOP('',(#6948,#6971,#6992,#6993));
#6948 = ORIENTED_EDGE('',*,*,#6949,.T.);
#6949 = EDGE_CURVE('',#3625,#6950,#6952,.T.);
#6950 = VERTEX_POINT('',#6951);
#6951 = CARTESIAN_POINT('',(6.97021484375,-7.144509765625,2.35));
#6952 = SURFACE_CURVE('',#6953,(#6957,#6964),.PCURVE_S1.);
#6953 = LINE('',#6954,#6955);
#6954 = CARTESIAN_POINT('',(6.97021484375,-7.144509765625,2.));
#6955 = VECTOR('',#6956,1.);
#6956 = DIRECTION('',(0.,0.,1.));
#6957 = PCURVE('',#3668,#6958);
#6958 = DEFINITIONAL_REPRESENTATION('',(#6959),#6963);
#6959 = LINE('',#6960,#6961);
#6960 = CARTESIAN_POINT('',(0.,0.));
#6961 = VECTOR('',#6962,1.);
#6962 = DIRECTION('',(0.,-1.));
#6963 = ( GEOMETRIC_REPRESENTATION_CONTEXT(2) 
PARAMETRIC_REPRESENTATION_CONTEXT() REPRESENTATION_CONTEXT('2D SPACE',''
  ) );
#6964 = PCURVE('',#3640,#6965);
#6965 = DEFINITIONAL_REPRESENTATION('',(#6966),#6970);
#6966 = LINE('',#6967,#6968);
#6967 = CARTESIAN_POINT('',(2.367363548657,0.));
#6968 = VECTOR('',#6969,1.);
#6969 = DIRECTION('',(0.,-1.));
#6970 = ( GEOMETRIC_REPRESENTATION_CONTEXT(2) 
PARAMETRIC_REPRESENTATION_CONTEXT() REPRESENTATION_CONTEXT('2D SPACE',''
  ) );
#6971 = ORIENTED_EDGE('',*,*,#6972,.T.);
#6972 = EDGE_CURVE('',#6950,#6846,#6973,.T.);
#6973 = SURFACE_CURVE('',#6974,(#6978,#6985),.PCURVE_S1.);
#6974 = LINE('',#6975,#6976);
#6975 = CARTESIAN_POINT('',(6.97021484375,-7.144509765625,2.35));
#6976 = VECTOR('',#6977,1.);
#6977 = DIRECTION('',(1.,0.,0.));
#6978 = PCURVE('',#3668,#6979);
#6979 = DEFINITIONAL_REPRESENTATION('',(#6980),#6984);
#6980 = LINE('',#6981,#6982);
#6981 = CARTESIAN_POINT('',(0.,-0.35));
#6982 = VECTOR('',#6983,1.);
#6983 = DIRECTION('',(1.,0.));
#6984 = ( GEOMETRIC_REPRESENTATION_CONTEXT(2) 
PARAMETRIC_REPRESENTATION_CONTEXT() REPRESENTATION_CONTEXT('2D SPACE',''
  ) );
#6985 = PCURVE('',#6884,#6986);
#6986 = DEFINITIONAL_REPRESENTATION('',(#6987),#6991);
#6987 = LINE('',#6988,#6989);
#6988 = CARTESIAN_POINT('',(4.18701171875,3.5791015625));
#6989 = VECTOR('',#6990,1.);
#6990 = DIRECTION('',(1.,0.));
#6991 = ( GEOMETRIC_REPRESENTATION_CONTEXT(2) 
PARAMETRIC_REPRESENTATION_CONTEXT() REPRESENTATION_CONTEXT('2D SPACE',''
  ) );
#6992 = ORIENTED_EDGE('',*,*,#6845,.F.);
#6993 = ORIENTED_EDGE('',*,*,#3652,.F.);
#6994 = ADVANCED_FACE('',(#6995),#3640,.T.);
#6995 = FACE_BOUND('',#6996,.T.);
#6996 = EDGE_LOOP('',(#6997,#7029,#7050,#7051,#7052));
#6997 = ORIENTED_EDGE('',*,*,#6998,.T.);
#6998 = EDGE_CURVE('',#6999,#7001,#7003,.T.);
#6999 = VERTEX_POINT('',#7000);
#7000 = CARTESIAN_POINT('',(6.40869140625,-9.444314453125,2.));
#7001 = VERTEX_POINT('',#7002);
#7002 = CARTESIAN_POINT('',(6.40869140625,-9.444314453125,2.35));
#7003 = SURFACE_CURVE('',#7004,(#7008,#7015),.PCURVE_S1.);
#7004 = LINE('',#7005,#7006);
#7005 = CARTESIAN_POINT('',(6.40869140625,-9.444314453125,2.));
#7006 = VECTOR('',#7007,1.);
#7007 = DIRECTION('',(0.,0.,1.));
#7008 = PCURVE('',#3640,#7009);
#7009 = DEFINITIONAL_REPRESENTATION('',(#7010),#7014);
#7010 = LINE('',#7011,#7012);
#7011 = CARTESIAN_POINT('',(0.,0.));
#7012 = VECTOR('',#7013,1.);
#7013 = DIRECTION('',(0.,-1.));
#7014 = ( GEOMETRIC_REPRESENTATION_CONTEXT(2) 
PARAMETRIC_REPRESENTATION_CONTEXT() REPRESENTATION_CONTEXT('2D SPACE',''
  ) );
#7015 = PCURVE('',#7016,#7023);
#7016 = SURFACE_OF_LINEAR_EXTRUSION('',#7017,#7021);
#7017 = B_SPLINE_CURVE_WITH_KNOTS('',2,(#7018,#7019,#7020),
  .UNSPECIFIED.,.F.,.F.,(3,3),(0.,1.),.PIECEWISE_BEZIER_KNOTS.);
#7018 = CARTESIAN_POINT('',(6.23046875,-10.22312304687,2.));
#7019 = CARTESIAN_POINT('',(6.298828125,-9.883767578125,2.));
#7020 = CARTESIAN_POINT('',(6.40869140625,-9.444314453125,2.));
#7021 = VECTOR('',#7022,1.);
#7022 = DIRECTION('',(-0.,-0.,-1.));
#7023 = DEFINITIONAL_REPRESENTATION('',(#7024),#7028);
#7024 = LINE('',#7025,#7026);
#7025 = CARTESIAN_POINT('',(1.,0.));
#7026 = VECTOR('',#7027,1.);
#7027 = DIRECTION('',(0.,-1.));
#7028 = ( GEOMETRIC_REPRESENTATION_CONTEXT(2) 
PARAMETRIC_REPRESENTATION_CONTEXT() REPRESENTATION_CONTEXT('2D SPACE',''
  ) );
#7029 = ORIENTED_EDGE('',*,*,#7030,.T.);
#7030 = EDGE_CURVE('',#7001,#6950,#7031,.T.);
#7031 = SURFACE_CURVE('',#7032,(#7036,#7043),.PCURVE_S1.);
#7032 = LINE('',#7033,#7034);
#7033 = CARTESIAN_POINT('',(6.40869140625,-9.444314453125,2.35));
#7034 = VECTOR('',#7035,1.);
#7035 = DIRECTION('',(0.237193580943,0.971462405428,0.));
#7036 = PCURVE('',#3640,#7037);
#7037 = DEFINITIONAL_REPRESENTATION('',(#7038),#7042);
#7038 = LINE('',#7039,#7040);
#7039 = CARTESIAN_POINT('',(0.,-0.35));
#7040 = VECTOR('',#7041,1.);
#7041 = DIRECTION('',(1.,0.));
#7042 = ( GEOMETRIC_REPRESENTATION_CONTEXT(2) 
PARAMETRIC_REPRESENTATION_CONTEXT() REPRESENTATION_CONTEXT('2D SPACE',''
  ) );
#7043 = PCURVE('',#6884,#7044);
#7044 = DEFINITIONAL_REPRESENTATION('',(#7045),#7049);
#7045 = LINE('',#7046,#7047);
#7046 = CARTESIAN_POINT('',(3.62548828125,1.279296875));
#7047 = VECTOR('',#7048,1.);
#7048 = DIRECTION('',(0.237193580943,0.971462405428));
#7049 = ( GEOMETRIC_REPRESENTATION_CONTEXT(2) 
PARAMETRIC_REPRESENTATION_CONTEXT() REPRESENTATION_CONTEXT('2D SPACE',''
  ) );
#7050 = ORIENTED_EDGE('',*,*,#6949,.F.);
#7051 = ORIENTED_EDGE('',*,*,#3624,.F.);
#7052 = ORIENTED_EDGE('',*,*,#7053,.F.);
#7053 = EDGE_CURVE('',#6999,#3604,#7054,.T.);
#7054 = SURFACE_CURVE('',#7055,(#7059,#7066),.PCURVE_S1.);
#7055 = LINE('',#7056,#7057);
#7056 = CARTESIAN_POINT('',(6.40869140625,-9.444314453125,2.));
#7057 = VECTOR('',#7058,1.);
#7058 = DIRECTION('',(0.237193580943,0.971462405428,0.));
#7059 = PCURVE('',#3640,#7060);
#7060 = DEFINITIONAL_REPRESENTATION('',(#7061),#7065);
#7061 = LINE('',#7062,#7063);
#7062 = CARTESIAN_POINT('',(0.,0.));
#7063 = VECTOR('',#7064,1.);
#7064 = DIRECTION('',(1.,0.));
#7065 = ( GEOMETRIC_REPRESENTATION_CONTEXT(2) 
PARAMETRIC_REPRESENTATION_CONTEXT() REPRESENTATION_CONTEXT('2D SPACE',''
  ) );
#7066 = PCURVE('',#6555,#7067);
#7067 = DEFINITIONAL_REPRESENTATION('',(#7068),#7072);
#7068 = LINE('',#7069,#7070);
#7069 = CARTESIAN_POINT('',(3.62548828125,1.279296875));
#7070 = VECTOR('',#7071,1.);
#7071 = DIRECTION('',(0.237193580943,0.971462405428));
#7072 = ( GEOMETRIC_REPRESENTATION_CONTEXT(2) 
PARAMETRIC_REPRESENTATION_CONTEXT() REPRESENTATION_CONTEXT('2D SPACE',''
  ) );
#7073 = ADVANCED_FACE('',(#7074),#3589,.T.);
#7074 = FACE_BOUND('',#7075,.T.);
#7075 = EDGE_LOOP('',(#7076,#7099,#7122,#7145,#7166));
#7076 = ORIENTED_EDGE('',*,*,#7077,.T.);
#7077 = EDGE_CURVE('',#3546,#7078,#7080,.T.);
#7078 = VERTEX_POINT('',#7079);
#7079 = CARTESIAN_POINT('',(5.9521484375,-8.956033203125,2.35));
#7080 = SURFACE_CURVE('',#7081,(#7085,#7092),.PCURVE_S1.);
#7081 = LINE('',#7082,#7083);
#7082 = CARTESIAN_POINT('',(5.9521484375,-8.956033203125,2.));
#7083 = VECTOR('',#7084,1.);
#7084 = DIRECTION('',(0.,0.,1.));
#7085 = PCURVE('',#3589,#7086);
#7086 = DEFINITIONAL_REPRESENTATION('',(#7087),#7091);
#7087 = LINE('',#7088,#7089);
#7088 = CARTESIAN_POINT('',(0.,0.));
#7089 = VECTOR('',#7090,1.);
#7090 = DIRECTION('',(0.,-1.));
#7091 = ( GEOMETRIC_REPRESENTATION_CONTEXT(2) 
PARAMETRIC_REPRESENTATION_CONTEXT() REPRESENTATION_CONTEXT('2D SPACE',''
  ) );
#7092 = PCURVE('',#3561,#7093);
#7093 = DEFINITIONAL_REPRESENTATION('',(#7094),#7098);
#7094 = LINE('',#7095,#7096);
#7095 = CARTESIAN_POINT('',(1.882677255419,0.));
#7096 = VECTOR('',#7097,1.);
#7097 = DIRECTION('',(0.,-1.));
#7098 = ( GEOMETRIC_REPRESENTATION_CONTEXT(2) 
PARAMETRIC_REPRESENTATION_CONTEXT() REPRESENTATION_CONTEXT('2D SPACE',''
  ) );
#7099 = ORIENTED_EDGE('',*,*,#7100,.T.);
#7100 = EDGE_CURVE('',#7078,#7101,#7103,.T.);
#7101 = VERTEX_POINT('',#7102);
#7102 = CARTESIAN_POINT('',(6.23046875,-10.22312304687,2.35));
#7103 = SURFACE_CURVE('',#7104,(#7108,#7115),.PCURVE_S1.);
#7104 = B_SPLINE_CURVE_WITH_KNOTS('',2,(#7105,#7106,#7107),
  .UNSPECIFIED.,.F.,.F.,(3,3),(0.,1.),.PIECEWISE_BEZIER_KNOTS.);
#7105 = CARTESIAN_POINT('',(5.9521484375,-8.956033203125,2.35));
#7106 = CARTESIAN_POINT('',(6.14501953125,-9.629861328125,2.35));
#7107 = CARTESIAN_POINT('',(6.23046875,-10.22312304687,2.35));
#7108 = PCURVE('',#3589,#7109);
#7109 = DEFINITIONAL_REPRESENTATION('',(#7110),#7114);
#7110 = LINE('',#7111,#7112);
#7111 = CARTESIAN_POINT('',(0.,-0.35));
#7112 = VECTOR('',#7113,1.);
#7113 = DIRECTION('',(1.,0.));
#7114 = ( GEOMETRIC_REPRESENTATION_CONTEXT(2) 
PARAMETRIC_REPRESENTATION_CONTEXT() REPRESENTATION_CONTEXT('2D SPACE',''
  ) );
#7115 = PCURVE('',#6884,#7116);
#7116 = DEFINITIONAL_REPRESENTATION('',(#7117),#7121);
#7117 = B_SPLINE_CURVE_WITH_KNOTS('',2,(#7118,#7119,#7120),
  .UNSPECIFIED.,.F.,.F.,(3,3),(0.,1.),.PIECEWISE_BEZIER_KNOTS.);
#7118 = CARTESIAN_POINT('',(3.1689453125,1.767578125));
#7119 = CARTESIAN_POINT('',(3.36181640625,1.09375));
#7120 = CARTESIAN_POINT('',(3.447265625,0.50048828125));
#7121 = ( GEOMETRIC_REPRESENTATION_CONTEXT(2) 
PARAMETRIC_REPRESENTATION_CONTEXT() REPRESENTATION_CONTEXT('2D SPACE',''
  ) );
#7122 = ORIENTED_EDGE('',*,*,#7123,.F.);
#7123 = EDGE_CURVE('',#7124,#7101,#7126,.T.);
#7124 = VERTEX_POINT('',#7125);
#7125 = CARTESIAN_POINT('',(6.23046875,-10.22312304687,2.));
#7126 = SURFACE_CURVE('',#7127,(#7131,#7138),.PCURVE_S1.);
#7127 = LINE('',#7128,#7129);
#7128 = CARTESIAN_POINT('',(6.23046875,-10.22312304687,2.));
#7129 = VECTOR('',#7130,1.);
#7130 = DIRECTION('',(0.,0.,1.));
#7131 = PCURVE('',#3589,#7132);
#7132 = DEFINITIONAL_REPRESENTATION('',(#7133),#7137);
#7133 = LINE('',#7134,#7135);
#7134 = CARTESIAN_POINT('',(1.,0.));
#7135 = VECTOR('',#7136,1.);
#7136 = DIRECTION('',(0.,-1.));
#7137 = ( GEOMETRIC_REPRESENTATION_CONTEXT(2) 
PARAMETRIC_REPRESENTATION_CONTEXT() REPRESENTATION_CONTEXT('2D SPACE',''
  ) );
#7138 = PCURVE('',#7016,#7139);
#7139 = DEFINITIONAL_REPRESENTATION('',(#7140),#7144);
#7140 = LINE('',#7141,#7142);
#7141 = CARTESIAN_POINT('',(0.,0.));
#7142 = VECTOR('',#7143,1.);
#7143 = DIRECTION('',(0.,-1.));
#7144 = ( GEOMETRIC_REPRESENTATION_CONTEXT(2) 
PARAMETRIC_REPRESENTATION_CONTEXT() REPRESENTATION_CONTEXT('2D SPACE',''
  ) );
#7145 = ORIENTED_EDGE('',*,*,#7146,.F.);
#7146 = EDGE_CURVE('',#3574,#7124,#7147,.T.);
#7147 = SURFACE_CURVE('',#7148,(#7152,#7159),.PCURVE_S1.);
#7148 = B_SPLINE_CURVE_WITH_KNOTS('',2,(#7149,#7150,#7151),
  .UNSPECIFIED.,.F.,.F.,(3,3),(0.,1.),.PIECEWISE_BEZIER_KNOTS.);
#7149 = CARTESIAN_POINT('',(5.9521484375,-8.956033203125,2.));
#7150 = CARTESIAN_POINT('',(6.14501953125,-9.629861328125,2.));
#7151 = CARTESIAN_POINT('',(6.23046875,-10.22312304687,2.));
#7152 = PCURVE('',#3589,#7153);
#7153 = DEFINITIONAL_REPRESENTATION('',(#7154),#7158);
#7154 = LINE('',#7155,#7156);
#7155 = CARTESIAN_POINT('',(0.,0.));
#7156 = VECTOR('',#7157,1.);
#7157 = DIRECTION('',(1.,0.));
#7158 = ( GEOMETRIC_REPRESENTATION_CONTEXT(2) 
PARAMETRIC_REPRESENTATION_CONTEXT() REPRESENTATION_CONTEXT('2D SPACE',''
  ) );
#7159 = PCURVE('',#6555,#7160);
#7160 = DEFINITIONAL_REPRESENTATION('',(#7161),#7165);
#7161 = B_SPLINE_CURVE_WITH_KNOTS('',2,(#7162,#7163,#7164),
  .UNSPECIFIED.,.F.,.F.,(3,3),(0.,1.),.PIECEWISE_BEZIER_KNOTS.);
#7162 = CARTESIAN_POINT('',(3.1689453125,1.767578125));
#7163 = CARTESIAN_POINT('',(3.36181640625,1.09375));
#7164 = CARTESIAN_POINT('',(3.447265625,0.50048828125));
#7165 = ( GEOMETRIC_REPRESENTATION_CONTEXT(2) 
PARAMETRIC_REPRESENTATION_CONTEXT() REPRESENTATION_CONTEXT('2D SPACE',''
  ) );
#7166 = ORIENTED_EDGE('',*,*,#3573,.F.);
#7167 = ADVANCED_FACE('',(#7168),#3561,.T.);
#7168 = FACE_BOUND('',#7169,.T.);
#7169 = EDGE_LOOP('',(#7170,#7193,#7214,#7215));
#7170 = ORIENTED_EDGE('',*,*,#7171,.T.);
#7171 = EDGE_CURVE('',#3518,#7172,#7174,.T.);
#7172 = VERTEX_POINT('',#7173);
#7173 = CARTESIAN_POINT('',(5.439453125,-7.144509765625,2.35));
#7174 = SURFACE_CURVE('',#7175,(#7179,#7186),.PCURVE_S1.);
#7175 = LINE('',#7176,#7177);
#7176 = CARTESIAN_POINT('',(5.439453125,-7.144509765625,2.));
#7177 = VECTOR('',#7178,1.);
#7178 = DIRECTION('',(0.,0.,1.));
#7179 = PCURVE('',#3561,#7180);
#7180 = DEFINITIONAL_REPRESENTATION('',(#7181),#7185);
#7181 = LINE('',#7182,#7183);
#7182 = CARTESIAN_POINT('',(0.,0.));
#7183 = VECTOR('',#7184,1.);
#7184 = DIRECTION('',(0.,-1.));
#7185 = ( GEOMETRIC_REPRESENTATION_CONTEXT(2) 
PARAMETRIC_REPRESENTATION_CONTEXT() REPRESENTATION_CONTEXT('2D SPACE',''
  ) );
#7186 = PCURVE('',#3533,#7187);
#7187 = DEFINITIONAL_REPRESENTATION('',(#7188),#7192);
#7188 = LINE('',#7189,#7190);
#7189 = CARTESIAN_POINT('',(0.5712890625,0.));
#7190 = VECTOR('',#7191,1.);
#7191 = DIRECTION('',(0.,-1.));
#7192 = ( GEOMETRIC_REPRESENTATION_CONTEXT(2) 
PARAMETRIC_REPRESENTATION_CONTEXT() REPRESENTATION_CONTEXT('2D SPACE',''
  ) );
#7193 = ORIENTED_EDGE('',*,*,#7194,.T.);
#7194 = EDGE_CURVE('',#7172,#7078,#7195,.T.);
#7195 = SURFACE_CURVE('',#7196,(#7200,#7207),.PCURVE_S1.);
#7196 = LINE('',#7197,#7198);
#7197 = CARTESIAN_POINT('',(5.439453125,-7.144509765625,2.35));
#7198 = VECTOR('',#7199,1.);
#7199 = DIRECTION('',(0.272322465799,-0.962206045824,0.));
#7200 = PCURVE('',#3561,#7201);
#7201 = DEFINITIONAL_REPRESENTATION('',(#7202),#7206);
#7202 = LINE('',#7203,#7204);
#7203 = CARTESIAN_POINT('',(0.,-0.35));
#7204 = VECTOR('',#7205,1.);
#7205 = DIRECTION('',(1.,0.));
#7206 = ( GEOMETRIC_REPRESENTATION_CONTEXT(2) 
PARAMETRIC_REPRESENTATION_CONTEXT() REPRESENTATION_CONTEXT('2D SPACE',''
  ) );
#7207 = PCURVE('',#6884,#7208);
#7208 = DEFINITIONAL_REPRESENTATION('',(#7209),#7213);
#7209 = LINE('',#7210,#7211);
#7210 = CARTESIAN_POINT('',(2.65625,3.5791015625));
#7211 = VECTOR('',#7212,1.);
#7212 = DIRECTION('',(0.272322465799,-0.962206045824));
#7213 = ( GEOMETRIC_REPRESENTATION_CONTEXT(2) 
PARAMETRIC_REPRESENTATION_CONTEXT() REPRESENTATION_CONTEXT('2D SPACE',''
  ) );
#7214 = ORIENTED_EDGE('',*,*,#7077,.F.);
#7215 = ORIENTED_EDGE('',*,*,#3545,.F.);
#7216 = ADVANCED_FACE('',(#7217),#3533,.T.);
#7217 = FACE_BOUND('',#7218,.T.);
#7218 = EDGE_LOOP('',(#7219,#7242,#7263,#7264));
#7219 = ORIENTED_EDGE('',*,*,#7220,.T.);
#7220 = EDGE_CURVE('',#3490,#7221,#7223,.T.);
#7221 = VERTEX_POINT('',#7222);
#7222 = CARTESIAN_POINT('',(4.8681640625,-7.144509765625,2.35));
#7223 = SURFACE_CURVE('',#7224,(#7228,#7235),.PCURVE_S1.);
#7224 = LINE('',#7225,#7226);
#7225 = CARTESIAN_POINT('',(4.8681640625,-7.144509765625,2.));
#7226 = VECTOR('',#7227,1.);
#7227 = DIRECTION('',(0.,0.,1.));
#7228 = PCURVE('',#3533,#7229);
#7229 = DEFINITIONAL_REPRESENTATION('',(#7230),#7234);
#7230 = LINE('',#7231,#7232);
#7231 = CARTESIAN_POINT('',(0.,0.));
#7232 = VECTOR('',#7233,1.);
#7233 = DIRECTION('',(0.,-1.));
#7234 = ( GEOMETRIC_REPRESENTATION_CONTEXT(2) 
PARAMETRIC_REPRESENTATION_CONTEXT() REPRESENTATION_CONTEXT('2D SPACE',''
  ) );
#7235 = PCURVE('',#3505,#7236);
#7236 = DEFINITIONAL_REPRESENTATION('',(#7237),#7241);
#7237 = LINE('',#7238,#7239);
#7238 = CARTESIAN_POINT('',(2.511139133906,0.));
#7239 = VECTOR('',#7240,1.);
#7240 = DIRECTION('',(0.,-1.));
#7241 = ( GEOMETRIC_REPRESENTATION_CONTEXT(2) 
PARAMETRIC_REPRESENTATION_CONTEXT() REPRESENTATION_CONTEXT('2D SPACE',''
  ) );
#7242 = ORIENTED_EDGE('',*,*,#7243,.T.);
#7243 = EDGE_CURVE('',#7221,#7172,#7244,.T.);
#7244 = SURFACE_CURVE('',#7245,(#7249,#7256),.PCURVE_S1.);
#7245 = LINE('',#7246,#7247);
#7246 = CARTESIAN_POINT('',(4.8681640625,-7.144509765625,2.35));
#7247 = VECTOR('',#7248,1.);
#7248 = DIRECTION('',(1.,0.,0.));
#7249 = PCURVE('',#3533,#7250);
#7250 = DEFINITIONAL_REPRESENTATION('',(#7251),#7255);
#7251 = LINE('',#7252,#7253);
#7252 = CARTESIAN_POINT('',(0.,-0.35));
#7253 = VECTOR('',#7254,1.);
#7254 = DIRECTION('',(1.,0.));
#7255 = ( GEOMETRIC_REPRESENTATION_CONTEXT(2) 
PARAMETRIC_REPRESENTATION_CONTEXT() REPRESENTATION_CONTEXT('2D SPACE',''
  ) );
#7256 = PCURVE('',#6884,#7257);
#7257 = DEFINITIONAL_REPRESENTATION('',(#7258),#7262);
#7258 = LINE('',#7259,#7260);
#7259 = CARTESIAN_POINT('',(2.0849609375,3.5791015625));
#7260 = VECTOR('',#7261,1.);
#7261 = DIRECTION('',(1.,0.));
#7262 = ( GEOMETRIC_REPRESENTATION_CONTEXT(2) 
PARAMETRIC_REPRESENTATION_CONTEXT() REPRESENTATION_CONTEXT('2D SPACE',''
  ) );
#7263 = ORIENTED_EDGE('',*,*,#7171,.F.);
#7264 = ORIENTED_EDGE('',*,*,#3517,.F.);
#7265 = ADVANCED_FACE('',(#7266),#3505,.T.);
#7266 = FACE_BOUND('',#7267,.T.);
#7267 = EDGE_LOOP('',(#7268,#7300,#7321,#7322,#7323));
#7268 = ORIENTED_EDGE('',*,*,#7269,.T.);
#7269 = EDGE_CURVE('',#7270,#7272,#7274,.T.);
#7270 = VERTEX_POINT('',#7271);
#7271 = CARTESIAN_POINT('',(4.18701171875,-9.561501953125,2.));
#7272 = VERTEX_POINT('',#7273);
#7273 = CARTESIAN_POINT('',(4.18701171875,-9.561501953125,2.35));
#7274 = SURFACE_CURVE('',#7275,(#7279,#7286),.PCURVE_S1.);
#7275 = LINE('',#7276,#7277);
#7276 = CARTESIAN_POINT('',(4.18701171875,-9.561501953125,2.));
#7277 = VECTOR('',#7278,1.);
#7278 = DIRECTION('',(0.,0.,1.));
#7279 = PCURVE('',#3505,#7280);
#7280 = DEFINITIONAL_REPRESENTATION('',(#7281),#7285);
#7281 = LINE('',#7282,#7283);
#7282 = CARTESIAN_POINT('',(0.,0.));
#7283 = VECTOR('',#7284,1.);
#7284 = DIRECTION('',(0.,-1.));
#7285 = ( GEOMETRIC_REPRESENTATION_CONTEXT(2) 
PARAMETRIC_REPRESENTATION_CONTEXT() REPRESENTATION_CONTEXT('2D SPACE',''
  ) );
#7286 = PCURVE('',#7287,#7294);
#7287 = SURFACE_OF_LINEAR_EXTRUSION('',#7288,#7292);
#7288 = B_SPLINE_CURVE_WITH_KNOTS('',2,(#7289,#7290,#7291),
  .UNSPECIFIED.,.F.,.F.,(3,3),(0.,1.),.PIECEWISE_BEZIER_KNOTS.);
#7289 = CARTESIAN_POINT('',(4.02587890625,-10.22312304687,2.));
#7290 = CARTESIAN_POINT('',(4.16259765625,-9.649392578125,2.));
#7291 = CARTESIAN_POINT('',(4.18701171875,-9.561501953125,2.));
#7292 = VECTOR('',#7293,1.);
#7293 = DIRECTION('',(-0.,-0.,-1.));
#7294 = DEFINITIONAL_REPRESENTATION('',(#7295),#7299);
#7295 = LINE('',#7296,#7297);
#7296 = CARTESIAN_POINT('',(1.,0.));
#7297 = VECTOR('',#7298,1.);
#7298 = DIRECTION('',(0.,-1.));
#7299 = ( GEOMETRIC_REPRESENTATION_CONTEXT(2) 
PARAMETRIC_REPRESENTATION_CONTEXT() REPRESENTATION_CONTEXT('2D SPACE',''
  ) );
#7300 = ORIENTED_EDGE('',*,*,#7301,.T.);
#7301 = EDGE_CURVE('',#7272,#7221,#7302,.T.);
#7302 = SURFACE_CURVE('',#7303,(#7307,#7314),.PCURVE_S1.);
#7303 = LINE('',#7304,#7305);
#7304 = CARTESIAN_POINT('',(4.18701171875,-9.561501953125,2.35));
#7305 = VECTOR('',#7306,1.);
#7306 = DIRECTION('',(0.271252331085,0.962508271591,0.));
#7307 = PCURVE('',#3505,#7308);
#7308 = DEFINITIONAL_REPRESENTATION('',(#7309),#7313);
#7309 = LINE('',#7310,#7311);
#7310 = CARTESIAN_POINT('',(0.,-0.35));
#7311 = VECTOR('',#7312,1.);
#7312 = DIRECTION('',(1.,0.));
#7313 = ( GEOMETRIC_REPRESENTATION_CONTEXT(2) 
PARAMETRIC_REPRESENTATION_CONTEXT() REPRESENTATION_CONTEXT('2D SPACE',''
  ) );
#7314 = PCURVE('',#6884,#7315);
#7315 = DEFINITIONAL_REPRESENTATION('',(#7316),#7320);
#7316 = LINE('',#7317,#7318);
#7317 = CARTESIAN_POINT('',(1.40380859375,1.162109375));
#7318 = VECTOR('',#7319,1.);
#7319 = DIRECTION('',(0.271252331085,0.962508271591));
#7320 = ( GEOMETRIC_REPRESENTATION_CONTEXT(2) 
PARAMETRIC_REPRESENTATION_CONTEXT() REPRESENTATION_CONTEXT('2D SPACE',''
  ) );
#7321 = ORIENTED_EDGE('',*,*,#7220,.F.);
#7322 = ORIENTED_EDGE('',*,*,#3489,.F.);
#7323 = ORIENTED_EDGE('',*,*,#7324,.F.);
#7324 = EDGE_CURVE('',#7270,#3469,#7325,.T.);
#7325 = SURFACE_CURVE('',#7326,(#7330,#7337),.PCURVE_S1.);
#7326 = LINE('',#7327,#7328);
#7327 = CARTESIAN_POINT('',(4.18701171875,-9.561501953125,2.));
#7328 = VECTOR('',#7329,1.);
#7329 = DIRECTION('',(0.271252331085,0.962508271591,0.));
#7330 = PCURVE('',#3505,#7331);
#7331 = DEFINITIONAL_REPRESENTATION('',(#7332),#7336);
#7332 = LINE('',#7333,#7334);
#7333 = CARTESIAN_POINT('',(0.,0.));
#7334 = VECTOR('',#7335,1.);
#7335 = DIRECTION('',(1.,0.));
#7336 = ( GEOMETRIC_REPRESENTATION_CONTEXT(2) 
PARAMETRIC_REPRESENTATION_CONTEXT() REPRESENTATION_CONTEXT('2D SPACE',''
  ) );
#7337 = PCURVE('',#6629,#7338);
#7338 = DEFINITIONAL_REPRESENTATION('',(#7339),#7343);
#7339 = LINE('',#7340,#7341);
#7340 = CARTESIAN_POINT('',(1.40380859375,1.162109375));
#7341 = VECTOR('',#7342,1.);
#7342 = DIRECTION('',(0.271252331085,0.962508271591));
#7343 = ( GEOMETRIC_REPRESENTATION_CONTEXT(2) 
PARAMETRIC_REPRESENTATION_CONTEXT() REPRESENTATION_CONTEXT('2D SPACE',''
  ) );
#7344 = ADVANCED_FACE('',(#7345),#3456,.T.);
#7345 = FACE_BOUND('',#7346,.T.);
#7346 = EDGE_LOOP('',(#7347,#7370,#7393,#7423,#7444));
#7347 = ORIENTED_EDGE('',*,*,#7348,.T.);
#7348 = EDGE_CURVE('',#3413,#7349,#7351,.T.);
#7349 = VERTEX_POINT('',#7350);
#7350 = CARTESIAN_POINT('',(3.330078125,-7.144509765625,2.35));
#7351 = SURFACE_CURVE('',#7352,(#7356,#7363),.PCURVE_S1.);
#7352 = LINE('',#7353,#7354);
#7353 = CARTESIAN_POINT('',(3.330078125,-7.144509765625,2.));
#7354 = VECTOR('',#7355,1.);
#7355 = DIRECTION('',(0.,0.,1.));
#7356 = PCURVE('',#3456,#7357);
#7357 = DEFINITIONAL_REPRESENTATION('',(#7358),#7362);
#7358 = LINE('',#7359,#7360);
#7359 = CARTESIAN_POINT('',(0.,0.));
#7360 = VECTOR('',#7361,1.);
#7361 = DIRECTION('',(0.,-1.));
#7362 = ( GEOMETRIC_REPRESENTATION_CONTEXT(2) 
PARAMETRIC_REPRESENTATION_CONTEXT() REPRESENTATION_CONTEXT('2D SPACE',''
  ) );
#7363 = PCURVE('',#3428,#7364);
#7364 = DEFINITIONAL_REPRESENTATION('',(#7365),#7369);
#7365 = LINE('',#7366,#7367);
#7366 = CARTESIAN_POINT('',(0.48583984375,0.));
#7367 = VECTOR('',#7368,1.);
#7368 = DIRECTION('',(0.,-1.));
#7369 = ( GEOMETRIC_REPRESENTATION_CONTEXT(2) 
PARAMETRIC_REPRESENTATION_CONTEXT() REPRESENTATION_CONTEXT('2D SPACE',''
  ) );
#7370 = ORIENTED_EDGE('',*,*,#7371,.T.);
#7371 = EDGE_CURVE('',#7349,#7372,#7374,.T.);
#7372 = VERTEX_POINT('',#7373);
#7373 = CARTESIAN_POINT('',(3.87451171875,-9.490701171875,2.35));
#7374 = SURFACE_CURVE('',#7375,(#7379,#7386),.PCURVE_S1.);
#7375 = LINE('',#7376,#7377);
#7376 = CARTESIAN_POINT('',(3.330078125,-7.144509765625,2.35));
#7377 = VECTOR('',#7378,1.);
#7378 = DIRECTION('',(0.226043829816,-0.974117132075,0.));
#7379 = PCURVE('',#3456,#7380);
#7380 = DEFINITIONAL_REPRESENTATION('',(#7381),#7385);
#7381 = LINE('',#7382,#7383);
#7382 = CARTESIAN_POINT('',(0.,-0.35));
#7383 = VECTOR('',#7384,1.);
#7384 = DIRECTION('',(1.,0.));
#7385 = ( GEOMETRIC_REPRESENTATION_CONTEXT(2) 
PARAMETRIC_REPRESENTATION_CONTEXT() REPRESENTATION_CONTEXT('2D SPACE',''
  ) );
#7386 = PCURVE('',#6884,#7387);
#7387 = DEFINITIONAL_REPRESENTATION('',(#7388),#7392);
#7388 = LINE('',#7389,#7390);
#7389 = CARTESIAN_POINT('',(0.546875,3.5791015625));
#7390 = VECTOR('',#7391,1.);
#7391 = DIRECTION('',(0.226043829816,-0.974117132075));
#7392 = ( GEOMETRIC_REPRESENTATION_CONTEXT(2) 
PARAMETRIC_REPRESENTATION_CONTEXT() REPRESENTATION_CONTEXT('2D SPACE',''
  ) );
#7393 = ORIENTED_EDGE('',*,*,#7394,.F.);
#7394 = EDGE_CURVE('',#7395,#7372,#7397,.T.);
#7395 = VERTEX_POINT('',#7396);
#7396 = CARTESIAN_POINT('',(3.87451171875,-9.490701171875,2.));
#7397 = SURFACE_CURVE('',#7398,(#7402,#7409),.PCURVE_S1.);
#7398 = LINE('',#7399,#7400);
#7399 = CARTESIAN_POINT('',(3.87451171875,-9.490701171875,2.));
#7400 = VECTOR('',#7401,1.);
#7401 = DIRECTION('',(0.,0.,1.));
#7402 = PCURVE('',#3456,#7403);
#7403 = DEFINITIONAL_REPRESENTATION('',(#7404),#7408);
#7404 = LINE('',#7405,#7406);
#7405 = CARTESIAN_POINT('',(2.408531098567,0.));
#7406 = VECTOR('',#7407,1.);
#7407 = DIRECTION('',(0.,-1.));
#7408 = ( GEOMETRIC_REPRESENTATION_CONTEXT(2) 
PARAMETRIC_REPRESENTATION_CONTEXT() REPRESENTATION_CONTEXT('2D SPACE',''
  ) );
#7409 = PCURVE('',#7410,#7417);
#7410 = SURFACE_OF_LINEAR_EXTRUSION('',#7411,#7415);
#7411 = B_SPLINE_CURVE_WITH_KNOTS('',2,(#7412,#7413,#7414),
  .UNSPECIFIED.,.F.,.F.,(3,3),(0.,1.),.PIECEWISE_BEZIER_KNOTS.);
#7412 = CARTESIAN_POINT('',(3.87451171875,-9.490701171875,2.));
#7413 = CARTESIAN_POINT('',(3.96240234375,-9.859353515625,2.));
#7414 = CARTESIAN_POINT('',(4.02587890625,-10.22312304687,2.));
#7415 = VECTOR('',#7416,1.);
#7416 = DIRECTION('',(-0.,-0.,-1.));
#7417 = DEFINITIONAL_REPRESENTATION('',(#7418),#7422);
#7418 = LINE('',#7419,#7420);
#7419 = CARTESIAN_POINT('',(0.,0.));
#7420 = VECTOR('',#7421,1.);
#7421 = DIRECTION('',(0.,-1.));
#7422 = ( GEOMETRIC_REPRESENTATION_CONTEXT(2) 
PARAMETRIC_REPRESENTATION_CONTEXT() REPRESENTATION_CONTEXT('2D SPACE',''
  ) );
#7423 = ORIENTED_EDGE('',*,*,#7424,.F.);
#7424 = EDGE_CURVE('',#3441,#7395,#7425,.T.);
#7425 = SURFACE_CURVE('',#7426,(#7430,#7437),.PCURVE_S1.);
#7426 = LINE('',#7427,#7428);
#7427 = CARTESIAN_POINT('',(3.330078125,-7.144509765625,2.));
#7428 = VECTOR('',#7429,1.);
#7429 = DIRECTION('',(0.226043829816,-0.974117132075,0.));
#7430 = PCURVE('',#3456,#7431);
#7431 = DEFINITIONAL_REPRESENTATION('',(#7432),#7436);
#7432 = LINE('',#7433,#7434);
#7433 = CARTESIAN_POINT('',(0.,0.));
#7434 = VECTOR('',#7435,1.);
#7435 = DIRECTION('',(1.,0.));
#7436 = ( GEOMETRIC_REPRESENTATION_CONTEXT(2) 
PARAMETRIC_REPRESENTATION_CONTEXT() REPRESENTATION_CONTEXT('2D SPACE',''
  ) );
#7437 = PCURVE('',#6629,#7438);
#7438 = DEFINITIONAL_REPRESENTATION('',(#7439),#7443);
#7439 = LINE('',#7440,#7441);
#7440 = CARTESIAN_POINT('',(0.546875,3.5791015625));
#7441 = VECTOR('',#7442,1.);
#7442 = DIRECTION('',(0.226043829816,-0.974117132075));
#7443 = ( GEOMETRIC_REPRESENTATION_CONTEXT(2) 
PARAMETRIC_REPRESENTATION_CONTEXT() REPRESENTATION_CONTEXT('2D SPACE',''
  ) );
#7444 = ORIENTED_EDGE('',*,*,#3440,.F.);
#7445 = ADVANCED_FACE('',(#7446),#3428,.T.);
#7446 = FACE_BOUND('',#7447,.T.);
#7447 = EDGE_LOOP('',(#7448,#7471,#7492,#7493));
#7448 = ORIENTED_EDGE('',*,*,#7449,.T.);
#7449 = EDGE_CURVE('',#3385,#7450,#7452,.T.);
#7450 = VERTEX_POINT('',#7451);
#7451 = CARTESIAN_POINT('',(2.84423828125,-7.144509765625,2.35));
#7452 = SURFACE_CURVE('',#7453,(#7457,#7464),.PCURVE_S1.);
#7453 = LINE('',#7454,#7455);
#7454 = CARTESIAN_POINT('',(2.84423828125,-7.144509765625,2.));
#7455 = VECTOR('',#7456,1.);
#7456 = DIRECTION('',(0.,0.,1.));
#7457 = PCURVE('',#3428,#7458);
#7458 = DEFINITIONAL_REPRESENTATION('',(#7459),#7463);
#7459 = LINE('',#7460,#7461);
#7460 = CARTESIAN_POINT('',(0.,0.));
#7461 = VECTOR('',#7462,1.);
#7462 = DIRECTION('',(0.,-1.));
#7463 = ( GEOMETRIC_REPRESENTATION_CONTEXT(2) 
PARAMETRIC_REPRESENTATION_CONTEXT() REPRESENTATION_CONTEXT('2D SPACE',''
  ) );
#7464 = PCURVE('',#3400,#7465);
#7465 = DEFINITIONAL_REPRESENTATION('',(#7466),#7470);
#7466 = LINE('',#7467,#7468);
#7467 = CARTESIAN_POINT('',(3.702959821534,0.));
#7468 = VECTOR('',#7469,1.);
#7469 = DIRECTION('',(0.,-1.));
#7470 = ( GEOMETRIC_REPRESENTATION_CONTEXT(2) 
PARAMETRIC_REPRESENTATION_CONTEXT() REPRESENTATION_CONTEXT('2D SPACE',''
  ) );
#7471 = ORIENTED_EDGE('',*,*,#7472,.T.);
#7472 = EDGE_CURVE('',#7450,#7349,#7473,.T.);
#7473 = SURFACE_CURVE('',#7474,(#7478,#7485),.PCURVE_S1.);
#7474 = LINE('',#7475,#7476);
#7475 = CARTESIAN_POINT('',(2.84423828125,-7.144509765625,2.35));
#7476 = VECTOR('',#7477,1.);
#7477 = DIRECTION('',(1.,0.,0.));
#7478 = PCURVE('',#3428,#7479);
#7479 = DEFINITIONAL_REPRESENTATION('',(#7480),#7484);
#7480 = LINE('',#7481,#7482);
#7481 = CARTESIAN_POINT('',(0.,-0.35));
#7482 = VECTOR('',#7483,1.);
#7483 = DIRECTION('',(1.,0.));
#7484 = ( GEOMETRIC_REPRESENTATION_CONTEXT(2) 
PARAMETRIC_REPRESENTATION_CONTEXT() REPRESENTATION_CONTEXT('2D SPACE',''
  ) );
#7485 = PCURVE('',#6884,#7486);
#7486 = DEFINITIONAL_REPRESENTATION('',(#7487),#7491);
#7487 = LINE('',#7488,#7489);
#7488 = CARTESIAN_POINT('',(6.103515625E-02,3.5791015625));
#7489 = VECTOR('',#7490,1.);
#7490 = DIRECTION('',(1.,0.));
#7491 = ( GEOMETRIC_REPRESENTATION_CONTEXT(2) 
PARAMETRIC_REPRESENTATION_CONTEXT() REPRESENTATION_CONTEXT('2D SPACE',''
  ) );
#7492 = ORIENTED_EDGE('',*,*,#7348,.F.);
#7493 = ORIENTED_EDGE('',*,*,#3412,.F.);
#7494 = ADVANCED_FACE('',(#7495),#3400,.T.);
#7495 = FACE_BOUND('',#7496,.T.);
#7496 = EDGE_LOOP('',(#7497,#7527,#7548,#7549,#7550));
#7497 = ORIENTED_EDGE('',*,*,#7498,.T.);
#7498 = EDGE_CURVE('',#7499,#7501,#7503,.T.);
#7499 = VERTEX_POINT('',#7500);
#7500 = CARTESIAN_POINT('',(3.7939453125,-10.72361132812,2.));
#7501 = VERTEX_POINT('',#7502);
#7502 = CARTESIAN_POINT('',(3.7939453125,-10.72361132812,2.35));
#7503 = SURFACE_CURVE('',#7504,(#7508,#7515),.PCURVE_S1.);
#7504 = LINE('',#7505,#7506);
#7505 = CARTESIAN_POINT('',(3.7939453125,-10.72361132812,2.));
#7506 = VECTOR('',#7507,1.);
#7507 = DIRECTION('',(0.,0.,1.));
#7508 = PCURVE('',#3400,#7509);
#7509 = DEFINITIONAL_REPRESENTATION('',(#7510),#7514);
#7510 = LINE('',#7511,#7512);
#7511 = CARTESIAN_POINT('',(0.,0.));
#7512 = VECTOR('',#7513,1.);
#7513 = DIRECTION('',(0.,-1.));
#7514 = ( GEOMETRIC_REPRESENTATION_CONTEXT(2) 
PARAMETRIC_REPRESENTATION_CONTEXT() REPRESENTATION_CONTEXT('2D SPACE',''
  ) );
#7515 = PCURVE('',#7516,#7521);
#7516 = PLANE('',#7517);
#7517 = AXIS2_PLACEMENT_3D('',#7518,#7519,#7520);
#7518 = CARTESIAN_POINT('',(4.27734375,-10.72361132812,2.));
#7519 = DIRECTION('',(0.,-1.,0.));
#7520 = DIRECTION('',(-1.,0.,0.));
#7521 = DEFINITIONAL_REPRESENTATION('',(#7522),#7526);
#7522 = LINE('',#7523,#7524);
#7523 = CARTESIAN_POINT('',(0.4833984375,0.));
#7524 = VECTOR('',#7525,1.);
#7525 = DIRECTION('',(0.,-1.));
#7526 = ( GEOMETRIC_REPRESENTATION_CONTEXT(2) 
PARAMETRIC_REPRESENTATION_CONTEXT() REPRESENTATION_CONTEXT('2D SPACE',''
  ) );
#7527 = ORIENTED_EDGE('',*,*,#7528,.T.);
#7528 = EDGE_CURVE('',#7501,#7450,#7529,.T.);
#7529 = SURFACE_CURVE('',#7530,(#7534,#7541),.PCURVE_S1.);
#7530 = LINE('',#7531,#7532);
#7531 = CARTESIAN_POINT('',(3.7939453125,-10.72361132812,2.35));
#7532 = VECTOR('',#7533,1.);
#7533 = DIRECTION('',(-0.256472410456,0.966551552001,0.));
#7534 = PCURVE('',#3400,#7535);
#7535 = DEFINITIONAL_REPRESENTATION('',(#7536),#7540);
#7536 = LINE('',#7537,#7538);
#7537 = CARTESIAN_POINT('',(0.,-0.35));
#7538 = VECTOR('',#7539,1.);
#7539 = DIRECTION('',(1.,0.));
#7540 = ( GEOMETRIC_REPRESENTATION_CONTEXT(2) 
PARAMETRIC_REPRESENTATION_CONTEXT() REPRESENTATION_CONTEXT('2D SPACE',''
  ) );
#7541 = PCURVE('',#6884,#7542);
#7542 = DEFINITIONAL_REPRESENTATION('',(#7543),#7547);
#7543 = LINE('',#7544,#7545);
#7544 = CARTESIAN_POINT('',(1.0107421875,0.));
#7545 = VECTOR('',#7546,1.);
#7546 = DIRECTION('',(-0.256472410456,0.966551552001));
#7547 = ( GEOMETRIC_REPRESENTATION_CONTEXT(2) 
PARAMETRIC_REPRESENTATION_CONTEXT() REPRESENTATION_CONTEXT('2D SPACE',''
  ) );
#7548 = ORIENTED_EDGE('',*,*,#7449,.F.);
#7549 = ORIENTED_EDGE('',*,*,#3384,.F.);
#7550 = ORIENTED_EDGE('',*,*,#7551,.F.);
#7551 = EDGE_CURVE('',#7499,#3364,#7552,.T.);
#7552 = SURFACE_CURVE('',#7553,(#7557,#7564),.PCURVE_S1.);
#7553 = LINE('',#7554,#7555);
#7554 = CARTESIAN_POINT('',(3.7939453125,-10.72361132812,2.));
#7555 = VECTOR('',#7556,1.);
#7556 = DIRECTION('',(-0.256472410456,0.966551552001,0.));
#7557 = PCURVE('',#3400,#7558);
#7558 = DEFINITIONAL_REPRESENTATION('',(#7559),#7563);
#7559 = LINE('',#7560,#7561);
#7560 = CARTESIAN_POINT('',(0.,0.));
#7561 = VECTOR('',#7562,1.);
#7562 = DIRECTION('',(1.,0.));
#7563 = ( GEOMETRIC_REPRESENTATION_CONTEXT(2) 
PARAMETRIC_REPRESENTATION_CONTEXT() REPRESENTATION_CONTEXT('2D SPACE',''
  ) );
#7564 = PCURVE('',#6629,#7565);
#7565 = DEFINITIONAL_REPRESENTATION('',(#7566),#7570);
#7566 = LINE('',#7567,#7568);
#7567 = CARTESIAN_POINT('',(1.0107421875,0.));
#7568 = VECTOR('',#7569,1.);
#7569 = DIRECTION('',(-0.256472410456,0.966551552001));
#7570 = ( GEOMETRIC_REPRESENTATION_CONTEXT(2) 
PARAMETRIC_REPRESENTATION_CONTEXT() REPRESENTATION_CONTEXT('2D SPACE',''
  ) );
#7571 = ADVANCED_FACE('',(#7572),#3349,.T.);
#7572 = FACE_BOUND('',#7573,.T.);
#7573 = EDGE_LOOP('',(#7574,#7597,#7625,#7655,#7676));
#7574 = ORIENTED_EDGE('',*,*,#7575,.T.);
#7575 = EDGE_CURVE('',#3304,#7576,#7578,.T.);
#7576 = VERTEX_POINT('',#7577);
#7577 = CARTESIAN_POINT('',(0.745849609375,-8.982888671875,2.35));
#7578 = SURFACE_CURVE('',#7579,(#7583,#7590),.PCURVE_S1.);
#7579 = LINE('',#7580,#7581);
#7580 = CARTESIAN_POINT('',(0.745849609375,-8.982888671875,2.));
#7581 = VECTOR('',#7582,1.);
#7582 = DIRECTION('',(0.,0.,1.));
#7583 = PCURVE('',#3349,#7584);
#7584 = DEFINITIONAL_REPRESENTATION('',(#7585),#7589);
#7585 = LINE('',#7586,#7587);
#7586 = CARTESIAN_POINT('',(0.,0.));
#7587 = VECTOR('',#7588,1.);
#7588 = DIRECTION('',(0.,-1.));
#7589 = ( GEOMETRIC_REPRESENTATION_CONTEXT(2) 
PARAMETRIC_REPRESENTATION_CONTEXT() REPRESENTATION_CONTEXT('2D SPACE',''
  ) );
#7590 = PCURVE('',#3319,#7591);
#7591 = DEFINITIONAL_REPRESENTATION('',(#7592),#7596);
#7592 = LINE('',#7593,#7594);
#7593 = CARTESIAN_POINT('',(1.,0.));
#7594 = VECTOR('',#7595,1.);
#7595 = DIRECTION('',(0.,-1.));
#7596 = ( GEOMETRIC_REPRESENTATION_CONTEXT(2) 
PARAMETRIC_REPRESENTATION_CONTEXT() REPRESENTATION_CONTEXT('2D SPACE',''
  ) );
#7597 = ORIENTED_EDGE('',*,*,#7598,.T.);
#7598 = EDGE_CURVE('',#7576,#7599,#7601,.T.);
#7599 = VERTEX_POINT('',#7600);
#7600 = CARTESIAN_POINT('',(6.8359375E-02,-9.612771484375,2.35));
#7601 = SURFACE_CURVE('',#7602,(#7606,#7613),.PCURVE_S1.);
#7602 = B_SPLINE_CURVE_WITH_KNOTS('',2,(#7603,#7604,#7605),
  .UNSPECIFIED.,.F.,.F.,(3,3),(0.,1.),.PIECEWISE_BEZIER_KNOTS.);
#7603 = CARTESIAN_POINT('',(0.745849609375,-8.982888671875,2.35));
#7604 = CARTESIAN_POINT('',(0.5419921875,-9.212380859375,2.35));
#7605 = CARTESIAN_POINT('',(6.8359375E-02,-9.612771484375,2.35));
#7606 = PCURVE('',#3349,#7607);
#7607 = DEFINITIONAL_REPRESENTATION('',(#7608),#7612);
#7608 = LINE('',#7609,#7610);
#7609 = CARTESIAN_POINT('',(0.,-0.35));
#7610 = VECTOR('',#7611,1.);
#7611 = DIRECTION('',(1.,0.));
#7612 = ( GEOMETRIC_REPRESENTATION_CONTEXT(2) 
PARAMETRIC_REPRESENTATION_CONTEXT() REPRESENTATION_CONTEXT('2D SPACE',''
  ) );
#7613 = PCURVE('',#7614,#7619);
#7614 = PLANE('',#7615);
#7615 = AXIS2_PLACEMENT_3D('',#7616,#7617,#7618);
#7616 = CARTESIAN_POINT('',(-1.38671875,-10.72361132812,2.35));
#7617 = DIRECTION('',(0.,0.,1.));
#7618 = DIRECTION('',(1.,0.,0.));
#7619 = DEFINITIONAL_REPRESENTATION('',(#7620),#7624);
#7620 = B_SPLINE_CURVE_WITH_KNOTS('',2,(#7621,#7622,#7623),
  .UNSPECIFIED.,.F.,.F.,(3,3),(0.,1.),.PIECEWISE_BEZIER_KNOTS.);
#7621 = CARTESIAN_POINT('',(2.132568359375,1.74072265625));
#7622 = CARTESIAN_POINT('',(1.9287109375,1.51123046875));
#7623 = CARTESIAN_POINT('',(1.455078125,1.11083984375));
#7624 = ( GEOMETRIC_REPRESENTATION_CONTEXT(2) 
PARAMETRIC_REPRESENTATION_CONTEXT() REPRESENTATION_CONTEXT('2D SPACE',''
  ) );
#7625 = ORIENTED_EDGE('',*,*,#7626,.F.);
#7626 = EDGE_CURVE('',#7627,#7599,#7629,.T.);
#7627 = VERTEX_POINT('',#7628);
#7628 = CARTESIAN_POINT('',(6.8359375E-02,-9.612771484375,2.));
#7629 = SURFACE_CURVE('',#7630,(#7634,#7641),.PCURVE_S1.);
#7630 = LINE('',#7631,#7632);
#7631 = CARTESIAN_POINT('',(6.8359375E-02,-9.612771484375,2.));
#7632 = VECTOR('',#7633,1.);
#7633 = DIRECTION('',(0.,0.,1.));
#7634 = PCURVE('',#3349,#7635);
#7635 = DEFINITIONAL_REPRESENTATION('',(#7636),#7640);
#7636 = LINE('',#7637,#7638);
#7637 = CARTESIAN_POINT('',(1.,0.));
#7638 = VECTOR('',#7639,1.);
#7639 = DIRECTION('',(0.,-1.));
#7640 = ( GEOMETRIC_REPRESENTATION_CONTEXT(2) 
PARAMETRIC_REPRESENTATION_CONTEXT() REPRESENTATION_CONTEXT('2D SPACE',''
  ) );
#7641 = PCURVE('',#7642,#7649);
#7642 = SURFACE_OF_LINEAR_EXTRUSION('',#7643,#7647);
#7643 = B_SPLINE_CURVE_WITH_KNOTS('',2,(#7644,#7645,#7646),
  .UNSPECIFIED.,.F.,.F.,(3,3),(0.,1.),.PIECEWISE_BEZIER_KNOTS.);
#7644 = CARTESIAN_POINT('',(6.8359375E-02,-9.612771484375,2.));
#7645 = CARTESIAN_POINT('',(-0.3271484375,-9.944802734375,2.));
#7646 = CARTESIAN_POINT('',(-0.439453125,-10.0632109375,2.));
#7647 = VECTOR('',#7648,1.);
#7648 = DIRECTION('',(-0.,-0.,-1.));
#7649 = DEFINITIONAL_REPRESENTATION('',(#7650),#7654);
#7650 = LINE('',#7651,#7652);
#7651 = CARTESIAN_POINT('',(0.,0.));
#7652 = VECTOR('',#7653,1.);
#7653 = DIRECTION('',(0.,-1.));
#7654 = ( GEOMETRIC_REPRESENTATION_CONTEXT(2) 
PARAMETRIC_REPRESENTATION_CONTEXT() REPRESENTATION_CONTEXT('2D SPACE',''
  ) );
#7655 = ORIENTED_EDGE('',*,*,#7656,.F.);
#7656 = EDGE_CURVE('',#3334,#7627,#7657,.T.);
#7657 = SURFACE_CURVE('',#7658,(#7662,#7669),.PCURVE_S1.);
#7658 = B_SPLINE_CURVE_WITH_KNOTS('',2,(#7659,#7660,#7661),
  .UNSPECIFIED.,.F.,.F.,(3,3),(0.,1.),.PIECEWISE_BEZIER_KNOTS.);
#7659 = CARTESIAN_POINT('',(0.745849609375,-8.982888671875,2.));
#7660 = CARTESIAN_POINT('',(0.5419921875,-9.212380859375,2.));
#7661 = CARTESIAN_POINT('',(6.8359375E-02,-9.612771484375,2.));
#7662 = PCURVE('',#3349,#7663);
#7663 = DEFINITIONAL_REPRESENTATION('',(#7664),#7668);
#7664 = LINE('',#7665,#7666);
#7665 = CARTESIAN_POINT('',(0.,0.));
#7666 = VECTOR('',#7667,1.);
#7667 = DIRECTION('',(1.,0.));
#7668 = ( GEOMETRIC_REPRESENTATION_CONTEXT(2) 
PARAMETRIC_REPRESENTATION_CONTEXT() REPRESENTATION_CONTEXT('2D SPACE',''
  ) );
#7669 = PCURVE('',#6676,#7670);
#7670 = DEFINITIONAL_REPRESENTATION('',(#7671),#7675);
#7671 = B_SPLINE_CURVE_WITH_KNOTS('',2,(#7672,#7673,#7674),
  .UNSPECIFIED.,.F.,.F.,(3,3),(0.,1.),.PIECEWISE_BEZIER_KNOTS.);
#7672 = CARTESIAN_POINT('',(2.132568359375,1.74072265625));
#7673 = CARTESIAN_POINT('',(1.9287109375,1.51123046875));
#7674 = CARTESIAN_POINT('',(1.455078125,1.11083984375));
#7675 = ( GEOMETRIC_REPRESENTATION_CONTEXT(2) 
PARAMETRIC_REPRESENTATION_CONTEXT() REPRESENTATION_CONTEXT('2D SPACE',''
  ) );
#7676 = ORIENTED_EDGE('',*,*,#3333,.F.);
#7677 = ADVANCED_FACE('',(#7678),#3319,.T.);
#7678 = FACE_BOUND('',#7679,.T.);
#7679 = EDGE_LOOP('',(#7680,#7703,#7724,#7725));
#7680 = ORIENTED_EDGE('',*,*,#7681,.T.);
#7681 = EDGE_CURVE('',#3274,#7682,#7684,.T.);
#7682 = VERTEX_POINT('',#7683);
#7683 = CARTESIAN_POINT('',(1.03759765625,-8.545876953125,2.35));
#7684 = SURFACE_CURVE('',#7685,(#7689,#7696),.PCURVE_S1.);
#7685 = LINE('',#7686,#7687);
#7686 = CARTESIAN_POINT('',(1.03759765625,-8.545876953125,2.));
#7687 = VECTOR('',#7688,1.);
#7688 = DIRECTION('',(0.,0.,1.));
#7689 = PCURVE('',#3319,#7690);
#7690 = DEFINITIONAL_REPRESENTATION('',(#7691),#7695);
#7691 = LINE('',#7692,#7693);
#7692 = CARTESIAN_POINT('',(0.,0.));
#7693 = VECTOR('',#7694,1.);
#7694 = DIRECTION('',(0.,-1.));
#7695 = ( GEOMETRIC_REPRESENTATION_CONTEXT(2) 
PARAMETRIC_REPRESENTATION_CONTEXT() REPRESENTATION_CONTEXT('2D SPACE',''
  ) );
#7696 = PCURVE('',#3289,#7697);
#7697 = DEFINITIONAL_REPRESENTATION('',(#7698),#7702);
#7698 = LINE('',#7699,#7700);
#7699 = CARTESIAN_POINT('',(1.,0.));
#7700 = VECTOR('',#7701,1.);
#7701 = DIRECTION('',(0.,-1.));
#7702 = ( GEOMETRIC_REPRESENTATION_CONTEXT(2) 
PARAMETRIC_REPRESENTATION_CONTEXT() REPRESENTATION_CONTEXT('2D SPACE',''
  ) );
#7703 = ORIENTED_EDGE('',*,*,#7704,.T.);
#7704 = EDGE_CURVE('',#7682,#7576,#7705,.T.);
#7705 = SURFACE_CURVE('',#7706,(#7710,#7717),.PCURVE_S1.);
#7706 = B_SPLINE_CURVE_WITH_KNOTS('',2,(#7707,#7708,#7709),
  .UNSPECIFIED.,.F.,.F.,(3,3),(0.,1.),.PIECEWISE_BEZIER_KNOTS.);
#7707 = CARTESIAN_POINT('',(1.03759765625,-8.545876953125,2.35));
#7708 = CARTESIAN_POINT('',(0.94970703125,-8.753396484375,2.35));
#7709 = CARTESIAN_POINT('',(0.745849609375,-8.982888671875,2.35));
#7710 = PCURVE('',#3319,#7711);
#7711 = DEFINITIONAL_REPRESENTATION('',(#7712),#7716);
#7712 = LINE('',#7713,#7714);
#7713 = CARTESIAN_POINT('',(0.,-0.35));
#7714 = VECTOR('',#7715,1.);
#7715 = DIRECTION('',(1.,0.));
#7716 = ( GEOMETRIC_REPRESENTATION_CONTEXT(2) 
PARAMETRIC_REPRESENTATION_CONTEXT() REPRESENTATION_CONTEXT('2D SPACE',''
  ) );
#7717 = PCURVE('',#7614,#7718);
#7718 = DEFINITIONAL_REPRESENTATION('',(#7719),#7723);
#7719 = B_SPLINE_CURVE_WITH_KNOTS('',2,(#7720,#7721,#7722),
  .UNSPECIFIED.,.F.,.F.,(3,3),(0.,1.),.PIECEWISE_BEZIER_KNOTS.);
#7720 = CARTESIAN_POINT('',(2.42431640625,2.177734375));
#7721 = CARTESIAN_POINT('',(2.33642578125,1.97021484375));
#7722 = CARTESIAN_POINT('',(2.132568359375,1.74072265625));
#7723 = ( GEOMETRIC_REPRESENTATION_CONTEXT(2) 
PARAMETRIC_REPRESENTATION_CONTEXT() REPRESENTATION_CONTEXT('2D SPACE',''
  ) );
#7724 = ORIENTED_EDGE('',*,*,#7575,.F.);
#7725 = ORIENTED_EDGE('',*,*,#3303,.F.);
#7726 = ADVANCED_FACE('',(#7727),#3289,.T.);
#7727 = FACE_BOUND('',#7728,.T.);
#7728 = EDGE_LOOP('',(#7729,#7752,#7773,#7774));
#7729 = ORIENTED_EDGE('',*,*,#7730,.T.);
#7730 = EDGE_CURVE('',#3244,#7731,#7733,.T.);
#7731 = VERTEX_POINT('',#7732);
#7732 = CARTESIAN_POINT('',(1.12548828125,-8.123513671875,2.35));
#7733 = SURFACE_CURVE('',#7734,(#7738,#7745),.PCURVE_S1.);
#7734 = LINE('',#7735,#7736);
#7735 = CARTESIAN_POINT('',(1.12548828125,-8.123513671875,2.));
#7736 = VECTOR('',#7737,1.);
#7737 = DIRECTION('',(0.,0.,1.));
#7738 = PCURVE('',#3289,#7739);
#7739 = DEFINITIONAL_REPRESENTATION('',(#7740),#7744);
#7740 = LINE('',#7741,#7742);
#7741 = CARTESIAN_POINT('',(0.,0.));
#7742 = VECTOR('',#7743,1.);
#7743 = DIRECTION('',(0.,-1.));
#7744 = ( GEOMETRIC_REPRESENTATION_CONTEXT(2) 
PARAMETRIC_REPRESENTATION_CONTEXT() REPRESENTATION_CONTEXT('2D SPACE',''
  ) );
#7745 = PCURVE('',#3259,#7746);
#7746 = DEFINITIONAL_REPRESENTATION('',(#7747),#7751);
#7747 = LINE('',#7748,#7749);
#7748 = CARTESIAN_POINT('',(1.,0.));
#7749 = VECTOR('',#7750,1.);
#7750 = DIRECTION('',(0.,-1.));
#7751 = ( GEOMETRIC_REPRESENTATION_CONTEXT(2) 
PARAMETRIC_REPRESENTATION_CONTEXT() REPRESENTATION_CONTEXT('2D SPACE',''
  ) );
#7752 = ORIENTED_EDGE('',*,*,#7753,.T.);
#7753 = EDGE_CURVE('',#7731,#7682,#7754,.T.);
#7754 = SURFACE_CURVE('',#7755,(#7759,#7766),.PCURVE_S1.);
#7755 = B_SPLINE_CURVE_WITH_KNOTS('',2,(#7756,#7757,#7758),
  .UNSPECIFIED.,.F.,.F.,(3,3),(0.,1.),.PIECEWISE_BEZIER_KNOTS.);
#7756 = CARTESIAN_POINT('',(1.12548828125,-8.123513671875,2.35));
#7757 = CARTESIAN_POINT('',(1.12548828125,-8.338357421875,2.35));
#7758 = CARTESIAN_POINT('',(1.03759765625,-8.545876953125,2.35));
#7759 = PCURVE('',#3289,#7760);
#7760 = DEFINITIONAL_REPRESENTATION('',(#7761),#7765);
#7761 = LINE('',#7762,#7763);
#7762 = CARTESIAN_POINT('',(0.,-0.35));
#7763 = VECTOR('',#7764,1.);
#7764 = DIRECTION('',(1.,0.));
#7765 = ( GEOMETRIC_REPRESENTATION_CONTEXT(2) 
PARAMETRIC_REPRESENTATION_CONTEXT() REPRESENTATION_CONTEXT('2D SPACE',''
  ) );
#7766 = PCURVE('',#7614,#7767);
#7767 = DEFINITIONAL_REPRESENTATION('',(#7768),#7772);
#7768 = B_SPLINE_CURVE_WITH_KNOTS('',2,(#7769,#7770,#7771),
  .UNSPECIFIED.,.F.,.F.,(3,3),(0.,1.),.PIECEWISE_BEZIER_KNOTS.);
#7769 = CARTESIAN_POINT('',(2.51220703125,2.60009765625));
#7770 = CARTESIAN_POINT('',(2.51220703125,2.38525390625));
#7771 = CARTESIAN_POINT('',(2.42431640625,2.177734375));
#7772 = ( GEOMETRIC_REPRESENTATION_CONTEXT(2) 
PARAMETRIC_REPRESENTATION_CONTEXT() REPRESENTATION_CONTEXT('2D SPACE',''
  ) );
#7773 = ORIENTED_EDGE('',*,*,#7681,.F.);
#7774 = ORIENTED_EDGE('',*,*,#3273,.F.);
#7775 = ADVANCED_FACE('',(#7776),#3259,.T.);
#7776 = FACE_BOUND('',#7777,.T.);
#7777 = EDGE_LOOP('',(#7778,#7801,#7822,#7823));
#7778 = ORIENTED_EDGE('',*,*,#7779,.T.);
#7779 = EDGE_CURVE('',#3214,#7780,#7782,.T.);
#7780 = VERTEX_POINT('',#7781);
#7781 = CARTESIAN_POINT('',(0.8251953125,-7.415505859375,2.35));
#7782 = SURFACE_CURVE('',#7783,(#7787,#7794),.PCURVE_S1.);
#7783 = LINE('',#7784,#7785);
#7784 = CARTESIAN_POINT('',(0.8251953125,-7.415505859375,2.));
#7785 = VECTOR('',#7786,1.);
#7786 = DIRECTION('',(0.,0.,1.));
#7787 = PCURVE('',#3259,#7788);
#7788 = DEFINITIONAL_REPRESENTATION('',(#7789),#7793);
#7789 = LINE('',#7790,#7791);
#7790 = CARTESIAN_POINT('',(0.,0.));
#7791 = VECTOR('',#7792,1.);
#7792 = DIRECTION('',(0.,-1.));
#7793 = ( GEOMETRIC_REPRESENTATION_CONTEXT(2) 
PARAMETRIC_REPRESENTATION_CONTEXT() REPRESENTATION_CONTEXT('2D SPACE',''
  ) );
#7794 = PCURVE('',#3229,#7795);
#7795 = DEFINITIONAL_REPRESENTATION('',(#7796),#7800);
#7796 = LINE('',#7797,#7798);
#7797 = CARTESIAN_POINT('',(1.,0.));
#7798 = VECTOR('',#7799,1.);
#7799 = DIRECTION('',(0.,-1.));
#7800 = ( GEOMETRIC_REPRESENTATION_CONTEXT(2) 
PARAMETRIC_REPRESENTATION_CONTEXT() REPRESENTATION_CONTEXT('2D SPACE',''
  ) );
#7801 = ORIENTED_EDGE('',*,*,#7802,.T.);
#7802 = EDGE_CURVE('',#7780,#7731,#7803,.T.);
#7803 = SURFACE_CURVE('',#7804,(#7808,#7815),.PCURVE_S1.);
#7804 = B_SPLINE_CURVE_WITH_KNOTS('',2,(#7805,#7806,#7807),
  .UNSPECIFIED.,.F.,.F.,(3,3),(0.,1.),.PIECEWISE_BEZIER_KNOTS.);
#7805 = CARTESIAN_POINT('',(0.8251953125,-7.415505859375,2.35));
#7806 = CARTESIAN_POINT('',(1.12548828125,-7.701150390625,2.35));
#7807 = CARTESIAN_POINT('',(1.12548828125,-8.123513671875,2.35));
#7808 = PCURVE('',#3259,#7809);
#7809 = DEFINITIONAL_REPRESENTATION('',(#7810),#7814);
#7810 = LINE('',#7811,#7812);
#7811 = CARTESIAN_POINT('',(0.,-0.35));
#7812 = VECTOR('',#7813,1.);
#7813 = DIRECTION('',(1.,0.));
#7814 = ( GEOMETRIC_REPRESENTATION_CONTEXT(2) 
PARAMETRIC_REPRESENTATION_CONTEXT() REPRESENTATION_CONTEXT('2D SPACE',''
  ) );
#7815 = PCURVE('',#7614,#7816);
#7816 = DEFINITIONAL_REPRESENTATION('',(#7817),#7821);
#7817 = B_SPLINE_CURVE_WITH_KNOTS('',2,(#7818,#7819,#7820),
  .UNSPECIFIED.,.F.,.F.,(3,3),(0.,1.),.PIECEWISE_BEZIER_KNOTS.);
#7818 = CARTESIAN_POINT('',(2.2119140625,3.30810546875));
#7819 = CARTESIAN_POINT('',(2.51220703125,3.0224609375));
#7820 = CARTESIAN_POINT('',(2.51220703125,2.60009765625));
#7821 = ( GEOMETRIC_REPRESENTATION_CONTEXT(2) 
PARAMETRIC_REPRESENTATION_CONTEXT() REPRESENTATION_CONTEXT('2D SPACE',''
  ) );
#7822 = ORIENTED_EDGE('',*,*,#7730,.F.);
#7823 = ORIENTED_EDGE('',*,*,#3243,.F.);
#7824 = ADVANCED_FACE('',(#7825),#3229,.T.);
#7825 = FACE_BOUND('',#7826,.T.);
#7826 = EDGE_LOOP('',(#7827,#7850,#7871,#7872));
#7827 = ORIENTED_EDGE('',*,*,#7828,.T.);
#7828 = EDGE_CURVE('',#3184,#7829,#7831,.T.);
#7829 = VERTEX_POINT('',#7830);
#7830 = CARTESIAN_POINT('',(9.765625E-03,-7.129861328125,2.35));
#7831 = SURFACE_CURVE('',#7832,(#7836,#7843),.PCURVE_S1.);
#7832 = LINE('',#7833,#7834);
#7833 = CARTESIAN_POINT('',(9.765625E-03,-7.129861328125,2.));
#7834 = VECTOR('',#7835,1.);
#7835 = DIRECTION('',(0.,0.,1.));
#7836 = PCURVE('',#3229,#7837);
#7837 = DEFINITIONAL_REPRESENTATION('',(#7838),#7842);
#7838 = LINE('',#7839,#7840);
#7839 = CARTESIAN_POINT('',(0.,0.));
#7840 = VECTOR('',#7841,1.);
#7841 = DIRECTION('',(0.,-1.));
#7842 = ( GEOMETRIC_REPRESENTATION_CONTEXT(2) 
PARAMETRIC_REPRESENTATION_CONTEXT() REPRESENTATION_CONTEXT('2D SPACE',''
  ) );
#7843 = PCURVE('',#3199,#7844);
#7844 = DEFINITIONAL_REPRESENTATION('',(#7845),#7849);
#7845 = LINE('',#7846,#7847);
#7846 = CARTESIAN_POINT('',(1.,0.));
#7847 = VECTOR('',#7848,1.);
#7848 = DIRECTION('',(0.,-1.));
#7849 = ( GEOMETRIC_REPRESENTATION_CONTEXT(2) 
PARAMETRIC_REPRESENTATION_CONTEXT() REPRESENTATION_CONTEXT('2D SPACE',''
  ) );
#7850 = ORIENTED_EDGE('',*,*,#7851,.T.);
#7851 = EDGE_CURVE('',#7829,#7780,#7852,.T.);
#7852 = SURFACE_CURVE('',#7853,(#7857,#7864),.PCURVE_S1.);
#7853 = B_SPLINE_CURVE_WITH_KNOTS('',2,(#7854,#7855,#7856),
  .UNSPECIFIED.,.F.,.F.,(3,3),(0.,1.),.PIECEWISE_BEZIER_KNOTS.);
#7854 = CARTESIAN_POINT('',(9.765625E-03,-7.129861328125,2.35));
#7855 = CARTESIAN_POINT('',(0.52490234375,-7.129861328125,2.35));
#7856 = CARTESIAN_POINT('',(0.8251953125,-7.415505859375,2.35));
#7857 = PCURVE('',#3229,#7858);
#7858 = DEFINITIONAL_REPRESENTATION('',(#7859),#7863);
#7859 = LINE('',#7860,#7861);
#7860 = CARTESIAN_POINT('',(0.,-0.35));
#7861 = VECTOR('',#7862,1.);
#7862 = DIRECTION('',(1.,0.));
#7863 = ( GEOMETRIC_REPRESENTATION_CONTEXT(2) 
PARAMETRIC_REPRESENTATION_CONTEXT() REPRESENTATION_CONTEXT('2D SPACE',''
  ) );
#7864 = PCURVE('',#7614,#7865);
#7865 = DEFINITIONAL_REPRESENTATION('',(#7866),#7870);
#7866 = B_SPLINE_CURVE_WITH_KNOTS('',2,(#7867,#7868,#7869),
  .UNSPECIFIED.,.F.,.F.,(3,3),(0.,1.),.PIECEWISE_BEZIER_KNOTS.);
#7867 = CARTESIAN_POINT('',(1.396484375,3.59375));
#7868 = CARTESIAN_POINT('',(1.91162109375,3.59375));
#7869 = CARTESIAN_POINT('',(2.2119140625,3.30810546875));
#7870 = ( GEOMETRIC_REPRESENTATION_CONTEXT(2) 
PARAMETRIC_REPRESENTATION_CONTEXT() REPRESENTATION_CONTEXT('2D SPACE',''
  ) );
#7871 = ORIENTED_EDGE('',*,*,#7779,.F.);
#7872 = ORIENTED_EDGE('',*,*,#3213,.F.);
#7873 = ADVANCED_FACE('',(#7874),#3199,.T.);
#7874 = FACE_BOUND('',#7875,.T.);
#7875 = EDGE_LOOP('',(#7876,#7899,#7920,#7921));
#7876 = ORIENTED_EDGE('',*,*,#7877,.T.);
#7877 = EDGE_CURVE('',#3154,#7878,#7880,.T.);
#7878 = VERTEX_POINT('',#7879);
#7879 = CARTESIAN_POINT('',(-0.80322265625,-7.39475390625,2.35));
#7880 = SURFACE_CURVE('',#7881,(#7885,#7892),.PCURVE_S1.);
#7881 = LINE('',#7882,#7883);
#7882 = CARTESIAN_POINT('',(-0.80322265625,-7.39475390625,2.));
#7883 = VECTOR('',#7884,1.);
#7884 = DIRECTION('',(0.,0.,1.));
#7885 = PCURVE('',#3199,#7886);
#7886 = DEFINITIONAL_REPRESENTATION('',(#7887),#7891);
#7887 = LINE('',#7888,#7889);
#7888 = CARTESIAN_POINT('',(0.,0.));
#7889 = VECTOR('',#7890,1.);
#7890 = DIRECTION('',(0.,-1.));
#7891 = ( GEOMETRIC_REPRESENTATION_CONTEXT(2) 
PARAMETRIC_REPRESENTATION_CONTEXT() REPRESENTATION_CONTEXT('2D SPACE',''
  ) );
#7892 = PCURVE('',#3169,#7893);
#7893 = DEFINITIONAL_REPRESENTATION('',(#7894),#7898);
#7894 = LINE('',#7895,#7896);
#7895 = CARTESIAN_POINT('',(1.,0.));
#7896 = VECTOR('',#7897,1.);
#7897 = DIRECTION('',(0.,-1.));
#7898 = ( GEOMETRIC_REPRESENTATION_CONTEXT(2) 
PARAMETRIC_REPRESENTATION_CONTEXT() REPRESENTATION_CONTEXT('2D SPACE',''
  ) );
#7899 = ORIENTED_EDGE('',*,*,#7900,.T.);
#7900 = EDGE_CURVE('',#7878,#7829,#7901,.T.);
#7901 = SURFACE_CURVE('',#7902,(#7906,#7913),.PCURVE_S1.);
#7902 = B_SPLINE_CURVE_WITH_KNOTS('',2,(#7903,#7904,#7905),
  .UNSPECIFIED.,.F.,.F.,(3,3),(0.,1.),.PIECEWISE_BEZIER_KNOTS.);
#7903 = CARTESIAN_POINT('',(-0.80322265625,-7.39475390625,2.35));
#7904 = CARTESIAN_POINT('',(-0.50048828125,-7.129861328125,2.35));
#7905 = CARTESIAN_POINT('',(9.765625E-03,-7.129861328125,2.35));
#7906 = PCURVE('',#3199,#7907);
#7907 = DEFINITIONAL_REPRESENTATION('',(#7908),#7912);
#7908 = LINE('',#7909,#7910);
#7909 = CARTESIAN_POINT('',(0.,-0.35));
#7910 = VECTOR('',#7911,1.);
#7911 = DIRECTION('',(1.,0.));
#7912 = ( GEOMETRIC_REPRESENTATION_CONTEXT(2) 
PARAMETRIC_REPRESENTATION_CONTEXT() REPRESENTATION_CONTEXT('2D SPACE',''
  ) );
#7913 = PCURVE('',#7614,#7914);
#7914 = DEFINITIONAL_REPRESENTATION('',(#7915),#7919);
#7915 = B_SPLINE_CURVE_WITH_KNOTS('',2,(#7916,#7917,#7918),
  .UNSPECIFIED.,.F.,.F.,(3,3),(0.,1.),.PIECEWISE_BEZIER_KNOTS.);
#7916 = CARTESIAN_POINT('',(0.58349609375,3.328857421875));
#7917 = CARTESIAN_POINT('',(0.88623046875,3.59375));
#7918 = CARTESIAN_POINT('',(1.396484375,3.59375));
#7919 = ( GEOMETRIC_REPRESENTATION_CONTEXT(2) 
PARAMETRIC_REPRESENTATION_CONTEXT() REPRESENTATION_CONTEXT('2D SPACE',''
  ) );
#7920 = ORIENTED_EDGE('',*,*,#7828,.F.);
#7921 = ORIENTED_EDGE('',*,*,#3183,.F.);
#7922 = ADVANCED_FACE('',(#7923),#3169,.T.);
#7923 = FACE_BOUND('',#7924,.T.);
#7924 = EDGE_LOOP('',(#7925,#7948,#7969,#7970));
#7925 = ORIENTED_EDGE('',*,*,#7926,.T.);
#7926 = EDGE_CURVE('',#3126,#7927,#7929,.T.);
#7927 = VERTEX_POINT('',#7928);
#7928 = CARTESIAN_POINT('',(-1.15234375,-8.165017578125,2.35));
#7929 = SURFACE_CURVE('',#7930,(#7934,#7941),.PCURVE_S1.);
#7930 = LINE('',#7931,#7932);
#7931 = CARTESIAN_POINT('',(-1.15234375,-8.165017578125,2.));
#7932 = VECTOR('',#7933,1.);
#7933 = DIRECTION('',(0.,0.,1.));
#7934 = PCURVE('',#3169,#7935);
#7935 = DEFINITIONAL_REPRESENTATION('',(#7936),#7940);
#7936 = LINE('',#7937,#7938);
#7937 = CARTESIAN_POINT('',(0.,0.));
#7938 = VECTOR('',#7939,1.);
#7939 = DIRECTION('',(0.,-1.));
#7940 = ( GEOMETRIC_REPRESENTATION_CONTEXT(2) 
PARAMETRIC_REPRESENTATION_CONTEXT() REPRESENTATION_CONTEXT('2D SPACE',''
  ) );
#7941 = PCURVE('',#3141,#7942);
#7942 = DEFINITIONAL_REPRESENTATION('',(#7943),#7947);
#7943 = LINE('',#7944,#7945);
#7944 = CARTESIAN_POINT('',(0.454035928557,0.));
#7945 = VECTOR('',#7946,1.);
#7946 = DIRECTION('',(0.,-1.));
#7947 = ( GEOMETRIC_REPRESENTATION_CONTEXT(2) 
PARAMETRIC_REPRESENTATION_CONTEXT() REPRESENTATION_CONTEXT('2D SPACE',''
  ) );
#7948 = ORIENTED_EDGE('',*,*,#7949,.T.);
#7949 = EDGE_CURVE('',#7927,#7878,#7950,.T.);
#7950 = SURFACE_CURVE('',#7951,(#7955,#7962),.PCURVE_S1.);
#7951 = B_SPLINE_CURVE_WITH_KNOTS('',2,(#7952,#7953,#7954),
  .UNSPECIFIED.,.F.,.F.,(3,3),(0.,1.),.PIECEWISE_BEZIER_KNOTS.);
#7952 = CARTESIAN_POINT('',(-1.15234375,-8.165017578125,2.35));
#7953 = CARTESIAN_POINT('',(-1.10595703125,-7.659646484375,2.35));
#7954 = CARTESIAN_POINT('',(-0.80322265625,-7.39475390625,2.35));
#7955 = PCURVE('',#3169,#7956);
#7956 = DEFINITIONAL_REPRESENTATION('',(#7957),#7961);
#7957 = LINE('',#7958,#7959);
#7958 = CARTESIAN_POINT('',(0.,-0.35));
#7959 = VECTOR('',#7960,1.);
#7960 = DIRECTION('',(1.,0.));
#7961 = ( GEOMETRIC_REPRESENTATION_CONTEXT(2) 
PARAMETRIC_REPRESENTATION_CONTEXT() REPRESENTATION_CONTEXT('2D SPACE',''
  ) );
#7962 = PCURVE('',#7614,#7963);
#7963 = DEFINITIONAL_REPRESENTATION('',(#7964),#7968);
#7964 = B_SPLINE_CURVE_WITH_KNOTS('',2,(#7965,#7966,#7967),
  .UNSPECIFIED.,.F.,.F.,(3,3),(0.,1.),.PIECEWISE_BEZIER_KNOTS.);
#7965 = CARTESIAN_POINT('',(0.234375,2.55859375));
#7966 = CARTESIAN_POINT('',(0.28076171875,3.06396484375));
#7967 = CARTESIAN_POINT('',(0.58349609375,3.328857421875));
#7968 = ( GEOMETRIC_REPRESENTATION_CONTEXT(2) 
PARAMETRIC_REPRESENTATION_CONTEXT() REPRESENTATION_CONTEXT('2D SPACE',''
  ) );
#7969 = ORIENTED_EDGE('',*,*,#7877,.F.);
#7970 = ORIENTED_EDGE('',*,*,#3153,.F.);
#7971 = ADVANCED_FACE('',(#7972),#3141,.T.);
#7972 = FACE_BOUND('',#7973,.T.);
#7973 = EDGE_LOOP('',(#7974,#7997,#8018,#8019));
#7974 = ORIENTED_EDGE('',*,*,#7975,.T.);
#7975 = EDGE_CURVE('',#3096,#7976,#7978,.T.);
#7976 = VERTEX_POINT('',#7977);
#7977 = CARTESIAN_POINT('',(-0.70068359375,-8.211404296875,2.35));
#7978 = SURFACE_CURVE('',#7979,(#7983,#7990),.PCURVE_S1.);
#7979 = LINE('',#7980,#7981);
#7980 = CARTESIAN_POINT('',(-0.70068359375,-8.211404296875,2.));
#7981 = VECTOR('',#7982,1.);
#7982 = DIRECTION('',(0.,0.,1.));
#7983 = PCURVE('',#3141,#7984);
#7984 = DEFINITIONAL_REPRESENTATION('',(#7985),#7989);
#7985 = LINE('',#7986,#7987);
#7986 = CARTESIAN_POINT('',(0.,0.));
#7987 = VECTOR('',#7988,1.);
#7988 = DIRECTION('',(0.,-1.));
#7989 = ( GEOMETRIC_REPRESENTATION_CONTEXT(2) 
PARAMETRIC_REPRESENTATION_CONTEXT() REPRESENTATION_CONTEXT('2D SPACE',''
  ) );
#7990 = PCURVE('',#3111,#7991);
#7991 = DEFINITIONAL_REPRESENTATION('',(#7992),#7996);
#7992 = LINE('',#7993,#7994);
#7993 = CARTESIAN_POINT('',(1.,0.));
#7994 = VECTOR('',#7995,1.);
#7995 = DIRECTION('',(0.,-1.));
#7996 = ( GEOMETRIC_REPRESENTATION_CONTEXT(2) 
PARAMETRIC_REPRESENTATION_CONTEXT() REPRESENTATION_CONTEXT('2D SPACE',''
  ) );
#7997 = ORIENTED_EDGE('',*,*,#7998,.T.);
#7998 = EDGE_CURVE('',#7976,#7927,#7999,.T.);
#7999 = SURFACE_CURVE('',#8000,(#8004,#8011),.PCURVE_S1.);
#8000 = LINE('',#8001,#8002);
#8001 = CARTESIAN_POINT('',(-0.70068359375,-8.211404296875,2.35));
#8002 = VECTOR('',#8003,1.);
#8003 = DIRECTION('',(-0.994767435445,0.102165304181,0.));
#8004 = PCURVE('',#3141,#8005);
#8005 = DEFINITIONAL_REPRESENTATION('',(#8006),#8010);
#8006 = LINE('',#8007,#8008);
#8007 = CARTESIAN_POINT('',(0.,-0.35));
#8008 = VECTOR('',#8009,1.);
#8009 = DIRECTION('',(1.,0.));
#8010 = ( GEOMETRIC_REPRESENTATION_CONTEXT(2) 
PARAMETRIC_REPRESENTATION_CONTEXT() REPRESENTATION_CONTEXT('2D SPACE',''
  ) );
#8011 = PCURVE('',#7614,#8012);
#8012 = DEFINITIONAL_REPRESENTATION('',(#8013),#8017);
#8013 = LINE('',#8014,#8015);
#8014 = CARTESIAN_POINT('',(0.68603515625,2.51220703125));
#8015 = VECTOR('',#8016,1.);
#8016 = DIRECTION('',(-0.994767435445,0.102165304181));
#8017 = ( GEOMETRIC_REPRESENTATION_CONTEXT(2) 
PARAMETRIC_REPRESENTATION_CONTEXT() REPRESENTATION_CONTEXT('2D SPACE',''
  ) );
#8018 = ORIENTED_EDGE('',*,*,#7926,.F.);
#8019 = ORIENTED_EDGE('',*,*,#3125,.F.);
#8020 = ADVANCED_FACE('',(#8021),#3111,.T.);
#8021 = FACE_BOUND('',#8022,.T.);
#8022 = EDGE_LOOP('',(#8023,#8046,#8067,#8068));
#8023 = ORIENTED_EDGE('',*,*,#8024,.T.);
#8024 = EDGE_CURVE('',#3066,#8025,#8027,.T.);
#8025 = VERTEX_POINT('',#8026);
#8026 = CARTESIAN_POINT('',(-0.5078125,-7.684060546875,2.35));
#8027 = SURFACE_CURVE('',#8028,(#8032,#8039),.PCURVE_S1.);
#8028 = LINE('',#8029,#8030);
#8029 = CARTESIAN_POINT('',(-0.5078125,-7.684060546875,2.));
#8030 = VECTOR('',#8031,1.);
#8031 = DIRECTION('',(0.,0.,1.));
#8032 = PCURVE('',#3111,#8033);
#8033 = DEFINITIONAL_REPRESENTATION('',(#8034),#8038);
#8034 = LINE('',#8035,#8036);
#8035 = CARTESIAN_POINT('',(0.,0.));
#8036 = VECTOR('',#8037,1.);
#8037 = DIRECTION('',(0.,-1.));
#8038 = ( GEOMETRIC_REPRESENTATION_CONTEXT(2) 
PARAMETRIC_REPRESENTATION_CONTEXT() REPRESENTATION_CONTEXT('2D SPACE',''
  ) );
#8039 = PCURVE('',#3081,#8040);
#8040 = DEFINITIONAL_REPRESENTATION('',(#8041),#8045);
#8041 = LINE('',#8042,#8043);
#8042 = CARTESIAN_POINT('',(1.,0.));
#8043 = VECTOR('',#8044,1.);
#8044 = DIRECTION('',(0.,-1.));
#8045 = ( GEOMETRIC_REPRESENTATION_CONTEXT(2) 
PARAMETRIC_REPRESENTATION_CONTEXT() REPRESENTATION_CONTEXT('2D SPACE',''
  ) );
#8046 = ORIENTED_EDGE('',*,*,#8047,.T.);
#8047 = EDGE_CURVE('',#8025,#7976,#8048,.T.);
#8048 = SURFACE_CURVE('',#8049,(#8053,#8060),.PCURVE_S1.);
#8049 = B_SPLINE_CURVE_WITH_KNOTS('',2,(#8050,#8051,#8052),
  .UNSPECIFIED.,.F.,.F.,(3,3),(0.,1.),.PIECEWISE_BEZIER_KNOTS.);
#8050 = CARTESIAN_POINT('',(-0.5078125,-7.684060546875,2.35));
#8051 = CARTESIAN_POINT('',(-0.6982421875,-7.874490234375,2.35));
#8052 = CARTESIAN_POINT('',(-0.70068359375,-8.211404296875,2.35));
#8053 = PCURVE('',#3111,#8054);
#8054 = DEFINITIONAL_REPRESENTATION('',(#8055),#8059);
#8055 = LINE('',#8056,#8057);
#8056 = CARTESIAN_POINT('',(0.,-0.35));
#8057 = VECTOR('',#8058,1.);
#8058 = DIRECTION('',(1.,0.));
#8059 = ( GEOMETRIC_REPRESENTATION_CONTEXT(2) 
PARAMETRIC_REPRESENTATION_CONTEXT() REPRESENTATION_CONTEXT('2D SPACE',''
  ) );
#8060 = PCURVE('',#7614,#8061);
#8061 = DEFINITIONAL_REPRESENTATION('',(#8062),#8066);
#8062 = B_SPLINE_CURVE_WITH_KNOTS('',2,(#8063,#8064,#8065),
  .UNSPECIFIED.,.F.,.F.,(3,3),(0.,1.),.PIECEWISE_BEZIER_KNOTS.);
#8063 = CARTESIAN_POINT('',(0.87890625,3.03955078125));
#8064 = CARTESIAN_POINT('',(0.6884765625,2.84912109375));
#8065 = CARTESIAN_POINT('',(0.68603515625,2.51220703125));
#8066 = ( GEOMETRIC_REPRESENTATION_CONTEXT(2) 
PARAMETRIC_REPRESENTATION_CONTEXT() REPRESENTATION_CONTEXT('2D SPACE',''
  ) );
#8067 = ORIENTED_EDGE('',*,*,#7975,.F.);
#8068 = ORIENTED_EDGE('',*,*,#3095,.F.);
#8069 = ADVANCED_FACE('',(#8070),#3081,.T.);
#8070 = FACE_BOUND('',#8071,.T.);
#8071 = EDGE_LOOP('',(#8072,#8095,#8116,#8117));
#8072 = ORIENTED_EDGE('',*,*,#8073,.T.);
#8073 = EDGE_CURVE('',#3036,#8074,#8076,.T.);
#8074 = VERTEX_POINT('',#8075);
#8075 = CARTESIAN_POINT('',(0.,-7.493630859375,2.35));
#8076 = SURFACE_CURVE('',#8077,(#8081,#8088),.PCURVE_S1.);
#8077 = LINE('',#8078,#8079);
#8078 = CARTESIAN_POINT('',(0.,-7.493630859375,2.));
#8079 = VECTOR('',#8080,1.);
#8080 = DIRECTION('',(0.,0.,1.));
#8081 = PCURVE('',#3081,#8082);
#8082 = DEFINITIONAL_REPRESENTATION('',(#8083),#8087);
#8083 = LINE('',#8084,#8085);
#8084 = CARTESIAN_POINT('',(0.,0.));
#8085 = VECTOR('',#8086,1.);
#8086 = DIRECTION('',(0.,-1.));
#8087 = ( GEOMETRIC_REPRESENTATION_CONTEXT(2) 
PARAMETRIC_REPRESENTATION_CONTEXT() REPRESENTATION_CONTEXT('2D SPACE',''
  ) );
#8088 = PCURVE('',#3051,#8089);
#8089 = DEFINITIONAL_REPRESENTATION('',(#8090),#8094);
#8090 = LINE('',#8091,#8092);
#8091 = CARTESIAN_POINT('',(1.,0.));
#8092 = VECTOR('',#8093,1.);
#8093 = DIRECTION('',(0.,-1.));
#8094 = ( GEOMETRIC_REPRESENTATION_CONTEXT(2) 
PARAMETRIC_REPRESENTATION_CONTEXT() REPRESENTATION_CONTEXT('2D SPACE',''
  ) );
#8095 = ORIENTED_EDGE('',*,*,#8096,.T.);
#8096 = EDGE_CURVE('',#8074,#8025,#8097,.T.);
#8097 = SURFACE_CURVE('',#8098,(#8102,#8109),.PCURVE_S1.);
#8098 = B_SPLINE_CURVE_WITH_KNOTS('',2,(#8099,#8100,#8101),
  .UNSPECIFIED.,.F.,.F.,(3,3),(0.,1.),.PIECEWISE_BEZIER_KNOTS.);
#8099 = CARTESIAN_POINT('',(0.,-7.493630859375,2.35));
#8100 = CARTESIAN_POINT('',(-0.3173828125,-7.493630859375,2.35));
#8101 = CARTESIAN_POINT('',(-0.5078125,-7.684060546875,2.35));
#8102 = PCURVE('',#3081,#8103);
#8103 = DEFINITIONAL_REPRESENTATION('',(#8104),#8108);
#8104 = LINE('',#8105,#8106);
#8105 = CARTESIAN_POINT('',(0.,-0.35));
#8106 = VECTOR('',#8107,1.);
#8107 = DIRECTION('',(1.,0.));
#8108 = ( GEOMETRIC_REPRESENTATION_CONTEXT(2) 
PARAMETRIC_REPRESENTATION_CONTEXT() REPRESENTATION_CONTEXT('2D SPACE',''
  ) );
#8109 = PCURVE('',#7614,#8110);
#8110 = DEFINITIONAL_REPRESENTATION('',(#8111),#8115);
#8111 = B_SPLINE_CURVE_WITH_KNOTS('',2,(#8112,#8113,#8114),
  .UNSPECIFIED.,.F.,.F.,(3,3),(0.,1.),.PIECEWISE_BEZIER_KNOTS.);
#8112 = CARTESIAN_POINT('',(1.38671875,3.22998046875));
#8113 = CARTESIAN_POINT('',(1.0693359375,3.22998046875));
#8114 = CARTESIAN_POINT('',(0.87890625,3.03955078125));
#8115 = ( GEOMETRIC_REPRESENTATION_CONTEXT(2) 
PARAMETRIC_REPRESENTATION_CONTEXT() REPRESENTATION_CONTEXT('2D SPACE',''
  ) );
#8116 = ORIENTED_EDGE('',*,*,#8024,.F.);
#8117 = ORIENTED_EDGE('',*,*,#3065,.F.);
#8118 = ADVANCED_FACE('',(#8119),#3051,.T.);
#8119 = FACE_BOUND('',#8120,.T.);
#8120 = EDGE_LOOP('',(#8121,#8144,#8165,#8166));
#8121 = ORIENTED_EDGE('',*,*,#8122,.T.);
#8122 = EDGE_CURVE('',#3006,#8123,#8125,.T.);
#8123 = VERTEX_POINT('',#8124);
#8124 = CARTESIAN_POINT('',(0.487060546875,-7.67307421875,2.35));
#8125 = SURFACE_CURVE('',#8126,(#8130,#8137),.PCURVE_S1.);
#8126 = LINE('',#8127,#8128);
#8127 = CARTESIAN_POINT('',(0.487060546875,-7.67307421875,2.));
#8128 = VECTOR('',#8129,1.);
#8129 = DIRECTION('',(0.,0.,1.));
#8130 = PCURVE('',#3051,#8131);
#8131 = DEFINITIONAL_REPRESENTATION('',(#8132),#8136);
#8132 = LINE('',#8133,#8134);
#8133 = CARTESIAN_POINT('',(0.,0.));
#8134 = VECTOR('',#8135,1.);
#8135 = DIRECTION('',(0.,-1.));
#8136 = ( GEOMETRIC_REPRESENTATION_CONTEXT(2) 
PARAMETRIC_REPRESENTATION_CONTEXT() REPRESENTATION_CONTEXT('2D SPACE',''
  ) );
#8137 = PCURVE('',#3021,#8138);
#8138 = DEFINITIONAL_REPRESENTATION('',(#8139),#8143);
#8139 = LINE('',#8140,#8141);
#8140 = CARTESIAN_POINT('',(1.,0.));
#8141 = VECTOR('',#8142,1.);
#8142 = DIRECTION('',(0.,-1.));
#8143 = ( GEOMETRIC_REPRESENTATION_CONTEXT(2) 
PARAMETRIC_REPRESENTATION_CONTEXT() REPRESENTATION_CONTEXT('2D SPACE',''
  ) );
#8144 = ORIENTED_EDGE('',*,*,#8145,.T.);
#8145 = EDGE_CURVE('',#8123,#8074,#8146,.T.);
#8146 = SURFACE_CURVE('',#8147,(#8151,#8158),.PCURVE_S1.);
#8147 = B_SPLINE_CURVE_WITH_KNOTS('',2,(#8148,#8149,#8150),
  .UNSPECIFIED.,.F.,.F.,(3,3),(0.,1.),.PIECEWISE_BEZIER_KNOTS.);
#8148 = CARTESIAN_POINT('',(0.487060546875,-7.67307421875,2.35));
#8149 = CARTESIAN_POINT('',(0.30029296875,-7.493630859375,2.35));
#8150 = CARTESIAN_POINT('',(0.,-7.493630859375,2.35));
#8151 = PCURVE('',#3051,#8152);
#8152 = DEFINITIONAL_REPRESENTATION('',(#8153),#8157);
#8153 = LINE('',#8154,#8155);
#8154 = CARTESIAN_POINT('',(0.,-0.35));
#8155 = VECTOR('',#8156,1.);
#8156 = DIRECTION('',(1.,0.));
#8157 = ( GEOMETRIC_REPRESENTATION_CONTEXT(2) 
PARAMETRIC_REPRESENTATION_CONTEXT() REPRESENTATION_CONTEXT('2D SPACE',''
  ) );
#8158 = PCURVE('',#7614,#8159);
#8159 = DEFINITIONAL_REPRESENTATION('',(#8160),#8164);
#8160 = B_SPLINE_CURVE_WITH_KNOTS('',2,(#8161,#8162,#8163),
  .UNSPECIFIED.,.F.,.F.,(3,3),(0.,1.),.PIECEWISE_BEZIER_KNOTS.);
#8161 = CARTESIAN_POINT('',(1.873779296875,3.050537109375));
#8162 = CARTESIAN_POINT('',(1.68701171875,3.22998046875));
#8163 = CARTESIAN_POINT('',(1.38671875,3.22998046875));
#8164 = ( GEOMETRIC_REPRESENTATION_CONTEXT(2) 
PARAMETRIC_REPRESENTATION_CONTEXT() REPRESENTATION_CONTEXT('2D SPACE',''
  ) );
#8165 = ORIENTED_EDGE('',*,*,#8073,.F.);
#8166 = ORIENTED_EDGE('',*,*,#3035,.F.);
#8167 = ADVANCED_FACE('',(#8168),#3021,.T.);
#8168 = FACE_BOUND('',#8169,.T.);
#8169 = EDGE_LOOP('',(#8170,#8193,#8214,#8215));
#8170 = ORIENTED_EDGE('',*,*,#8171,.T.);
#8171 = EDGE_CURVE('',#2976,#8172,#8174,.T.);
#8172 = VERTEX_POINT('',#8173);
#8173 = CARTESIAN_POINT('',(0.673828125,-8.113748046875,2.35));
#8174 = SURFACE_CURVE('',#8175,(#8179,#8186),.PCURVE_S1.);
#8175 = LINE('',#8176,#8177);
#8176 = CARTESIAN_POINT('',(0.673828125,-8.113748046875,2.));
#8177 = VECTOR('',#8178,1.);
#8178 = DIRECTION('',(0.,0.,1.));
#8179 = PCURVE('',#3021,#8180);
#8180 = DEFINITIONAL_REPRESENTATION('',(#8181),#8185);
#8181 = LINE('',#8182,#8183);
#8182 = CARTESIAN_POINT('',(0.,0.));
#8183 = VECTOR('',#8184,1.);
#8184 = DIRECTION('',(0.,-1.));
#8185 = ( GEOMETRIC_REPRESENTATION_CONTEXT(2) 
PARAMETRIC_REPRESENTATION_CONTEXT() REPRESENTATION_CONTEXT('2D SPACE',''
  ) );
#8186 = PCURVE('',#2991,#8187);
#8187 = DEFINITIONAL_REPRESENTATION('',(#8188),#8192);
#8188 = LINE('',#8189,#8190);
#8189 = CARTESIAN_POINT('',(1.,0.));
#8190 = VECTOR('',#8191,1.);
#8191 = DIRECTION('',(0.,-1.));
#8192 = ( GEOMETRIC_REPRESENTATION_CONTEXT(2) 
PARAMETRIC_REPRESENTATION_CONTEXT() REPRESENTATION_CONTEXT('2D SPACE',''
  ) );
#8193 = ORIENTED_EDGE('',*,*,#8194,.T.);
#8194 = EDGE_CURVE('',#8172,#8123,#8195,.T.);
#8195 = SURFACE_CURVE('',#8196,(#8200,#8207),.PCURVE_S1.);
#8196 = B_SPLINE_CURVE_WITH_KNOTS('',2,(#8197,#8198,#8199),
  .UNSPECIFIED.,.F.,.F.,(3,3),(0.,1.),.PIECEWISE_BEZIER_KNOTS.);
#8197 = CARTESIAN_POINT('',(0.673828125,-8.113748046875,2.35));
#8198 = CARTESIAN_POINT('',(0.673828125,-7.852517578125,2.35));
#8199 = CARTESIAN_POINT('',(0.487060546875,-7.67307421875,2.35));
#8200 = PCURVE('',#3021,#8201);
#8201 = DEFINITIONAL_REPRESENTATION('',(#8202),#8206);
#8202 = LINE('',#8203,#8204);
#8203 = CARTESIAN_POINT('',(0.,-0.35));
#8204 = VECTOR('',#8205,1.);
#8205 = DIRECTION('',(1.,0.));
#8206 = ( GEOMETRIC_REPRESENTATION_CONTEXT(2) 
PARAMETRIC_REPRESENTATION_CONTEXT() REPRESENTATION_CONTEXT('2D SPACE',''
  ) );
#8207 = PCURVE('',#7614,#8208);
#8208 = DEFINITIONAL_REPRESENTATION('',(#8209),#8213);
#8209 = B_SPLINE_CURVE_WITH_KNOTS('',2,(#8210,#8211,#8212),
  .UNSPECIFIED.,.F.,.F.,(3,3),(0.,1.),.PIECEWISE_BEZIER_KNOTS.);
#8210 = CARTESIAN_POINT('',(2.060546875,2.60986328125));
#8211 = CARTESIAN_POINT('',(2.060546875,2.87109375));
#8212 = CARTESIAN_POINT('',(1.873779296875,3.050537109375));
#8213 = ( GEOMETRIC_REPRESENTATION_CONTEXT(2) 
PARAMETRIC_REPRESENTATION_CONTEXT() REPRESENTATION_CONTEXT('2D SPACE',''
  ) );
#8214 = ORIENTED_EDGE('',*,*,#8122,.F.);
#8215 = ORIENTED_EDGE('',*,*,#3005,.F.);
#8216 = ADVANCED_FACE('',(#8217),#2991,.T.);
#8217 = FACE_BOUND('',#8218,.T.);
#8218 = EDGE_LOOP('',(#8219,#8242,#8263,#8264));
#8219 = ORIENTED_EDGE('',*,*,#8220,.T.);
#8220 = EDGE_CURVE('',#2946,#8221,#8223,.T.);
#8221 = VERTEX_POINT('',#8222);
#8222 = CARTESIAN_POINT('',(0.46875,-8.6423125,2.35));
#8223 = SURFACE_CURVE('',#8224,(#8228,#8235),.PCURVE_S1.);
#8224 = LINE('',#8225,#8226);
#8225 = CARTESIAN_POINT('',(0.46875,-8.6423125,2.));
#8226 = VECTOR('',#8227,1.);
#8227 = DIRECTION('',(0.,0.,1.));
#8228 = PCURVE('',#2991,#8229);
#8229 = DEFINITIONAL_REPRESENTATION('',(#8230),#8234);
#8230 = LINE('',#8231,#8232);
#8231 = CARTESIAN_POINT('',(0.,0.));
#8232 = VECTOR('',#8233,1.);
#8233 = DIRECTION('',(0.,-1.));
#8234 = ( GEOMETRIC_REPRESENTATION_CONTEXT(2) 
PARAMETRIC_REPRESENTATION_CONTEXT() REPRESENTATION_CONTEXT('2D SPACE',''
  ) );
#8235 = PCURVE('',#2961,#8236);
#8236 = DEFINITIONAL_REPRESENTATION('',(#8237),#8241);
#8237 = LINE('',#8238,#8239);
#8238 = CARTESIAN_POINT('',(1.,0.));
#8239 = VECTOR('',#8240,1.);
#8240 = DIRECTION('',(0.,-1.));
#8241 = ( GEOMETRIC_REPRESENTATION_CONTEXT(2) 
PARAMETRIC_REPRESENTATION_CONTEXT() REPRESENTATION_CONTEXT('2D SPACE',''
  ) );
#8242 = ORIENTED_EDGE('',*,*,#8243,.T.);
#8243 = EDGE_CURVE('',#8221,#8172,#8244,.T.);
#8244 = SURFACE_CURVE('',#8245,(#8249,#8256),.PCURVE_S1.);
#8245 = B_SPLINE_CURVE_WITH_KNOTS('',2,(#8246,#8247,#8248),
  .UNSPECIFIED.,.F.,.F.,(3,3),(0.,1.),.PIECEWISE_BEZIER_KNOTS.);
#8246 = CARTESIAN_POINT('',(0.46875,-8.6423125,2.35));
#8247 = CARTESIAN_POINT('',(0.673828125,-8.362771484375,2.35));
#8248 = CARTESIAN_POINT('',(0.673828125,-8.113748046875,2.35));
#8249 = PCURVE('',#2991,#8250);
#8250 = DEFINITIONAL_REPRESENTATION('',(#8251),#8255);
#8251 = LINE('',#8252,#8253);
#8252 = CARTESIAN_POINT('',(0.,-0.35));
#8253 = VECTOR('',#8254,1.);
#8254 = DIRECTION('',(1.,0.));
#8255 = ( GEOMETRIC_REPRESENTATION_CONTEXT(2) 
PARAMETRIC_REPRESENTATION_CONTEXT() REPRESENTATION_CONTEXT('2D SPACE',''
  ) );
#8256 = PCURVE('',#7614,#8257);
#8257 = DEFINITIONAL_REPRESENTATION('',(#8258),#8262);
#8258 = B_SPLINE_CURVE_WITH_KNOTS('',2,(#8259,#8260,#8261),
  .UNSPECIFIED.,.F.,.F.,(3,3),(0.,1.),.PIECEWISE_BEZIER_KNOTS.);
#8259 = CARTESIAN_POINT('',(1.85546875,2.081298828125));
#8260 = CARTESIAN_POINT('',(2.060546875,2.36083984375));
#8261 = CARTESIAN_POINT('',(2.060546875,2.60986328125));
#8262 = ( GEOMETRIC_REPRESENTATION_CONTEXT(2) 
PARAMETRIC_REPRESENTATION_CONTEXT() REPRESENTATION_CONTEXT('2D SPACE',''
  ) );
#8263 = ORIENTED_EDGE('',*,*,#8171,.F.);
#8264 = ORIENTED_EDGE('',*,*,#2975,.F.);
#8265 = ADVANCED_FACE('',(#8266),#2961,.T.);
#8266 = FACE_BOUND('',#8267,.T.);
#8267 = EDGE_LOOP('',(#8268,#8300,#8321,#8322,#8323));
#8268 = ORIENTED_EDGE('',*,*,#8269,.T.);
#8269 = EDGE_CURVE('',#8270,#8272,#8274,.T.);
#8270 = VERTEX_POINT('',#8271);
#8271 = CARTESIAN_POINT('',(-0.31982421875,-9.400369140625,2.));
#8272 = VERTEX_POINT('',#8273);
#8273 = CARTESIAN_POINT('',(-0.31982421875,-9.400369140625,2.35));
#8274 = SURFACE_CURVE('',#8275,(#8279,#8286),.PCURVE_S1.);
#8275 = LINE('',#8276,#8277);
#8276 = CARTESIAN_POINT('',(-0.31982421875,-9.400369140625,2.));
#8277 = VECTOR('',#8278,1.);
#8278 = DIRECTION('',(0.,0.,1.));
#8279 = PCURVE('',#2961,#8280);
#8280 = DEFINITIONAL_REPRESENTATION('',(#8281),#8285);
#8281 = LINE('',#8282,#8283);
#8282 = CARTESIAN_POINT('',(0.,0.));
#8283 = VECTOR('',#8284,1.);
#8284 = DIRECTION('',(0.,-1.));
#8285 = ( GEOMETRIC_REPRESENTATION_CONTEXT(2) 
PARAMETRIC_REPRESENTATION_CONTEXT() REPRESENTATION_CONTEXT('2D SPACE',''
  ) );
#8286 = PCURVE('',#8287,#8294);
#8287 = SURFACE_OF_LINEAR_EXTRUSION('',#8288,#8292);
#8288 = B_SPLINE_CURVE_WITH_KNOTS('',2,(#8289,#8290,#8291),
  .UNSPECIFIED.,.F.,.F.,(3,3),(0.,1.),.PIECEWISE_BEZIER_KNOTS.);
#8289 = CARTESIAN_POINT('',(-0.894775390625,-9.942361328125,2.));
#8290 = CARTESIAN_POINT('',(-0.69580078125,-9.707986328125,2.));
#8291 = CARTESIAN_POINT('',(-0.31982421875,-9.400369140625,2.));
#8292 = VECTOR('',#8293,1.);
#8293 = DIRECTION('',(-0.,-0.,-1.));
#8294 = DEFINITIONAL_REPRESENTATION('',(#8295),#8299);
#8295 = LINE('',#8296,#8297);
#8296 = CARTESIAN_POINT('',(1.,0.));
#8297 = VECTOR('',#8298,1.);
#8298 = DIRECTION('',(0.,-1.));
#8299 = ( GEOMETRIC_REPRESENTATION_CONTEXT(2) 
PARAMETRIC_REPRESENTATION_CONTEXT() REPRESENTATION_CONTEXT('2D SPACE',''
  ) );
#8300 = ORIENTED_EDGE('',*,*,#8301,.T.);
#8301 = EDGE_CURVE('',#8272,#8221,#8302,.T.);
#8302 = SURFACE_CURVE('',#8303,(#8307,#8314),.PCURVE_S1.);
#8303 = B_SPLINE_CURVE_WITH_KNOTS('',2,(#8304,#8305,#8306),
  .UNSPECIFIED.,.F.,.F.,(3,3),(0.,1.),.PIECEWISE_BEZIER_KNOTS.);
#8304 = CARTESIAN_POINT('',(-0.31982421875,-9.400369140625,2.35));
#8305 = CARTESIAN_POINT('',(0.263671875,-8.921853515625,2.35));
#8306 = CARTESIAN_POINT('',(0.46875,-8.6423125,2.35));
#8307 = PCURVE('',#2961,#8308);
#8308 = DEFINITIONAL_REPRESENTATION('',(#8309),#8313);
#8309 = LINE('',#8310,#8311);
#8310 = CARTESIAN_POINT('',(0.,-0.35));
#8311 = VECTOR('',#8312,1.);
#8312 = DIRECTION('',(1.,0.));
#8313 = ( GEOMETRIC_REPRESENTATION_CONTEXT(2) 
PARAMETRIC_REPRESENTATION_CONTEXT() REPRESENTATION_CONTEXT('2D SPACE',''
  ) );
#8314 = PCURVE('',#7614,#8315);
#8315 = DEFINITIONAL_REPRESENTATION('',(#8316),#8320);
#8316 = B_SPLINE_CURVE_WITH_KNOTS('',2,(#8317,#8318,#8319),
  .UNSPECIFIED.,.F.,.F.,(3,3),(0.,1.),.PIECEWISE_BEZIER_KNOTS.);
#8317 = CARTESIAN_POINT('',(1.06689453125,1.3232421875));
#8318 = CARTESIAN_POINT('',(1.650390625,1.8017578125));
#8319 = CARTESIAN_POINT('',(1.85546875,2.081298828125));
#8320 = ( GEOMETRIC_REPRESENTATION_CONTEXT(2) 
PARAMETRIC_REPRESENTATION_CONTEXT() REPRESENTATION_CONTEXT('2D SPACE',''
  ) );
#8321 = ORIENTED_EDGE('',*,*,#8220,.F.);
#8322 = ORIENTED_EDGE('',*,*,#2945,.F.);
#8323 = ORIENTED_EDGE('',*,*,#8324,.F.);
#8324 = EDGE_CURVE('',#8270,#2925,#8325,.T.);
#8325 = SURFACE_CURVE('',#8326,(#8330,#8337),.PCURVE_S1.);
#8326 = B_SPLINE_CURVE_WITH_KNOTS('',2,(#8327,#8328,#8329),
  .UNSPECIFIED.,.F.,.F.,(3,3),(0.,1.),.PIECEWISE_BEZIER_KNOTS.);
#8327 = CARTESIAN_POINT('',(-0.31982421875,-9.400369140625,2.));
#8328 = CARTESIAN_POINT('',(0.263671875,-8.921853515625,2.));
#8329 = CARTESIAN_POINT('',(0.46875,-8.6423125,2.));
#8330 = PCURVE('',#2961,#8331);
#8331 = DEFINITIONAL_REPRESENTATION('',(#8332),#8336);
#8332 = LINE('',#8333,#8334);
#8333 = CARTESIAN_POINT('',(0.,0.));
#8334 = VECTOR('',#8335,1.);
#8335 = DIRECTION('',(1.,0.));
#8336 = ( GEOMETRIC_REPRESENTATION_CONTEXT(2) 
PARAMETRIC_REPRESENTATION_CONTEXT() REPRESENTATION_CONTEXT('2D SPACE',''
  ) );
#8337 = PCURVE('',#6676,#8338);
#8338 = DEFINITIONAL_REPRESENTATION('',(#8339),#8343);
#8339 = B_SPLINE_CURVE_WITH_KNOTS('',2,(#8340,#8341,#8342),
  .UNSPECIFIED.,.F.,.F.,(3,3),(0.,1.),.PIECEWISE_BEZIER_KNOTS.);
#8340 = CARTESIAN_POINT('',(1.06689453125,1.3232421875));
#8341 = CARTESIAN_POINT('',(1.650390625,1.8017578125));
#8342 = CARTESIAN_POINT('',(1.85546875,2.081298828125));
#8343 = ( GEOMETRIC_REPRESENTATION_CONTEXT(2) 
PARAMETRIC_REPRESENTATION_CONTEXT() REPRESENTATION_CONTEXT('2D SPACE',''
  ) );
#8344 = ADVANCED_FACE('',(#8345),#2910,.T.);
#8345 = FACE_BOUND('',#8346,.T.);
#8346 = EDGE_LOOP('',(#8347,#8370,#8398,#8428,#8449));
#8347 = ORIENTED_EDGE('',*,*,#8348,.T.);
#8348 = EDGE_CURVE('',#2865,#8349,#8351,.T.);
#8349 = VERTEX_POINT('',#8350);
#8350 = CARTESIAN_POINT('',(-2.28271484375,-8.785134765625,2.35));
#8351 = SURFACE_CURVE('',#8352,(#8356,#8363),.PCURVE_S1.);
#8352 = LINE('',#8353,#8354);
#8353 = CARTESIAN_POINT('',(-2.28271484375,-8.785134765625,2.));
#8354 = VECTOR('',#8355,1.);
#8355 = DIRECTION('',(0.,0.,1.));
#8356 = PCURVE('',#2910,#8357);
#8357 = DEFINITIONAL_REPRESENTATION('',(#8358),#8362);
#8358 = LINE('',#8359,#8360);
#8359 = CARTESIAN_POINT('',(0.,0.));
#8360 = VECTOR('',#8361,1.);
#8361 = DIRECTION('',(0.,-1.));
#8362 = ( GEOMETRIC_REPRESENTATION_CONTEXT(2) 
PARAMETRIC_REPRESENTATION_CONTEXT() REPRESENTATION_CONTEXT('2D SPACE',''
  ) );
#8363 = PCURVE('',#2880,#8364);
#8364 = DEFINITIONAL_REPRESENTATION('',(#8365),#8369);
#8365 = LINE('',#8366,#8367);
#8366 = CARTESIAN_POINT('',(1.,0.));
#8367 = VECTOR('',#8368,1.);
#8368 = DIRECTION('',(0.,-1.));
#8369 = ( GEOMETRIC_REPRESENTATION_CONTEXT(2) 
PARAMETRIC_REPRESENTATION_CONTEXT() REPRESENTATION_CONTEXT('2D SPACE',''
  ) );
#8370 = ORIENTED_EDGE('',*,*,#8371,.T.);
#8371 = EDGE_CURVE('',#8349,#8372,#8374,.T.);
#8372 = VERTEX_POINT('',#8373);
#8373 = CARTESIAN_POINT('',(-1.78955078125,-9.08908984375,2.35));
#8374 = SURFACE_CURVE('',#8375,(#8379,#8386),.PCURVE_S1.);
#8375 = B_SPLINE_CURVE_WITH_KNOTS('',2,(#8376,#8377,#8378),
  .UNSPECIFIED.,.F.,.F.,(3,3),(0.,1.),.PIECEWISE_BEZIER_KNOTS.);
#8376 = CARTESIAN_POINT('',(-2.28271484375,-8.785134765625,2.35));
#8377 = CARTESIAN_POINT('',(-1.96533203125,-8.858376953125,2.35));
#8378 = CARTESIAN_POINT('',(-1.78955078125,-9.08908984375,2.35));
#8379 = PCURVE('',#2910,#8380);
#8380 = DEFINITIONAL_REPRESENTATION('',(#8381),#8385);
#8381 = LINE('',#8382,#8383);
#8382 = CARTESIAN_POINT('',(0.,-0.35));
#8383 = VECTOR('',#8384,1.);
#8384 = DIRECTION('',(1.,0.));
#8385 = ( GEOMETRIC_REPRESENTATION_CONTEXT(2) 
PARAMETRIC_REPRESENTATION_CONTEXT() REPRESENTATION_CONTEXT('2D SPACE',''
  ) );
#8386 = PCURVE('',#8387,#8392);
#8387 = PLANE('',#8388);
#8388 = AXIS2_PLACEMENT_3D('',#8389,#8390,#8391);
#8389 = CARTESIAN_POINT('',(-4.16748046875,-10.72361132812,2.35));
#8390 = DIRECTION('',(0.,0.,1.));
#8391 = DIRECTION('',(1.,0.,0.));
#8392 = DEFINITIONAL_REPRESENTATION('',(#8393),#8397);
#8393 = B_SPLINE_CURVE_WITH_KNOTS('',2,(#8394,#8395,#8396),
  .UNSPECIFIED.,.F.,.F.,(3,3),(0.,1.),.PIECEWISE_BEZIER_KNOTS.);
#8394 = CARTESIAN_POINT('',(1.884765625,1.9384765625));
#8395 = CARTESIAN_POINT('',(2.2021484375,1.865234375));
#8396 = CARTESIAN_POINT('',(2.3779296875,1.634521484375));
#8397 = ( GEOMETRIC_REPRESENTATION_CONTEXT(2) 
PARAMETRIC_REPRESENTATION_CONTEXT() REPRESENTATION_CONTEXT('2D SPACE',''
  ) );
#8398 = ORIENTED_EDGE('',*,*,#8399,.F.);
#8399 = EDGE_CURVE('',#8400,#8372,#8402,.T.);
#8400 = VERTEX_POINT('',#8401);
#8401 = CARTESIAN_POINT('',(-1.78955078125,-9.08908984375,2.));
#8402 = SURFACE_CURVE('',#8403,(#8407,#8414),.PCURVE_S1.);
#8403 = LINE('',#8404,#8405);
#8404 = CARTESIAN_POINT('',(-1.78955078125,-9.08908984375,2.));
#8405 = VECTOR('',#8406,1.);
#8406 = DIRECTION('',(0.,0.,1.));
#8407 = PCURVE('',#2910,#8408);
#8408 = DEFINITIONAL_REPRESENTATION('',(#8409),#8413);
#8409 = LINE('',#8410,#8411);
#8410 = CARTESIAN_POINT('',(1.,0.));
#8411 = VECTOR('',#8412,1.);
#8412 = DIRECTION('',(0.,-1.));
#8413 = ( GEOMETRIC_REPRESENTATION_CONTEXT(2) 
PARAMETRIC_REPRESENTATION_CONTEXT() REPRESENTATION_CONTEXT('2D SPACE',''
  ) );
#8414 = PCURVE('',#8415,#8422);
#8415 = SURFACE_OF_LINEAR_EXTRUSION('',#8416,#8420);
#8416 = B_SPLINE_CURVE_WITH_KNOTS('',2,(#8417,#8418,#8419),
  .UNSPECIFIED.,.F.,.F.,(3,3),(0.,1.),.PIECEWISE_BEZIER_KNOTS.);
#8417 = CARTESIAN_POINT('',(-1.78955078125,-9.08908984375,2.));
#8418 = CARTESIAN_POINT('',(-1.61376953125,-9.319802734375,2.));
#8419 = CARTESIAN_POINT('',(-1.61376953125,-9.666482421875,2.));
#8420 = VECTOR('',#8421,1.);
#8421 = DIRECTION('',(-0.,-0.,-1.));
#8422 = DEFINITIONAL_REPRESENTATION('',(#8423),#8427);
#8423 = LINE('',#8424,#8425);
#8424 = CARTESIAN_POINT('',(0.,0.));
#8425 = VECTOR('',#8426,1.);
#8426 = DIRECTION('',(0.,-1.));
#8427 = ( GEOMETRIC_REPRESENTATION_CONTEXT(2) 
PARAMETRIC_REPRESENTATION_CONTEXT() REPRESENTATION_CONTEXT('2D SPACE',''
  ) );
#8428 = ORIENTED_EDGE('',*,*,#8429,.F.);
#8429 = EDGE_CURVE('',#2895,#8400,#8430,.T.);
#8430 = SURFACE_CURVE('',#8431,(#8435,#8442),.PCURVE_S1.);
#8431 = B_SPLINE_CURVE_WITH_KNOTS('',2,(#8432,#8433,#8434),
  .UNSPECIFIED.,.F.,.F.,(3,3),(0.,1.),.PIECEWISE_BEZIER_KNOTS.);
#8432 = CARTESIAN_POINT('',(-2.28271484375,-8.785134765625,2.));
#8433 = CARTESIAN_POINT('',(-1.96533203125,-8.858376953125,2.));
#8434 = CARTESIAN_POINT('',(-1.78955078125,-9.08908984375,2.));
#8435 = PCURVE('',#2910,#8436);
#8436 = DEFINITIONAL_REPRESENTATION('',(#8437),#8441);
#8437 = LINE('',#8438,#8439);
#8438 = CARTESIAN_POINT('',(0.,0.));
#8439 = VECTOR('',#8440,1.);
#8440 = DIRECTION('',(1.,0.));
#8441 = ( GEOMETRIC_REPRESENTATION_CONTEXT(2) 
PARAMETRIC_REPRESENTATION_CONTEXT() REPRESENTATION_CONTEXT('2D SPACE',''
  ) );
#8442 = PCURVE('',#6704,#8443);
#8443 = DEFINITIONAL_REPRESENTATION('',(#8444),#8448);
#8444 = B_SPLINE_CURVE_WITH_KNOTS('',2,(#8445,#8446,#8447),
  .UNSPECIFIED.,.F.,.F.,(3,3),(0.,1.),.PIECEWISE_BEZIER_KNOTS.);
#8445 = CARTESIAN_POINT('',(1.884765625,1.9384765625));
#8446 = CARTESIAN_POINT('',(2.2021484375,1.865234375));
#8447 = CARTESIAN_POINT('',(2.3779296875,1.634521484375));
#8448 = ( GEOMETRIC_REPRESENTATION_CONTEXT(2) 
PARAMETRIC_REPRESENTATION_CONTEXT() REPRESENTATION_CONTEXT('2D SPACE',''
  ) );
#8449 = ORIENTED_EDGE('',*,*,#2894,.F.);
#8450 = ADVANCED_FACE('',(#8451),#2880,.T.);
#8451 = FACE_BOUND('',#8452,.T.);
#8452 = EDGE_LOOP('',(#8453,#8476,#8497,#8498));
#8453 = ORIENTED_EDGE('',*,*,#8454,.T.);
#8454 = EDGE_CURVE('',#2835,#8455,#8457,.T.);
#8455 = VERTEX_POINT('',#8456);
#8456 = CARTESIAN_POINT('',(-1.9140625,-8.482400390625,2.35));
#8457 = SURFACE_CURVE('',#8458,(#8462,#8469),.PCURVE_S1.);
#8458 = LINE('',#8459,#8460);
#8459 = CARTESIAN_POINT('',(-1.9140625,-8.482400390625,2.));
#8460 = VECTOR('',#8461,1.);
#8461 = DIRECTION('',(0.,0.,1.));
#8462 = PCURVE('',#2880,#8463);
#8463 = DEFINITIONAL_REPRESENTATION('',(#8464),#8468);
#8464 = LINE('',#8465,#8466);
#8465 = CARTESIAN_POINT('',(0.,0.));
#8466 = VECTOR('',#8467,1.);
#8467 = DIRECTION('',(0.,-1.));
#8468 = ( GEOMETRIC_REPRESENTATION_CONTEXT(2) 
PARAMETRIC_REPRESENTATION_CONTEXT() REPRESENTATION_CONTEXT('2D SPACE',''
  ) );
#8469 = PCURVE('',#2850,#8470);
#8470 = DEFINITIONAL_REPRESENTATION('',(#8471),#8475);
#8471 = LINE('',#8472,#8473);
#8472 = CARTESIAN_POINT('',(1.,0.));
#8473 = VECTOR('',#8474,1.);
#8474 = DIRECTION('',(0.,-1.));
#8475 = ( GEOMETRIC_REPRESENTATION_CONTEXT(2) 
PARAMETRIC_REPRESENTATION_CONTEXT() REPRESENTATION_CONTEXT('2D SPACE',''
  ) );
#8476 = ORIENTED_EDGE('',*,*,#8477,.T.);
#8477 = EDGE_CURVE('',#8455,#8349,#8478,.T.);
#8478 = SURFACE_CURVE('',#8479,(#8483,#8490),.PCURVE_S1.);
#8479 = B_SPLINE_CURVE_WITH_KNOTS('',2,(#8480,#8481,#8482),
  .UNSPECIFIED.,.F.,.F.,(3,3),(0.,1.),.PIECEWISE_BEZIER_KNOTS.);
#8480 = CARTESIAN_POINT('',(-1.9140625,-8.482400390625,2.35));
#8481 = CARTESIAN_POINT('',(-2.03857421875,-8.672830078125,2.35));
#8482 = CARTESIAN_POINT('',(-2.28271484375,-8.785134765625,2.35));
#8483 = PCURVE('',#2880,#8484);
#8484 = DEFINITIONAL_REPRESENTATION('',(#8485),#8489);
#8485 = LINE('',#8486,#8487);
#8486 = CARTESIAN_POINT('',(0.,-0.35));
#8487 = VECTOR('',#8488,1.);
#8488 = DIRECTION('',(1.,0.));
#8489 = ( GEOMETRIC_REPRESENTATION_CONTEXT(2) 
PARAMETRIC_REPRESENTATION_CONTEXT() REPRESENTATION_CONTEXT('2D SPACE',''
  ) );
#8490 = PCURVE('',#8387,#8491);
#8491 = DEFINITIONAL_REPRESENTATION('',(#8492),#8496);
#8492 = B_SPLINE_CURVE_WITH_KNOTS('',2,(#8493,#8494,#8495),
  .UNSPECIFIED.,.F.,.F.,(3,3),(0.,1.),.PIECEWISE_BEZIER_KNOTS.);
#8493 = CARTESIAN_POINT('',(2.25341796875,2.2412109375));
#8494 = CARTESIAN_POINT('',(2.12890625,2.05078125));
#8495 = CARTESIAN_POINT('',(1.884765625,1.9384765625));
#8496 = ( GEOMETRIC_REPRESENTATION_CONTEXT(2) 
PARAMETRIC_REPRESENTATION_CONTEXT() REPRESENTATION_CONTEXT('2D SPACE',''
  ) );
#8497 = ORIENTED_EDGE('',*,*,#8348,.F.);
#8498 = ORIENTED_EDGE('',*,*,#2864,.F.);
#8499 = ADVANCED_FACE('',(#8500),#2850,.T.);
#8500 = FACE_BOUND('',#8501,.T.);
#8501 = EDGE_LOOP('',(#8502,#8525,#8546,#8547));
#8502 = ORIENTED_EDGE('',*,*,#8503,.T.);
#8503 = EDGE_CURVE('',#2805,#8504,#8506,.T.);
#8504 = VERTEX_POINT('',#8505);
#8505 = CARTESIAN_POINT('',(-1.78955078125,-8.060037109375,2.35));
#8506 = SURFACE_CURVE('',#8507,(#8511,#8518),.PCURVE_S1.);
#8507 = LINE('',#8508,#8509);
#8508 = CARTESIAN_POINT('',(-1.78955078125,-8.060037109375,2.));
#8509 = VECTOR('',#8510,1.);
#8510 = DIRECTION('',(0.,0.,1.));
#8511 = PCURVE('',#2850,#8512);
#8512 = DEFINITIONAL_REPRESENTATION('',(#8513),#8517);
#8513 = LINE('',#8514,#8515);
#8514 = CARTESIAN_POINT('',(0.,0.));
#8515 = VECTOR('',#8516,1.);
#8516 = DIRECTION('',(0.,-1.));
#8517 = ( GEOMETRIC_REPRESENTATION_CONTEXT(2) 
PARAMETRIC_REPRESENTATION_CONTEXT() REPRESENTATION_CONTEXT('2D SPACE',''
  ) );
#8518 = PCURVE('',#2820,#8519);
#8519 = DEFINITIONAL_REPRESENTATION('',(#8520),#8524);
#8520 = LINE('',#8521,#8522);
#8521 = CARTESIAN_POINT('',(1.,0.));
#8522 = VECTOR('',#8523,1.);
#8523 = DIRECTION('',(0.,-1.));
#8524 = ( GEOMETRIC_REPRESENTATION_CONTEXT(2) 
PARAMETRIC_REPRESENTATION_CONTEXT() REPRESENTATION_CONTEXT('2D SPACE',''
  ) );
#8525 = ORIENTED_EDGE('',*,*,#8526,.T.);
#8526 = EDGE_CURVE('',#8504,#8455,#8527,.T.);
#8527 = SURFACE_CURVE('',#8528,(#8532,#8539),.PCURVE_S1.);
#8528 = B_SPLINE_CURVE_WITH_KNOTS('',2,(#8529,#8530,#8531),
  .UNSPECIFIED.,.F.,.F.,(3,3),(0.,1.),.PIECEWISE_BEZIER_KNOTS.);
#8529 = CARTESIAN_POINT('',(-1.78955078125,-8.060037109375,2.35));
#8530 = CARTESIAN_POINT('',(-1.78955078125,-8.291970703125,2.35));
#8531 = CARTESIAN_POINT('',(-1.9140625,-8.482400390625,2.35));
#8532 = PCURVE('',#2850,#8533);
#8533 = DEFINITIONAL_REPRESENTATION('',(#8534),#8538);
#8534 = LINE('',#8535,#8536);
#8535 = CARTESIAN_POINT('',(0.,-0.35));
#8536 = VECTOR('',#8537,1.);
#8537 = DIRECTION('',(1.,0.));
#8538 = ( GEOMETRIC_REPRESENTATION_CONTEXT(2) 
PARAMETRIC_REPRESENTATION_CONTEXT() REPRESENTATION_CONTEXT('2D SPACE',''
  ) );
#8539 = PCURVE('',#8387,#8540);
#8540 = DEFINITIONAL_REPRESENTATION('',(#8541),#8545);
#8541 = B_SPLINE_CURVE_WITH_KNOTS('',2,(#8542,#8543,#8544),
  .UNSPECIFIED.,.F.,.F.,(3,3),(0.,1.),.PIECEWISE_BEZIER_KNOTS.);
#8542 = CARTESIAN_POINT('',(2.3779296875,2.66357421875));
#8543 = CARTESIAN_POINT('',(2.3779296875,2.431640625));
#8544 = CARTESIAN_POINT('',(2.25341796875,2.2412109375));
#8545 = ( GEOMETRIC_REPRESENTATION_CONTEXT(2) 
PARAMETRIC_REPRESENTATION_CONTEXT() REPRESENTATION_CONTEXT('2D SPACE',''
  ) );
#8546 = ORIENTED_EDGE('',*,*,#8454,.F.);
#8547 = ORIENTED_EDGE('',*,*,#2834,.F.);
#8548 = ADVANCED_FACE('',(#8549),#2820,.T.);
#8549 = FACE_BOUND('',#8550,.T.);
#8550 = EDGE_LOOP('',(#8551,#8574,#8595,#8596));
#8551 = ORIENTED_EDGE('',*,*,#8552,.T.);
#8552 = EDGE_CURVE('',#2775,#8553,#8555,.T.);
#8553 = VERTEX_POINT('',#8554);
#8554 = CARTESIAN_POINT('',(-1.920166015625,-7.598611328125,2.35));
#8555 = SURFACE_CURVE('',#8556,(#8560,#8567),.PCURVE_S1.);
#8556 = LINE('',#8557,#8558);
#8557 = CARTESIAN_POINT('',(-1.920166015625,-7.598611328125,2.));
#8558 = VECTOR('',#8559,1.);
#8559 = DIRECTION('',(0.,0.,1.));
#8560 = PCURVE('',#2820,#8561);
#8561 = DEFINITIONAL_REPRESENTATION('',(#8562),#8566);
#8562 = LINE('',#8563,#8564);
#8563 = CARTESIAN_POINT('',(0.,0.));
#8564 = VECTOR('',#8565,1.);
#8565 = DIRECTION('',(0.,-1.));
#8566 = ( GEOMETRIC_REPRESENTATION_CONTEXT(2) 
PARAMETRIC_REPRESENTATION_CONTEXT() REPRESENTATION_CONTEXT('2D SPACE',''
  ) );
#8567 = PCURVE('',#2790,#8568);
#8568 = DEFINITIONAL_REPRESENTATION('',(#8569),#8573);
#8569 = LINE('',#8570,#8571);
#8570 = CARTESIAN_POINT('',(1.,0.));
#8571 = VECTOR('',#8572,1.);
#8572 = DIRECTION('',(0.,-1.));
#8573 = ( GEOMETRIC_REPRESENTATION_CONTEXT(2) 
PARAMETRIC_REPRESENTATION_CONTEXT() REPRESENTATION_CONTEXT('2D SPACE',''
  ) );
#8574 = ORIENTED_EDGE('',*,*,#8575,.T.);
#8575 = EDGE_CURVE('',#8553,#8504,#8576,.T.);
#8576 = SURFACE_CURVE('',#8577,(#8581,#8588),.PCURVE_S1.);
#8577 = B_SPLINE_CURVE_WITH_KNOTS('',2,(#8578,#8579,#8580),
  .UNSPECIFIED.,.F.,.F.,(3,3),(0.,1.),.PIECEWISE_BEZIER_KNOTS.);
#8578 = CARTESIAN_POINT('',(-1.920166015625,-7.598611328125,2.35));
#8579 = CARTESIAN_POINT('',(-1.78955078125,-7.815896484375,2.35));
#8580 = CARTESIAN_POINT('',(-1.78955078125,-8.060037109375,2.35));
#8581 = PCURVE('',#2820,#8582);
#8582 = DEFINITIONAL_REPRESENTATION('',(#8583),#8587);
#8583 = LINE('',#8584,#8585);
#8584 = CARTESIAN_POINT('',(0.,-0.35));
#8585 = VECTOR('',#8586,1.);
#8586 = DIRECTION('',(1.,0.));
#8587 = ( GEOMETRIC_REPRESENTATION_CONTEXT(2) 
PARAMETRIC_REPRESENTATION_CONTEXT() REPRESENTATION_CONTEXT('2D SPACE',''
  ) );
#8588 = PCURVE('',#8387,#8589);
#8589 = DEFINITIONAL_REPRESENTATION('',(#8590),#8594);
#8590 = B_SPLINE_CURVE_WITH_KNOTS('',2,(#8591,#8592,#8593),
  .UNSPECIFIED.,.F.,.F.,(3,3),(0.,1.),.PIECEWISE_BEZIER_KNOTS.);
#8591 = CARTESIAN_POINT('',(2.247314453125,3.125));
#8592 = CARTESIAN_POINT('',(2.3779296875,2.90771484375));
#8593 = CARTESIAN_POINT('',(2.3779296875,2.66357421875));
#8594 = ( GEOMETRIC_REPRESENTATION_CONTEXT(2) 
PARAMETRIC_REPRESENTATION_CONTEXT() REPRESENTATION_CONTEXT('2D SPACE',''
  ) );
#8595 = ORIENTED_EDGE('',*,*,#8503,.F.);
#8596 = ORIENTED_EDGE('',*,*,#2804,.F.);
#8597 = ADVANCED_FACE('',(#8598),#2790,.T.);
#8598 = FACE_BOUND('',#8599,.T.);
#8599 = EDGE_LOOP('',(#8600,#8623,#8644,#8645));
#8600 = ORIENTED_EDGE('',*,*,#8601,.T.);
#8601 = EDGE_CURVE('',#2745,#8602,#8604,.T.);
#8602 = VERTEX_POINT('',#8603);
#8603 = CARTESIAN_POINT('',(-2.29736328125,-7.25559375,2.35));
#8604 = SURFACE_CURVE('',#8605,(#8609,#8616),.PCURVE_S1.);
#8605 = LINE('',#8606,#8607);
#8606 = CARTESIAN_POINT('',(-2.29736328125,-7.25559375,2.));
#8607 = VECTOR('',#8608,1.);
#8608 = DIRECTION('',(0.,0.,1.));
#8609 = PCURVE('',#2790,#8610);
#8610 = DEFINITIONAL_REPRESENTATION('',(#8611),#8615);
#8611 = LINE('',#8612,#8613);
#8612 = CARTESIAN_POINT('',(0.,0.));
#8613 = VECTOR('',#8614,1.);
#8614 = DIRECTION('',(0.,-1.));
#8615 = ( GEOMETRIC_REPRESENTATION_CONTEXT(2) 
PARAMETRIC_REPRESENTATION_CONTEXT() REPRESENTATION_CONTEXT('2D SPACE',''
  ) );
#8616 = PCURVE('',#2760,#8617);
#8617 = DEFINITIONAL_REPRESENTATION('',(#8618),#8622);
#8618 = LINE('',#8619,#8620);
#8619 = CARTESIAN_POINT('',(1.,0.));
#8620 = VECTOR('',#8621,1.);
#8621 = DIRECTION('',(0.,-1.));
#8622 = ( GEOMETRIC_REPRESENTATION_CONTEXT(2) 
PARAMETRIC_REPRESENTATION_CONTEXT() REPRESENTATION_CONTEXT('2D SPACE',''
  ) );
#8623 = ORIENTED_EDGE('',*,*,#8624,.T.);
#8624 = EDGE_CURVE('',#8602,#8553,#8625,.T.);
#8625 = SURFACE_CURVE('',#8626,(#8630,#8637),.PCURVE_S1.);
#8626 = B_SPLINE_CURVE_WITH_KNOTS('',2,(#8627,#8628,#8629),
  .UNSPECIFIED.,.F.,.F.,(3,3),(0.,1.),.PIECEWISE_BEZIER_KNOTS.);
#8627 = CARTESIAN_POINT('',(-2.29736328125,-7.25559375,2.35));
#8628 = CARTESIAN_POINT('',(-2.05078125,-7.381326171875,2.35));
#8629 = CARTESIAN_POINT('',(-1.920166015625,-7.598611328125,2.35));
#8630 = PCURVE('',#2790,#8631);
#8631 = DEFINITIONAL_REPRESENTATION('',(#8632),#8636);
#8632 = LINE('',#8633,#8634);
#8633 = CARTESIAN_POINT('',(0.,-0.35));
#8634 = VECTOR('',#8635,1.);
#8635 = DIRECTION('',(1.,0.));
#8636 = ( GEOMETRIC_REPRESENTATION_CONTEXT(2) 
PARAMETRIC_REPRESENTATION_CONTEXT() REPRESENTATION_CONTEXT('2D SPACE',''
  ) );
#8637 = PCURVE('',#8387,#8638);
#8638 = DEFINITIONAL_REPRESENTATION('',(#8639),#8643);
#8639 = B_SPLINE_CURVE_WITH_KNOTS('',2,(#8640,#8641,#8642),
  .UNSPECIFIED.,.F.,.F.,(3,3),(0.,1.),.PIECEWISE_BEZIER_KNOTS.);
#8640 = CARTESIAN_POINT('',(1.8701171875,3.468017578125));
#8641 = CARTESIAN_POINT('',(2.11669921875,3.34228515625));
#8642 = CARTESIAN_POINT('',(2.247314453125,3.125));
#8643 = ( GEOMETRIC_REPRESENTATION_CONTEXT(2) 
PARAMETRIC_REPRESENTATION_CONTEXT() REPRESENTATION_CONTEXT('2D SPACE',''
  ) );
#8644 = ORIENTED_EDGE('',*,*,#8552,.F.);
#8645 = ORIENTED_EDGE('',*,*,#2774,.F.);
#8646 = ADVANCED_FACE('',(#8647),#2760,.T.);
#8647 = FACE_BOUND('',#8648,.T.);
#8648 = EDGE_LOOP('',(#8649,#8672,#8693,#8694));
#8649 = ORIENTED_EDGE('',*,*,#8650,.T.);
#8650 = EDGE_CURVE('',#2715,#8651,#8653,.T.);
#8651 = VERTEX_POINT('',#8652);
#8652 = CARTESIAN_POINT('',(-2.8369140625,-7.129861328125,2.35));
#8653 = SURFACE_CURVE('',#8654,(#8658,#8665),.PCURVE_S1.);
#8654 = LINE('',#8655,#8656);
#8655 = CARTESIAN_POINT('',(-2.8369140625,-7.129861328125,2.));
#8656 = VECTOR('',#8657,1.);
#8657 = DIRECTION('',(0.,0.,1.));
#8658 = PCURVE('',#2760,#8659);
#8659 = DEFINITIONAL_REPRESENTATION('',(#8660),#8664);
#8660 = LINE('',#8661,#8662);
#8661 = CARTESIAN_POINT('',(0.,0.));
#8662 = VECTOR('',#8663,1.);
#8663 = DIRECTION('',(0.,-1.));
#8664 = ( GEOMETRIC_REPRESENTATION_CONTEXT(2) 
PARAMETRIC_REPRESENTATION_CONTEXT() REPRESENTATION_CONTEXT('2D SPACE',''
  ) );
#8665 = PCURVE('',#2730,#8666);
#8666 = DEFINITIONAL_REPRESENTATION('',(#8667),#8671);
#8667 = LINE('',#8668,#8669);
#8668 = CARTESIAN_POINT('',(1.,0.));
#8669 = VECTOR('',#8670,1.);
#8670 = DIRECTION('',(0.,-1.));
#8671 = ( GEOMETRIC_REPRESENTATION_CONTEXT(2) 
PARAMETRIC_REPRESENTATION_CONTEXT() REPRESENTATION_CONTEXT('2D SPACE',''
  ) );
#8672 = ORIENTED_EDGE('',*,*,#8673,.T.);
#8673 = EDGE_CURVE('',#8651,#8602,#8674,.T.);
#8674 = SURFACE_CURVE('',#8675,(#8679,#8686),.PCURVE_S1.);
#8675 = B_SPLINE_CURVE_WITH_KNOTS('',2,(#8676,#8677,#8678),
  .UNSPECIFIED.,.F.,.F.,(3,3),(0.,1.),.PIECEWISE_BEZIER_KNOTS.);
#8676 = CARTESIAN_POINT('',(-2.8369140625,-7.129861328125,2.35));
#8677 = CARTESIAN_POINT('',(-2.5439453125,-7.129861328125,2.35));
#8678 = CARTESIAN_POINT('',(-2.29736328125,-7.25559375,2.35));
#8679 = PCURVE('',#2760,#8680);
#8680 = DEFINITIONAL_REPRESENTATION('',(#8681),#8685);
#8681 = LINE('',#8682,#8683);
#8682 = CARTESIAN_POINT('',(0.,-0.35));
#8683 = VECTOR('',#8684,1.);
#8684 = DIRECTION('',(1.,0.));
#8685 = ( GEOMETRIC_REPRESENTATION_CONTEXT(2) 
PARAMETRIC_REPRESENTATION_CONTEXT() REPRESENTATION_CONTEXT('2D SPACE',''
  ) );
#8686 = PCURVE('',#8387,#8687);
#8687 = DEFINITIONAL_REPRESENTATION('',(#8688),#8692);
#8688 = B_SPLINE_CURVE_WITH_KNOTS('',2,(#8689,#8690,#8691),
  .UNSPECIFIED.,.F.,.F.,(3,3),(0.,1.),.PIECEWISE_BEZIER_KNOTS.);
#8689 = CARTESIAN_POINT('',(1.33056640625,3.59375));
#8690 = CARTESIAN_POINT('',(1.62353515625,3.59375));
#8691 = CARTESIAN_POINT('',(1.8701171875,3.468017578125));
#8692 = ( GEOMETRIC_REPRESENTATION_CONTEXT(2) 
PARAMETRIC_REPRESENTATION_CONTEXT() REPRESENTATION_CONTEXT('2D SPACE',''
  ) );
#8693 = ORIENTED_EDGE('',*,*,#8601,.F.);
#8694 = ORIENTED_EDGE('',*,*,#2744,.F.);
#8695 = ADVANCED_FACE('',(#8696),#2730,.T.);
#8696 = FACE_BOUND('',#8697,.T.);
#8697 = EDGE_LOOP('',(#8698,#8721,#8742,#8743));
#8698 = ORIENTED_EDGE('',*,*,#8699,.T.);
#8699 = EDGE_CURVE('',#2685,#8700,#8702,.T.);
#8700 = VERTEX_POINT('',#8701);
#8701 = CARTESIAN_POINT('',(-3.54736328125,-7.37278125,2.35));
#8702 = SURFACE_CURVE('',#8703,(#8707,#8714),.PCURVE_S1.);
#8703 = LINE('',#8704,#8705);
#8704 = CARTESIAN_POINT('',(-3.54736328125,-7.37278125,2.));
#8705 = VECTOR('',#8706,1.);
#8706 = DIRECTION('',(0.,0.,1.));
#8707 = PCURVE('',#2730,#8708);
#8708 = DEFINITIONAL_REPRESENTATION('',(#8709),#8713);
#8709 = LINE('',#8710,#8711);
#8710 = CARTESIAN_POINT('',(0.,0.));
#8711 = VECTOR('',#8712,1.);
#8712 = DIRECTION('',(0.,-1.));
#8713 = ( GEOMETRIC_REPRESENTATION_CONTEXT(2) 
PARAMETRIC_REPRESENTATION_CONTEXT() REPRESENTATION_CONTEXT('2D SPACE',''
  ) );
#8714 = PCURVE('',#2700,#8715);
#8715 = DEFINITIONAL_REPRESENTATION('',(#8716),#8720);
#8716 = LINE('',#8717,#8718);
#8717 = CARTESIAN_POINT('',(1.,0.));
#8718 = VECTOR('',#8719,1.);
#8719 = DIRECTION('',(0.,-1.));
#8720 = ( GEOMETRIC_REPRESENTATION_CONTEXT(2) 
PARAMETRIC_REPRESENTATION_CONTEXT() REPRESENTATION_CONTEXT('2D SPACE',''
  ) );
#8721 = ORIENTED_EDGE('',*,*,#8722,.T.);
#8722 = EDGE_CURVE('',#8700,#8651,#8723,.T.);
#8723 = SURFACE_CURVE('',#8724,(#8728,#8735),.PCURVE_S1.);
#8724 = B_SPLINE_CURVE_WITH_KNOTS('',2,(#8725,#8726,#8727),
  .UNSPECIFIED.,.F.,.F.,(3,3),(0.,1.),.PIECEWISE_BEZIER_KNOTS.);
#8725 = CARTESIAN_POINT('',(-3.54736328125,-7.37278125,2.35));
#8726 = CARTESIAN_POINT('',(-3.26171875,-7.129861328125,2.35));
#8727 = CARTESIAN_POINT('',(-2.8369140625,-7.129861328125,2.35));
#8728 = PCURVE('',#2730,#8729);
#8729 = DEFINITIONAL_REPRESENTATION('',(#8730),#8734);
#8730 = LINE('',#8731,#8732);
#8731 = CARTESIAN_POINT('',(0.,-0.35));
#8732 = VECTOR('',#8733,1.);
#8733 = DIRECTION('',(1.,0.));
#8734 = ( GEOMETRIC_REPRESENTATION_CONTEXT(2) 
PARAMETRIC_REPRESENTATION_CONTEXT() REPRESENTATION_CONTEXT('2D SPACE',''
  ) );
#8735 = PCURVE('',#8387,#8736);
#8736 = DEFINITIONAL_REPRESENTATION('',(#8737),#8741);
#8737 = B_SPLINE_CURVE_WITH_KNOTS('',2,(#8738,#8739,#8740),
  .UNSPECIFIED.,.F.,.F.,(3,3),(0.,1.),.PIECEWISE_BEZIER_KNOTS.);
#8738 = CARTESIAN_POINT('',(0.6201171875,3.350830078125));
#8739 = CARTESIAN_POINT('',(0.90576171875,3.59375));
#8740 = CARTESIAN_POINT('',(1.33056640625,3.59375));
#8741 = ( GEOMETRIC_REPRESENTATION_CONTEXT(2) 
PARAMETRIC_REPRESENTATION_CONTEXT() REPRESENTATION_CONTEXT('2D SPACE',''
  ) );
#8742 = ORIENTED_EDGE('',*,*,#8650,.F.);
#8743 = ORIENTED_EDGE('',*,*,#2714,.F.);
#8744 = ADVANCED_FACE('',(#8745),#2700,.T.);
#8745 = FACE_BOUND('',#8746,.T.);
#8746 = EDGE_LOOP('',(#8747,#8770,#8791,#8792));
#8747 = ORIENTED_EDGE('',*,*,#8748,.T.);
#8748 = EDGE_CURVE('',#2657,#8749,#8751,.T.);
#8749 = VERTEX_POINT('',#8750);
#8750 = CARTESIAN_POINT('',(-3.91357421875,-8.057595703125,2.35));
#8751 = SURFACE_CURVE('',#8752,(#8756,#8763),.PCURVE_S1.);
#8752 = LINE('',#8753,#8754);
#8753 = CARTESIAN_POINT('',(-3.91357421875,-8.057595703125,2.));
#8754 = VECTOR('',#8755,1.);
#8755 = DIRECTION('',(0.,0.,1.));
#8756 = PCURVE('',#2700,#8757);
#8757 = DEFINITIONAL_REPRESENTATION('',(#8758),#8762);
#8758 = LINE('',#8759,#8760);
#8759 = CARTESIAN_POINT('',(0.,0.));
#8760 = VECTOR('',#8761,1.);
#8761 = DIRECTION('',(0.,-1.));
#8762 = ( GEOMETRIC_REPRESENTATION_CONTEXT(2) 
PARAMETRIC_REPRESENTATION_CONTEXT() REPRESENTATION_CONTEXT('2D SPACE',''
  ) );
#8763 = PCURVE('',#2672,#8764);
#8764 = DEFINITIONAL_REPRESENTATION('',(#8765),#8769);
#8765 = LINE('',#8766,#8767);
#8766 = CARTESIAN_POINT('',(0.446343550079,0.));
#8767 = VECTOR('',#8768,1.);
#8768 = DIRECTION('',(0.,-1.));
#8769 = ( GEOMETRIC_REPRESENTATION_CONTEXT(2) 
PARAMETRIC_REPRESENTATION_CONTEXT() REPRESENTATION_CONTEXT('2D SPACE',''
  ) );
#8770 = ORIENTED_EDGE('',*,*,#8771,.T.);
#8771 = EDGE_CURVE('',#8749,#8700,#8772,.T.);
#8772 = SURFACE_CURVE('',#8773,(#8777,#8784),.PCURVE_S1.);
#8773 = B_SPLINE_CURVE_WITH_KNOTS('',2,(#8774,#8775,#8776),
  .UNSPECIFIED.,.F.,.F.,(3,3),(0.,1.),.PIECEWISE_BEZIER_KNOTS.);
#8774 = CARTESIAN_POINT('',(-3.91357421875,-8.057595703125,2.35));
#8775 = CARTESIAN_POINT('',(-3.8330078125,-7.615701171875,2.35));
#8776 = CARTESIAN_POINT('',(-3.54736328125,-7.37278125,2.35));
#8777 = PCURVE('',#2700,#8778);
#8778 = DEFINITIONAL_REPRESENTATION('',(#8779),#8783);
#8779 = LINE('',#8780,#8781);
#8780 = CARTESIAN_POINT('',(0.,-0.35));
#8781 = VECTOR('',#8782,1.);
#8782 = DIRECTION('',(1.,0.));
#8783 = ( GEOMETRIC_REPRESENTATION_CONTEXT(2) 
PARAMETRIC_REPRESENTATION_CONTEXT() REPRESENTATION_CONTEXT('2D SPACE',''
  ) );
#8784 = PCURVE('',#8387,#8785);
#8785 = DEFINITIONAL_REPRESENTATION('',(#8786),#8790);
#8786 = B_SPLINE_CURVE_WITH_KNOTS('',2,(#8787,#8788,#8789),
  .UNSPECIFIED.,.F.,.F.,(3,3),(0.,1.),.PIECEWISE_BEZIER_KNOTS.);
#8787 = CARTESIAN_POINT('',(0.25390625,2.666015625));
#8788 = CARTESIAN_POINT('',(0.33447265625,3.10791015625));
#8789 = CARTESIAN_POINT('',(0.6201171875,3.350830078125));
#8790 = ( GEOMETRIC_REPRESENTATION_CONTEXT(2) 
PARAMETRIC_REPRESENTATION_CONTEXT() REPRESENTATION_CONTEXT('2D SPACE',''
  ) );
#8791 = ORIENTED_EDGE('',*,*,#8699,.F.);
#8792 = ORIENTED_EDGE('',*,*,#2684,.F.);
#8793 = ADVANCED_FACE('',(#8794),#2672,.T.);
#8794 = FACE_BOUND('',#8795,.T.);
#8795 = EDGE_LOOP('',(#8796,#8819,#8840,#8841));
#8796 = ORIENTED_EDGE('',*,*,#8797,.T.);
#8797 = EDGE_CURVE('',#2627,#8798,#8800,.T.);
#8798 = VERTEX_POINT('',#8799);
#8799 = CARTESIAN_POINT('',(-3.47412109375,-8.135720703125,2.35));
#8800 = SURFACE_CURVE('',#8801,(#8805,#8812),.PCURVE_S1.);
#8801 = LINE('',#8802,#8803);
#8802 = CARTESIAN_POINT('',(-3.47412109375,-8.135720703125,2.));
#8803 = VECTOR('',#8804,1.);
#8804 = DIRECTION('',(0.,0.,1.));
#8805 = PCURVE('',#2672,#8806);
#8806 = DEFINITIONAL_REPRESENTATION('',(#8807),#8811);
#8807 = LINE('',#8808,#8809);
#8808 = CARTESIAN_POINT('',(0.,0.));
#8809 = VECTOR('',#8810,1.);
#8810 = DIRECTION('',(0.,-1.));
#8811 = ( GEOMETRIC_REPRESENTATION_CONTEXT(2) 
PARAMETRIC_REPRESENTATION_CONTEXT() REPRESENTATION_CONTEXT('2D SPACE',''
  ) );
#8812 = PCURVE('',#2642,#8813);
#8813 = DEFINITIONAL_REPRESENTATION('',(#8814),#8818);
#8814 = LINE('',#8815,#8816);
#8815 = CARTESIAN_POINT('',(1.,0.));
#8816 = VECTOR('',#8817,1.);
#8817 = DIRECTION('',(0.,-1.));
#8818 = ( GEOMETRIC_REPRESENTATION_CONTEXT(2) 
PARAMETRIC_REPRESENTATION_CONTEXT() REPRESENTATION_CONTEXT('2D SPACE',''
  ) );
#8819 = ORIENTED_EDGE('',*,*,#8820,.T.);
#8820 = EDGE_CURVE('',#8798,#8749,#8821,.T.);
#8821 = SURFACE_CURVE('',#8822,(#8826,#8833),.PCURVE_S1.);
#8822 = LINE('',#8823,#8824);
#8823 = CARTESIAN_POINT('',(-3.47412109375,-8.135720703125,2.35));
#8824 = VECTOR('',#8825,1.);
#8825 = DIRECTION('',(-0.984562507786,0.175033334717,0.));
#8826 = PCURVE('',#2672,#8827);
#8827 = DEFINITIONAL_REPRESENTATION('',(#8828),#8832);
#8828 = LINE('',#8829,#8830);
#8829 = CARTESIAN_POINT('',(0.,-0.35));
#8830 = VECTOR('',#8831,1.);
#8831 = DIRECTION('',(1.,0.));
#8832 = ( GEOMETRIC_REPRESENTATION_CONTEXT(2) 
PARAMETRIC_REPRESENTATION_CONTEXT() REPRESENTATION_CONTEXT('2D SPACE',''
  ) );
#8833 = PCURVE('',#8387,#8834);
#8834 = DEFINITIONAL_REPRESENTATION('',(#8835),#8839);
#8835 = LINE('',#8836,#8837);
#8836 = CARTESIAN_POINT('',(0.693359375,2.587890625));
#8837 = VECTOR('',#8838,1.);
#8838 = DIRECTION('',(-0.984562507786,0.175033334717));
#8839 = ( GEOMETRIC_REPRESENTATION_CONTEXT(2) 
PARAMETRIC_REPRESENTATION_CONTEXT() REPRESENTATION_CONTEXT('2D SPACE',''
  ) );
#8840 = ORIENTED_EDGE('',*,*,#8748,.F.);
#8841 = ORIENTED_EDGE('',*,*,#2656,.F.);
#8842 = ADVANCED_FACE('',(#8843),#2642,.T.);
#8843 = FACE_BOUND('',#8844,.T.);
#8844 = EDGE_LOOP('',(#8845,#8868,#8889,#8890));
#8845 = ORIENTED_EDGE('',*,*,#8846,.T.);
#8846 = EDGE_CURVE('',#2597,#8847,#8849,.T.);
#8847 = VERTEX_POINT('',#8848);
#8848 = CARTESIAN_POINT('',(-3.25439453125,-7.652322265625,2.35));
#8849 = SURFACE_CURVE('',#8850,(#8854,#8861),.PCURVE_S1.);
#8850 = LINE('',#8851,#8852);
#8851 = CARTESIAN_POINT('',(-3.25439453125,-7.652322265625,2.));
#8852 = VECTOR('',#8853,1.);
#8853 = DIRECTION('',(0.,0.,1.));
#8854 = PCURVE('',#2642,#8855);
#8855 = DEFINITIONAL_REPRESENTATION('',(#8856),#8860);
#8856 = LINE('',#8857,#8858);
#8857 = CARTESIAN_POINT('',(0.,0.));
#8858 = VECTOR('',#8859,1.);
#8859 = DIRECTION('',(0.,-1.));
#8860 = ( GEOMETRIC_REPRESENTATION_CONTEXT(2) 
PARAMETRIC_REPRESENTATION_CONTEXT() REPRESENTATION_CONTEXT('2D SPACE',''
  ) );
#8861 = PCURVE('',#2612,#8862);
#8862 = DEFINITIONAL_REPRESENTATION('',(#8863),#8867);
#8863 = LINE('',#8864,#8865);
#8864 = CARTESIAN_POINT('',(1.,0.));
#8865 = VECTOR('',#8866,1.);
#8866 = DIRECTION('',(0.,-1.));
#8867 = ( GEOMETRIC_REPRESENTATION_CONTEXT(2) 
PARAMETRIC_REPRESENTATION_CONTEXT() REPRESENTATION_CONTEXT('2D SPACE',''
  ) );
#8868 = ORIENTED_EDGE('',*,*,#8869,.T.);
#8869 = EDGE_CURVE('',#8847,#8798,#8870,.T.);
#8870 = SURFACE_CURVE('',#8871,(#8875,#8882),.PCURVE_S1.);
#8871 = B_SPLINE_CURVE_WITH_KNOTS('',2,(#8872,#8873,#8874),
  .UNSPECIFIED.,.F.,.F.,(3,3),(0.,1.),.PIECEWISE_BEZIER_KNOTS.);
#8872 = CARTESIAN_POINT('',(-3.25439453125,-7.652322265625,2.35));
#8873 = CARTESIAN_POINT('',(-3.42529296875,-7.813455078125,2.35));
#8874 = CARTESIAN_POINT('',(-3.47412109375,-8.135720703125,2.35));
#8875 = PCURVE('',#2642,#8876);
#8876 = DEFINITIONAL_REPRESENTATION('',(#8877),#8881);
#8877 = LINE('',#8878,#8879);
#8878 = CARTESIAN_POINT('',(0.,-0.35));
#8879 = VECTOR('',#8880,1.);
#8880 = DIRECTION('',(1.,0.));
#8881 = ( GEOMETRIC_REPRESENTATION_CONTEXT(2) 
PARAMETRIC_REPRESENTATION_CONTEXT() REPRESENTATION_CONTEXT('2D SPACE',''
  ) );
#8882 = PCURVE('',#8387,#8883);
#8883 = DEFINITIONAL_REPRESENTATION('',(#8884),#8888);
#8884 = B_SPLINE_CURVE_WITH_KNOTS('',2,(#8885,#8886,#8887),
  .UNSPECIFIED.,.F.,.F.,(3,3),(0.,1.),.PIECEWISE_BEZIER_KNOTS.);
#8885 = CARTESIAN_POINT('',(0.9130859375,3.0712890625));
#8886 = CARTESIAN_POINT('',(0.7421875,2.91015625));
#8887 = CARTESIAN_POINT('',(0.693359375,2.587890625));
#8888 = ( GEOMETRIC_REPRESENTATION_CONTEXT(2) 
PARAMETRIC_REPRESENTATION_CONTEXT() REPRESENTATION_CONTEXT('2D SPACE',''
  ) );
#8889 = ORIENTED_EDGE('',*,*,#8797,.F.);
#8890 = ORIENTED_EDGE('',*,*,#2626,.F.);
#8891 = ADVANCED_FACE('',(#8892),#2612,.T.);
#8892 = FACE_BOUND('',#8893,.T.);
#8893 = EDGE_LOOP('',(#8894,#8917,#8938,#8939));
#8894 = ORIENTED_EDGE('',*,*,#8895,.T.);
#8895 = EDGE_CURVE('',#2567,#8896,#8898,.T.);
#8896 = VERTEX_POINT('',#8897);
#8897 = CARTESIAN_POINT('',(-2.8271484375,-7.491189453125,2.35));
#8898 = SURFACE_CURVE('',#8899,(#8903,#8910),.PCURVE_S1.);
#8899 = LINE('',#8900,#8901);
#8900 = CARTESIAN_POINT('',(-2.8271484375,-7.491189453125,2.));
#8901 = VECTOR('',#8902,1.);
#8902 = DIRECTION('',(0.,0.,1.));
#8903 = PCURVE('',#2612,#8904);
#8904 = DEFINITIONAL_REPRESENTATION('',(#8905),#8909);
#8905 = LINE('',#8906,#8907);
#8906 = CARTESIAN_POINT('',(0.,0.));
#8907 = VECTOR('',#8908,1.);
#8908 = DIRECTION('',(0.,-1.));
#8909 = ( GEOMETRIC_REPRESENTATION_CONTEXT(2) 
PARAMETRIC_REPRESENTATION_CONTEXT() REPRESENTATION_CONTEXT('2D SPACE',''
  ) );
#8910 = PCURVE('',#2582,#8911);
#8911 = DEFINITIONAL_REPRESENTATION('',(#8912),#8916);
#8912 = LINE('',#8913,#8914);
#8913 = CARTESIAN_POINT('',(1.,0.));
#8914 = VECTOR('',#8915,1.);
#8915 = DIRECTION('',(0.,-1.));
#8916 = ( GEOMETRIC_REPRESENTATION_CONTEXT(2) 
PARAMETRIC_REPRESENTATION_CONTEXT() REPRESENTATION_CONTEXT('2D SPACE',''
  ) );
#8917 = ORIENTED_EDGE('',*,*,#8918,.T.);
#8918 = EDGE_CURVE('',#8896,#8847,#8919,.T.);
#8919 = SURFACE_CURVE('',#8920,(#8924,#8931),.PCURVE_S1.);
#8920 = B_SPLINE_CURVE_WITH_KNOTS('',2,(#8921,#8922,#8923),
  .UNSPECIFIED.,.F.,.F.,(3,3),(0.,1.),.PIECEWISE_BEZIER_KNOTS.);
#8921 = CARTESIAN_POINT('',(-2.8271484375,-7.491189453125,2.35));
#8922 = CARTESIAN_POINT('',(-3.08349609375,-7.491189453125,2.35));
#8923 = CARTESIAN_POINT('',(-3.25439453125,-7.652322265625,2.35));
#8924 = PCURVE('',#2612,#8925);
#8925 = DEFINITIONAL_REPRESENTATION('',(#8926),#8930);
#8926 = LINE('',#8927,#8928);
#8927 = CARTESIAN_POINT('',(0.,-0.35));
#8928 = VECTOR('',#8929,1.);
#8929 = DIRECTION('',(1.,0.));
#8930 = ( GEOMETRIC_REPRESENTATION_CONTEXT(2) 
PARAMETRIC_REPRESENTATION_CONTEXT() REPRESENTATION_CONTEXT('2D SPACE',''
  ) );
#8931 = PCURVE('',#8387,#8932);
#8932 = DEFINITIONAL_REPRESENTATION('',(#8933),#8937);
#8933 = B_SPLINE_CURVE_WITH_KNOTS('',2,(#8934,#8935,#8936),
  .UNSPECIFIED.,.F.,.F.,(3,3),(0.,1.),.PIECEWISE_BEZIER_KNOTS.);
#8934 = CARTESIAN_POINT('',(1.34033203125,3.232421875));
#8935 = CARTESIAN_POINT('',(1.083984375,3.232421875));
#8936 = CARTESIAN_POINT('',(0.9130859375,3.0712890625));
#8937 = ( GEOMETRIC_REPRESENTATION_CONTEXT(2) 
PARAMETRIC_REPRESENTATION_CONTEXT() REPRESENTATION_CONTEXT('2D SPACE',''
  ) );
#8938 = ORIENTED_EDGE('',*,*,#8846,.F.);
#8939 = ORIENTED_EDGE('',*,*,#2596,.F.);
#8940 = ADVANCED_FACE('',(#8941),#2582,.T.);
#8941 = FACE_BOUND('',#8942,.T.);
#8942 = EDGE_LOOP('',(#8943,#8966,#8987,#8988));
#8943 = ORIENTED_EDGE('',*,*,#8944,.T.);
#8944 = EDGE_CURVE('',#2537,#8945,#8947,.T.);
#8945 = VERTEX_POINT('',#8946);
#8946 = CARTESIAN_POINT('',(-2.40478515625,-7.649880859375,2.35));
#8947 = SURFACE_CURVE('',#8948,(#8952,#8959),.PCURVE_S1.);
#8948 = LINE('',#8949,#8950);
#8949 = CARTESIAN_POINT('',(-2.40478515625,-7.649880859375,2.));
#8950 = VECTOR('',#8951,1.);
#8951 = DIRECTION('',(0.,0.,1.));
#8952 = PCURVE('',#2582,#8953);
#8953 = DEFINITIONAL_REPRESENTATION('',(#8954),#8958);
#8954 = LINE('',#8955,#8956);
#8955 = CARTESIAN_POINT('',(0.,0.));
#8956 = VECTOR('',#8957,1.);
#8957 = DIRECTION('',(0.,-1.));
#8958 = ( GEOMETRIC_REPRESENTATION_CONTEXT(2) 
PARAMETRIC_REPRESENTATION_CONTEXT() REPRESENTATION_CONTEXT('2D SPACE',''
  ) );
#8959 = PCURVE('',#2552,#8960);
#8960 = DEFINITIONAL_REPRESENTATION('',(#8961),#8965);
#8961 = LINE('',#8962,#8963);
#8962 = CARTESIAN_POINT('',(1.,0.));
#8963 = VECTOR('',#8964,1.);
#8964 = DIRECTION('',(0.,-1.));
#8965 = ( GEOMETRIC_REPRESENTATION_CONTEXT(2) 
PARAMETRIC_REPRESENTATION_CONTEXT() REPRESENTATION_CONTEXT('2D SPACE',''
  ) );
#8966 = ORIENTED_EDGE('',*,*,#8967,.T.);
#8967 = EDGE_CURVE('',#8945,#8896,#8968,.T.);
#8968 = SURFACE_CURVE('',#8969,(#8973,#8980),.PCURVE_S1.);
#8969 = B_SPLINE_CURVE_WITH_KNOTS('',2,(#8970,#8971,#8972),
  .UNSPECIFIED.,.F.,.F.,(3,3),(0.,1.),.PIECEWISE_BEZIER_KNOTS.);
#8970 = CARTESIAN_POINT('',(-2.40478515625,-7.649880859375,2.35));
#8971 = CARTESIAN_POINT('',(-2.568359375,-7.491189453125,2.35));
#8972 = CARTESIAN_POINT('',(-2.8271484375,-7.491189453125,2.35));
#8973 = PCURVE('',#2582,#8974);
#8974 = DEFINITIONAL_REPRESENTATION('',(#8975),#8979);
#8975 = LINE('',#8976,#8977);
#8976 = CARTESIAN_POINT('',(0.,-0.35));
#8977 = VECTOR('',#8978,1.);
#8978 = DIRECTION('',(1.,0.));
#8979 = ( GEOMETRIC_REPRESENTATION_CONTEXT(2) 
PARAMETRIC_REPRESENTATION_CONTEXT() REPRESENTATION_CONTEXT('2D SPACE',''
  ) );
#8980 = PCURVE('',#8387,#8981);
#8981 = DEFINITIONAL_REPRESENTATION('',(#8982),#8986);
#8982 = B_SPLINE_CURVE_WITH_KNOTS('',2,(#8983,#8984,#8985),
  .UNSPECIFIED.,.F.,.F.,(3,3),(0.,1.),.PIECEWISE_BEZIER_KNOTS.);
#8983 = CARTESIAN_POINT('',(1.7626953125,3.07373046875));
#8984 = CARTESIAN_POINT('',(1.59912109375,3.232421875));
#8985 = CARTESIAN_POINT('',(1.34033203125,3.232421875));
#8986 = ( GEOMETRIC_REPRESENTATION_CONTEXT(2) 
PARAMETRIC_REPRESENTATION_CONTEXT() REPRESENTATION_CONTEXT('2D SPACE',''
  ) );
#8987 = ORIENTED_EDGE('',*,*,#8895,.F.);
#8988 = ORIENTED_EDGE('',*,*,#2566,.F.);
#8989 = ADVANCED_FACE('',(#8990),#2552,.T.);
#8990 = FACE_BOUND('',#8991,.T.);
#8991 = EDGE_LOOP('',(#8992,#9015,#9036,#9037));
#8992 = ORIENTED_EDGE('',*,*,#8993,.T.);
#8993 = EDGE_CURVE('',#2507,#8994,#8996,.T.);
#8994 = VERTEX_POINT('',#8995);
#8995 = CARTESIAN_POINT('',(-2.2412109375,-8.050271484375,2.35));
#8996 = SURFACE_CURVE('',#8997,(#9001,#9008),.PCURVE_S1.);
#8997 = LINE('',#8998,#8999);
#8998 = CARTESIAN_POINT('',(-2.2412109375,-8.050271484375,2.));
#8999 = VECTOR('',#9000,1.);
#9000 = DIRECTION('',(0.,0.,1.));
#9001 = PCURVE('',#2552,#9002);
#9002 = DEFINITIONAL_REPRESENTATION('',(#9003),#9007);
#9003 = LINE('',#9004,#9005);
#9004 = CARTESIAN_POINT('',(0.,0.));
#9005 = VECTOR('',#9006,1.);
#9006 = DIRECTION('',(0.,-1.));
#9007 = ( GEOMETRIC_REPRESENTATION_CONTEXT(2) 
PARAMETRIC_REPRESENTATION_CONTEXT() REPRESENTATION_CONTEXT('2D SPACE',''
  ) );
#9008 = PCURVE('',#2522,#9009);
#9009 = DEFINITIONAL_REPRESENTATION('',(#9010),#9014);
#9010 = LINE('',#9011,#9012);
#9011 = CARTESIAN_POINT('',(1.,0.));
#9012 = VECTOR('',#9013,1.);
#9013 = DIRECTION('',(0.,-1.));
#9014 = ( GEOMETRIC_REPRESENTATION_CONTEXT(2) 
PARAMETRIC_REPRESENTATION_CONTEXT() REPRESENTATION_CONTEXT('2D SPACE',''
  ) );
#9015 = ORIENTED_EDGE('',*,*,#9016,.T.);
#9016 = EDGE_CURVE('',#8994,#8945,#9017,.T.);
#9017 = SURFACE_CURVE('',#9018,(#9022,#9029),.PCURVE_S1.);
#9018 = B_SPLINE_CURVE_WITH_KNOTS('',2,(#9019,#9020,#9021),
  .UNSPECIFIED.,.F.,.F.,(3,3),(0.,1.),.PIECEWISE_BEZIER_KNOTS.);
#9019 = CARTESIAN_POINT('',(-2.2412109375,-8.050271484375,2.35));
#9020 = CARTESIAN_POINT('',(-2.2412109375,-7.808572265625,2.35));
#9021 = CARTESIAN_POINT('',(-2.40478515625,-7.649880859375,2.35));
#9022 = PCURVE('',#2552,#9023);
#9023 = DEFINITIONAL_REPRESENTATION('',(#9024),#9028);
#9024 = LINE('',#9025,#9026);
#9025 = CARTESIAN_POINT('',(0.,-0.35));
#9026 = VECTOR('',#9027,1.);
#9027 = DIRECTION('',(1.,0.));
#9028 = ( GEOMETRIC_REPRESENTATION_CONTEXT(2) 
PARAMETRIC_REPRESENTATION_CONTEXT() REPRESENTATION_CONTEXT('2D SPACE',''
  ) );
#9029 = PCURVE('',#8387,#9030);
#9030 = DEFINITIONAL_REPRESENTATION('',(#9031),#9035);
#9031 = B_SPLINE_CURVE_WITH_KNOTS('',2,(#9032,#9033,#9034),
  .UNSPECIFIED.,.F.,.F.,(3,3),(0.,1.),.PIECEWISE_BEZIER_KNOTS.);
#9032 = CARTESIAN_POINT('',(1.92626953125,2.67333984375));
#9033 = CARTESIAN_POINT('',(1.92626953125,2.9150390625));
#9034 = CARTESIAN_POINT('',(1.7626953125,3.07373046875));
#9035 = ( GEOMETRIC_REPRESENTATION_CONTEXT(2) 
PARAMETRIC_REPRESENTATION_CONTEXT() REPRESENTATION_CONTEXT('2D SPACE',''
  ) );
#9036 = ORIENTED_EDGE('',*,*,#8944,.F.);
#9037 = ORIENTED_EDGE('',*,*,#2536,.F.);
#9038 = ADVANCED_FACE('',(#9039),#2522,.T.);
#9039 = FACE_BOUND('',#9040,.T.);
#9040 = EDGE_LOOP('',(#9041,#9064,#9085,#9086));
#9041 = ORIENTED_EDGE('',*,*,#9042,.T.);
#9042 = EDGE_CURVE('',#2477,#9043,#9045,.T.);
#9043 = VERTEX_POINT('',#9044);
#9044 = CARTESIAN_POINT('',(-2.4658203125,-8.501931640625,2.35));
#9045 = SURFACE_CURVE('',#9046,(#9050,#9057),.PCURVE_S1.);
#9046 = LINE('',#9047,#9048);
#9047 = CARTESIAN_POINT('',(-2.4658203125,-8.501931640625,2.));
#9048 = VECTOR('',#9049,1.);
#9049 = DIRECTION('',(0.,0.,1.));
#9050 = PCURVE('',#2522,#9051);
#9051 = DEFINITIONAL_REPRESENTATION('',(#9052),#9056);
#9052 = LINE('',#9053,#9054);
#9053 = CARTESIAN_POINT('',(0.,0.));
#9054 = VECTOR('',#9055,1.);
#9055 = DIRECTION('',(0.,-1.));
#9056 = ( GEOMETRIC_REPRESENTATION_CONTEXT(2) 
PARAMETRIC_REPRESENTATION_CONTEXT() REPRESENTATION_CONTEXT('2D SPACE',''
  ) );
#9057 = PCURVE('',#2492,#9058);
#9058 = DEFINITIONAL_REPRESENTATION('',(#9059),#9063);
#9059 = LINE('',#9060,#9061);
#9060 = CARTESIAN_POINT('',(1.,0.));
#9061 = VECTOR('',#9062,1.);
#9062 = DIRECTION('',(0.,-1.));
#9063 = ( GEOMETRIC_REPRESENTATION_CONTEXT(2) 
PARAMETRIC_REPRESENTATION_CONTEXT() REPRESENTATION_CONTEXT('2D SPACE',''
  ) );
#9064 = ORIENTED_EDGE('',*,*,#9065,.T.);
#9065 = EDGE_CURVE('',#9043,#8994,#9066,.T.);
#9066 = SURFACE_CURVE('',#9067,(#9071,#9078),.PCURVE_S1.);
#9067 = B_SPLINE_CURVE_WITH_KNOTS('',2,(#9068,#9069,#9070),
  .UNSPECIFIED.,.F.,.F.,(3,3),(0.,1.),.PIECEWISE_BEZIER_KNOTS.);
#9068 = CARTESIAN_POINT('',(-2.4658203125,-8.501931640625,2.35));
#9069 = CARTESIAN_POINT('',(-2.2412109375,-8.355447265625,2.35));
#9070 = CARTESIAN_POINT('',(-2.2412109375,-8.050271484375,2.35));
#9071 = PCURVE('',#2522,#9072);
#9072 = DEFINITIONAL_REPRESENTATION('',(#9073),#9077);
#9073 = LINE('',#9074,#9075);
#9074 = CARTESIAN_POINT('',(0.,-0.35));
#9075 = VECTOR('',#9076,1.);
#9076 = DIRECTION('',(1.,0.));
#9077 = ( GEOMETRIC_REPRESENTATION_CONTEXT(2) 
PARAMETRIC_REPRESENTATION_CONTEXT() REPRESENTATION_CONTEXT('2D SPACE',''
  ) );
#9078 = PCURVE('',#8387,#9079);
#9079 = DEFINITIONAL_REPRESENTATION('',(#9080),#9084);
#9080 = B_SPLINE_CURVE_WITH_KNOTS('',2,(#9081,#9082,#9083),
  .UNSPECIFIED.,.F.,.F.,(3,3),(0.,1.),.PIECEWISE_BEZIER_KNOTS.);
#9081 = CARTESIAN_POINT('',(1.70166015625,2.2216796875));
#9082 = CARTESIAN_POINT('',(1.92626953125,2.3681640625));
#9083 = CARTESIAN_POINT('',(1.92626953125,2.67333984375));
#9084 = ( GEOMETRIC_REPRESENTATION_CONTEXT(2) 
PARAMETRIC_REPRESENTATION_CONTEXT() REPRESENTATION_CONTEXT('2D SPACE',''
  ) );
#9085 = ORIENTED_EDGE('',*,*,#8993,.F.);
#9086 = ORIENTED_EDGE('',*,*,#2506,.F.);
#9087 = ADVANCED_FACE('',(#9088),#2492,.T.);
#9088 = FACE_BOUND('',#9089,.T.);
#9089 = EDGE_LOOP('',(#9090,#9113,#9134,#9135));
#9090 = ORIENTED_EDGE('',*,*,#9091,.T.);
#9091 = EDGE_CURVE('',#2447,#9092,#9094,.T.);
#9092 = VERTEX_POINT('',#9093);
#9093 = CARTESIAN_POINT('',(-2.97119140625,-8.648416015625,2.35));
#9094 = SURFACE_CURVE('',#9095,(#9099,#9106),.PCURVE_S1.);
#9095 = LINE('',#9096,#9097);
#9096 = CARTESIAN_POINT('',(-2.97119140625,-8.648416015625,2.));
#9097 = VECTOR('',#9098,1.);
#9098 = DIRECTION('',(0.,0.,1.));
#9099 = PCURVE('',#2492,#9100);
#9100 = DEFINITIONAL_REPRESENTATION('',(#9101),#9105);
#9101 = LINE('',#9102,#9103);
#9102 = CARTESIAN_POINT('',(0.,0.));
#9103 = VECTOR('',#9104,1.);
#9104 = DIRECTION('',(0.,-1.));
#9105 = ( GEOMETRIC_REPRESENTATION_CONTEXT(2) 
PARAMETRIC_REPRESENTATION_CONTEXT() REPRESENTATION_CONTEXT('2D SPACE',''
  ) );
#9106 = PCURVE('',#2462,#9107);
#9107 = DEFINITIONAL_REPRESENTATION('',(#9108),#9112);
#9108 = LINE('',#9109,#9110);
#9109 = CARTESIAN_POINT('',(1.,0.));
#9110 = VECTOR('',#9111,1.);
#9111 = DIRECTION('',(0.,-1.));
#9112 = ( GEOMETRIC_REPRESENTATION_CONTEXT(2) 
PARAMETRIC_REPRESENTATION_CONTEXT() REPRESENTATION_CONTEXT('2D SPACE',''
  ) );
#9113 = ORIENTED_EDGE('',*,*,#9114,.T.);
#9114 = EDGE_CURVE('',#9092,#9043,#9115,.T.);
#9115 = SURFACE_CURVE('',#9116,(#9120,#9127),.PCURVE_S1.);
#9116 = B_SPLINE_CURVE_WITH_KNOTS('',2,(#9117,#9118,#9119),
  .UNSPECIFIED.,.F.,.F.,(3,3),(0.,1.),.PIECEWISE_BEZIER_KNOTS.);
#9117 = CARTESIAN_POINT('',(-2.97119140625,-8.648416015625,2.35));
#9118 = CARTESIAN_POINT('',(-2.6904296875,-8.648416015625,2.35));
#9119 = CARTESIAN_POINT('',(-2.4658203125,-8.501931640625,2.35));
#9120 = PCURVE('',#2492,#9121);
#9121 = DEFINITIONAL_REPRESENTATION('',(#9122),#9126);
#9122 = LINE('',#9123,#9124);
#9123 = CARTESIAN_POINT('',(0.,-0.35));
#9124 = VECTOR('',#9125,1.);
#9125 = DIRECTION('',(1.,0.));
#9126 = ( GEOMETRIC_REPRESENTATION_CONTEXT(2) 
PARAMETRIC_REPRESENTATION_CONTEXT() REPRESENTATION_CONTEXT('2D SPACE',''
  ) );
#9127 = PCURVE('',#8387,#9128);
#9128 = DEFINITIONAL_REPRESENTATION('',(#9129),#9133);
#9129 = B_SPLINE_CURVE_WITH_KNOTS('',2,(#9130,#9131,#9132),
  .UNSPECIFIED.,.F.,.F.,(3,3),(0.,1.),.PIECEWISE_BEZIER_KNOTS.);
#9130 = CARTESIAN_POINT('',(1.1962890625,2.0751953125));
#9131 = CARTESIAN_POINT('',(1.47705078125,2.0751953125));
#9132 = CARTESIAN_POINT('',(1.70166015625,2.2216796875));
#9133 = ( GEOMETRIC_REPRESENTATION_CONTEXT(2) 
PARAMETRIC_REPRESENTATION_CONTEXT() REPRESENTATION_CONTEXT('2D SPACE',''
  ) );
#9134 = ORIENTED_EDGE('',*,*,#9042,.F.);
#9135 = ORIENTED_EDGE('',*,*,#2476,.F.);
#9136 = ADVANCED_FACE('',(#9137),#2462,.T.);
#9137 = FACE_BOUND('',#9138,.T.);
#9138 = EDGE_LOOP('',(#9139,#9162,#9183,#9184));
#9139 = ORIENTED_EDGE('',*,*,#9140,.T.);
#9140 = EDGE_CURVE('',#2419,#9141,#9143,.T.);
#9141 = VERTEX_POINT('',#9142);
#9142 = CARTESIAN_POINT('',(-3.0419921875,-8.643533203125,2.35));
#9143 = SURFACE_CURVE('',#9144,(#9148,#9155),.PCURVE_S1.);
#9144 = LINE('',#9145,#9146);
#9145 = CARTESIAN_POINT('',(-3.0419921875,-8.643533203125,2.));
#9146 = VECTOR('',#9147,1.);
#9147 = DIRECTION('',(0.,0.,1.));
#9148 = PCURVE('',#2462,#9149);
#9149 = DEFINITIONAL_REPRESENTATION('',(#9150),#9154);
#9150 = LINE('',#9151,#9152);
#9151 = CARTESIAN_POINT('',(0.,0.));
#9152 = VECTOR('',#9153,1.);
#9153 = DIRECTION('',(0.,-1.));
#9154 = ( GEOMETRIC_REPRESENTATION_CONTEXT(2) 
PARAMETRIC_REPRESENTATION_CONTEXT() REPRESENTATION_CONTEXT('2D SPACE',''
  ) );
#9155 = PCURVE('',#2434,#9156);
#9156 = DEFINITIONAL_REPRESENTATION('',(#9157),#9161);
#9157 = LINE('',#9158,#9159);
#9158 = CARTESIAN_POINT('',(0.388820293977,0.));
#9159 = VECTOR('',#9160,1.);
#9160 = DIRECTION('',(0.,-1.));
#9161 = ( GEOMETRIC_REPRESENTATION_CONTEXT(2) 
PARAMETRIC_REPRESENTATION_CONTEXT() REPRESENTATION_CONTEXT('2D SPACE',''
  ) );
#9162 = ORIENTED_EDGE('',*,*,#9163,.T.);
#9163 = EDGE_CURVE('',#9141,#9092,#9164,.T.);
#9164 = SURFACE_CURVE('',#9165,(#9169,#9176),.PCURVE_S1.);
#9165 = B_SPLINE_CURVE_WITH_KNOTS('',2,(#9166,#9167,#9168),
  .UNSPECIFIED.,.F.,.F.,(3,3),(0.,1.),.PIECEWISE_BEZIER_KNOTS.);
#9166 = CARTESIAN_POINT('',(-3.0419921875,-8.643533203125,2.35));
#9167 = CARTESIAN_POINT('',(-2.998046875,-8.648416015625,2.35));
#9168 = CARTESIAN_POINT('',(-2.97119140625,-8.648416015625,2.35));
#9169 = PCURVE('',#2462,#9170);
#9170 = DEFINITIONAL_REPRESENTATION('',(#9171),#9175);
#9171 = LINE('',#9172,#9173);
#9172 = CARTESIAN_POINT('',(0.,-0.35));
#9173 = VECTOR('',#9174,1.);
#9174 = DIRECTION('',(1.,0.));
#9175 = ( GEOMETRIC_REPRESENTATION_CONTEXT(2) 
PARAMETRIC_REPRESENTATION_CONTEXT() REPRESENTATION_CONTEXT('2D SPACE',''
  ) );
#9176 = PCURVE('',#8387,#9177);
#9177 = DEFINITIONAL_REPRESENTATION('',(#9178),#9182);
#9178 = B_SPLINE_CURVE_WITH_KNOTS('',2,(#9179,#9180,#9181),
  .UNSPECIFIED.,.F.,.F.,(3,3),(0.,1.),.PIECEWISE_BEZIER_KNOTS.);
#9179 = CARTESIAN_POINT('',(1.12548828125,2.080078125));
#9180 = CARTESIAN_POINT('',(1.16943359375,2.0751953125));
#9181 = CARTESIAN_POINT('',(1.1962890625,2.0751953125));
#9182 = ( GEOMETRIC_REPRESENTATION_CONTEXT(2) 
PARAMETRIC_REPRESENTATION_CONTEXT() REPRESENTATION_CONTEXT('2D SPACE',''
  ) );
#9183 = ORIENTED_EDGE('',*,*,#9091,.F.);
#9184 = ORIENTED_EDGE('',*,*,#2446,.F.);
#9185 = ADVANCED_FACE('',(#9186),#2434,.T.);
#9186 = FACE_BOUND('',#9187,.T.);
#9187 = EDGE_LOOP('',(#9188,#9220,#9241,#9242,#9243));
#9188 = ORIENTED_EDGE('',*,*,#9189,.T.);
#9189 = EDGE_CURVE('',#9190,#9192,#9194,.T.);
#9190 = VERTEX_POINT('',#9191);
#9191 = CARTESIAN_POINT('',(-3.0908203125,-9.029275390625,2.));
#9192 = VERTEX_POINT('',#9193);
#9193 = CARTESIAN_POINT('',(-3.0908203125,-9.029275390625,2.35));
#9194 = SURFACE_CURVE('',#9195,(#9199,#9206),.PCURVE_S1.);
#9195 = LINE('',#9196,#9197);
#9196 = CARTESIAN_POINT('',(-3.0908203125,-9.029275390625,2.));
#9197 = VECTOR('',#9198,1.);
#9198 = DIRECTION('',(0.,0.,1.));
#9199 = PCURVE('',#2434,#9200);
#9200 = DEFINITIONAL_REPRESENTATION('',(#9201),#9205);
#9201 = LINE('',#9202,#9203);
#9202 = CARTESIAN_POINT('',(0.,0.));
#9203 = VECTOR('',#9204,1.);
#9204 = DIRECTION('',(0.,-1.));
#9205 = ( GEOMETRIC_REPRESENTATION_CONTEXT(2) 
PARAMETRIC_REPRESENTATION_CONTEXT() REPRESENTATION_CONTEXT('2D SPACE',''
  ) );
#9206 = PCURVE('',#9207,#9214);
#9207 = SURFACE_OF_LINEAR_EXTRUSION('',#9208,#9212);
#9208 = B_SPLINE_CURVE_WITH_KNOTS('',2,(#9209,#9210,#9211),
  .UNSPECIFIED.,.F.,.F.,(3,3),(0.,1.),.PIECEWISE_BEZIER_KNOTS.);
#9209 = CARTESIAN_POINT('',(-2.78076171875,-8.980447265625,2.));
#9210 = CARTESIAN_POINT('',(-2.9052734375,-8.980447265625,2.));
#9211 = CARTESIAN_POINT('',(-3.0908203125,-9.029275390625,2.));
#9212 = VECTOR('',#9213,1.);
#9213 = DIRECTION('',(-0.,-0.,-1.));
#9214 = DEFINITIONAL_REPRESENTATION('',(#9215),#9219);
#9215 = LINE('',#9216,#9217);
#9216 = CARTESIAN_POINT('',(1.,0.));
#9217 = VECTOR('',#9218,1.);
#9218 = DIRECTION('',(0.,-1.));
#9219 = ( GEOMETRIC_REPRESENTATION_CONTEXT(2) 
PARAMETRIC_REPRESENTATION_CONTEXT() REPRESENTATION_CONTEXT('2D SPACE',''
  ) );
#9220 = ORIENTED_EDGE('',*,*,#9221,.T.);
#9221 = EDGE_CURVE('',#9192,#9141,#9222,.T.);
#9222 = SURFACE_CURVE('',#9223,(#9227,#9234),.PCURVE_S1.);
#9223 = LINE('',#9224,#9225);
#9224 = CARTESIAN_POINT('',(-3.0908203125,-9.029275390625,2.35));
#9225 = VECTOR('',#9226,1.);
#9226 = DIRECTION('',(0.125580186416,0.992083472687,0.));
#9227 = PCURVE('',#2434,#9228);
#9228 = DEFINITIONAL_REPRESENTATION('',(#9229),#9233);
#9229 = LINE('',#9230,#9231);
#9230 = CARTESIAN_POINT('',(0.,-0.35));
#9231 = VECTOR('',#9232,1.);
#9232 = DIRECTION('',(1.,0.));
#9233 = ( GEOMETRIC_REPRESENTATION_CONTEXT(2) 
PARAMETRIC_REPRESENTATION_CONTEXT() REPRESENTATION_CONTEXT('2D SPACE',''
  ) );
#9234 = PCURVE('',#8387,#9235);
#9235 = DEFINITIONAL_REPRESENTATION('',(#9236),#9240);
#9236 = LINE('',#9237,#9238);
#9237 = CARTESIAN_POINT('',(1.07666015625,1.6943359375));
#9238 = VECTOR('',#9239,1.);
#9239 = DIRECTION('',(0.125580186416,0.992083472687));
#9240 = ( GEOMETRIC_REPRESENTATION_CONTEXT(2) 
PARAMETRIC_REPRESENTATION_CONTEXT() REPRESENTATION_CONTEXT('2D SPACE',''
  ) );
#9241 = ORIENTED_EDGE('',*,*,#9140,.F.);
#9242 = ORIENTED_EDGE('',*,*,#2418,.F.);
#9243 = ORIENTED_EDGE('',*,*,#9244,.F.);
#9244 = EDGE_CURVE('',#9190,#2398,#9245,.T.);
#9245 = SURFACE_CURVE('',#9246,(#9250,#9257),.PCURVE_S1.);
#9246 = LINE('',#9247,#9248);
#9247 = CARTESIAN_POINT('',(-3.0908203125,-9.029275390625,2.));
#9248 = VECTOR('',#9249,1.);
#9249 = DIRECTION('',(0.125580186416,0.992083472687,0.));
#9250 = PCURVE('',#2434,#9251);
#9251 = DEFINITIONAL_REPRESENTATION('',(#9252),#9256);
#9252 = LINE('',#9253,#9254);
#9253 = CARTESIAN_POINT('',(0.,0.));
#9254 = VECTOR('',#9255,1.);
#9255 = DIRECTION('',(1.,0.));
#9256 = ( GEOMETRIC_REPRESENTATION_CONTEXT(2) 
PARAMETRIC_REPRESENTATION_CONTEXT() REPRESENTATION_CONTEXT('2D SPACE',''
  ) );
#9257 = PCURVE('',#6755,#9258);
#9258 = DEFINITIONAL_REPRESENTATION('',(#9259),#9263);
#9259 = LINE('',#9260,#9261);
#9260 = CARTESIAN_POINT('',(1.07666015625,1.6943359375));
#9261 = VECTOR('',#9262,1.);
#9262 = DIRECTION('',(0.125580186416,0.992083472687));
#9263 = ( GEOMETRIC_REPRESENTATION_CONTEXT(2) 
PARAMETRIC_REPRESENTATION_CONTEXT() REPRESENTATION_CONTEXT('2D SPACE',''
  ) );
#9264 = ADVANCED_FACE('',(#9265),#2383,.T.);
#9265 = FACE_BOUND('',#9266,.T.);
#9266 = EDGE_LOOP('',(#9267,#9290,#9318,#9346,#9367));
#9267 = ORIENTED_EDGE('',*,*,#9268,.T.);
#9268 = EDGE_CURVE('',#2338,#9269,#9271,.T.);
#9269 = VERTEX_POINT('',#9270);
#9270 = CARTESIAN_POINT('',(-4.67529296875,-8.95237109375,2.35));
#9271 = SURFACE_CURVE('',#9272,(#9276,#9283),.PCURVE_S1.);
#9272 = LINE('',#9273,#9274);
#9273 = CARTESIAN_POINT('',(-4.67529296875,-8.95237109375,2.));
#9274 = VECTOR('',#9275,1.);
#9275 = DIRECTION('',(0.,0.,1.));
#9276 = PCURVE('',#2383,#9277);
#9277 = DEFINITIONAL_REPRESENTATION('',(#9278),#9282);
#9278 = LINE('',#9279,#9280);
#9279 = CARTESIAN_POINT('',(0.,0.));
#9280 = VECTOR('',#9281,1.);
#9281 = DIRECTION('',(0.,-1.));
#9282 = ( GEOMETRIC_REPRESENTATION_CONTEXT(2) 
PARAMETRIC_REPRESENTATION_CONTEXT() REPRESENTATION_CONTEXT('2D SPACE',''
  ) );
#9283 = PCURVE('',#2353,#9284);
#9284 = DEFINITIONAL_REPRESENTATION('',(#9285),#9289);
#9285 = LINE('',#9286,#9287);
#9286 = CARTESIAN_POINT('',(1.,0.));
#9287 = VECTOR('',#9288,1.);
#9288 = DIRECTION('',(0.,-1.));
#9289 = ( GEOMETRIC_REPRESENTATION_CONTEXT(2) 
PARAMETRIC_REPRESENTATION_CONTEXT() REPRESENTATION_CONTEXT('2D SPACE',''
  ) );
#9290 = ORIENTED_EDGE('',*,*,#9291,.T.);
#9291 = EDGE_CURVE('',#9269,#9292,#9294,.T.);
#9292 = VERTEX_POINT('',#9293);
#9293 = CARTESIAN_POINT('',(-5.72509765625,-9.268533203125,2.35));
#9294 = SURFACE_CURVE('',#9295,(#9299,#9306),.PCURVE_S1.);
#9295 = B_SPLINE_CURVE_WITH_KNOTS('',2,(#9296,#9297,#9298),
  .UNSPECIFIED.,.F.,.F.,(3,3),(0.,1.),.PIECEWISE_BEZIER_KNOTS.);
#9296 = CARTESIAN_POINT('',(-4.67529296875,-8.95237109375,2.35));
#9297 = CARTESIAN_POINT('',(-4.9658203125,-9.268533203125,2.35));
#9298 = CARTESIAN_POINT('',(-5.72509765625,-9.268533203125,2.35));
#9299 = PCURVE('',#2383,#9300);
#9300 = DEFINITIONAL_REPRESENTATION('',(#9301),#9305);
#9301 = LINE('',#9302,#9303);
#9302 = CARTESIAN_POINT('',(0.,-0.35));
#9303 = VECTOR('',#9304,1.);
#9304 = DIRECTION('',(1.,0.));
#9305 = ( GEOMETRIC_REPRESENTATION_CONTEXT(2) 
PARAMETRIC_REPRESENTATION_CONTEXT() REPRESENTATION_CONTEXT('2D SPACE',''
  ) );
#9306 = PCURVE('',#9307,#9312);
#9307 = PLANE('',#9308);
#9308 = AXIS2_PLACEMENT_3D('',#9309,#9310,#9311);
#9309 = CARTESIAN_POINT('',(-7.50244140625,-10.72361132812,2.35));
#9310 = DIRECTION('',(0.,0.,1.));
#9311 = DIRECTION('',(1.,0.,0.));
#9312 = DEFINITIONAL_REPRESENTATION('',(#9313),#9317);
#9313 = B_SPLINE_CURVE_WITH_KNOTS('',2,(#9314,#9315,#9316),
  .UNSPECIFIED.,.F.,.F.,(3,3),(0.,1.),.PIECEWISE_BEZIER_KNOTS.);
#9314 = CARTESIAN_POINT('',(2.8271484375,1.771240234375));
#9315 = CARTESIAN_POINT('',(2.53662109375,1.455078125));
#9316 = CARTESIAN_POINT('',(1.77734375,1.455078125));
#9317 = ( GEOMETRIC_REPRESENTATION_CONTEXT(2) 
PARAMETRIC_REPRESENTATION_CONTEXT() REPRESENTATION_CONTEXT('2D SPACE',''
  ) );
#9318 = ORIENTED_EDGE('',*,*,#9319,.F.);
#9319 = EDGE_CURVE('',#9320,#9292,#9322,.T.);
#9320 = VERTEX_POINT('',#9321);
#9321 = CARTESIAN_POINT('',(-5.72509765625,-9.268533203125,2.));
#9322 = SURFACE_CURVE('',#9323,(#9327,#9334),.PCURVE_S1.);
#9323 = LINE('',#9324,#9325);
#9324 = CARTESIAN_POINT('',(-5.72509765625,-9.268533203125,2.));
#9325 = VECTOR('',#9326,1.);
#9326 = DIRECTION('',(0.,0.,1.));
#9327 = PCURVE('',#2383,#9328);
#9328 = DEFINITIONAL_REPRESENTATION('',(#9329),#9333);
#9329 = LINE('',#9330,#9331);
#9330 = CARTESIAN_POINT('',(1.,0.));
#9331 = VECTOR('',#9332,1.);
#9332 = DIRECTION('',(0.,-1.));
#9333 = ( GEOMETRIC_REPRESENTATION_CONTEXT(2) 
PARAMETRIC_REPRESENTATION_CONTEXT() REPRESENTATION_CONTEXT('2D SPACE',''
  ) );
#9334 = PCURVE('',#9335,#9340);
#9335 = PLANE('',#9336);
#9336 = AXIS2_PLACEMENT_3D('',#9337,#9338,#9339);
#9337 = CARTESIAN_POINT('',(-5.72509765625,-9.268533203125,2.));
#9338 = DIRECTION('',(0.,-1.,0.));
#9339 = DIRECTION('',(-1.,0.,0.));
#9340 = DEFINITIONAL_REPRESENTATION('',(#9341),#9345);
#9341 = LINE('',#9342,#9343);
#9342 = CARTESIAN_POINT('',(0.,-0.));
#9343 = VECTOR('',#9344,1.);
#9344 = DIRECTION('',(0.,-1.));
#9345 = ( GEOMETRIC_REPRESENTATION_CONTEXT(2) 
PARAMETRIC_REPRESENTATION_CONTEXT() REPRESENTATION_CONTEXT('2D SPACE',''
  ) );
#9346 = ORIENTED_EDGE('',*,*,#9347,.F.);
#9347 = EDGE_CURVE('',#2368,#9320,#9348,.T.);
#9348 = SURFACE_CURVE('',#9349,(#9353,#9360),.PCURVE_S1.);
#9349 = B_SPLINE_CURVE_WITH_KNOTS('',2,(#9350,#9351,#9352),
  .UNSPECIFIED.,.F.,.F.,(3,3),(0.,1.),.PIECEWISE_BEZIER_KNOTS.);
#9350 = CARTESIAN_POINT('',(-4.67529296875,-8.95237109375,2.));
#9351 = CARTESIAN_POINT('',(-4.9658203125,-9.268533203125,2.));
#9352 = CARTESIAN_POINT('',(-5.72509765625,-9.268533203125,2.));
#9353 = PCURVE('',#2383,#9354);
#9354 = DEFINITIONAL_REPRESENTATION('',(#9355),#9359);
#9355 = LINE('',#9356,#9357);
#9356 = CARTESIAN_POINT('',(0.,0.));
#9357 = VECTOR('',#9358,1.);
#9358 = DIRECTION('',(1.,0.));
#9359 = ( GEOMETRIC_REPRESENTATION_CONTEXT(2) 
PARAMETRIC_REPRESENTATION_CONTEXT() REPRESENTATION_CONTEXT('2D SPACE',''
  ) );
#9360 = PCURVE('',#6781,#9361);
#9361 = DEFINITIONAL_REPRESENTATION('',(#9362),#9366);
#9362 = B_SPLINE_CURVE_WITH_KNOTS('',2,(#9363,#9364,#9365),
  .UNSPECIFIED.,.F.,.F.,(3,3),(0.,1.),.PIECEWISE_BEZIER_KNOTS.);
#9363 = CARTESIAN_POINT('',(2.8271484375,1.771240234375));
#9364 = CARTESIAN_POINT('',(2.53662109375,1.455078125));
#9365 = CARTESIAN_POINT('',(1.77734375,1.455078125));
#9366 = ( GEOMETRIC_REPRESENTATION_CONTEXT(2) 
PARAMETRIC_REPRESENTATION_CONTEXT() REPRESENTATION_CONTEXT('2D SPACE',''
  ) );
#9367 = ORIENTED_EDGE('',*,*,#2367,.F.);
#9368 = ADVANCED_FACE('',(#9369),#2353,.T.);
#9369 = FACE_BOUND('',#9370,.T.);
#9370 = EDGE_LOOP('',(#9371,#9394,#9415,#9416));
#9371 = ORIENTED_EDGE('',*,*,#9372,.T.);
#9372 = EDGE_CURVE('',#2308,#9373,#9375,.T.);
#9373 = VERTEX_POINT('',#9374);
#9374 = CARTESIAN_POINT('',(-4.384765625,-8.179666015625,2.35));
#9375 = SURFACE_CURVE('',#9376,(#9380,#9387),.PCURVE_S1.);
#9376 = LINE('',#9377,#9378);
#9377 = CARTESIAN_POINT('',(-4.384765625,-8.179666015625,2.));
#9378 = VECTOR('',#9379,1.);
#9379 = DIRECTION('',(0.,0.,1.));
#9380 = PCURVE('',#2353,#9381);
#9381 = DEFINITIONAL_REPRESENTATION('',(#9382),#9386);
#9382 = LINE('',#9383,#9384);
#9383 = CARTESIAN_POINT('',(0.,0.));
#9384 = VECTOR('',#9385,1.);
#9385 = DIRECTION('',(0.,-1.));
#9386 = ( GEOMETRIC_REPRESENTATION_CONTEXT(2) 
PARAMETRIC_REPRESENTATION_CONTEXT() REPRESENTATION_CONTEXT('2D SPACE',''
  ) );
#9387 = PCURVE('',#2323,#9388);
#9388 = DEFINITIONAL_REPRESENTATION('',(#9389),#9393);
#9389 = LINE('',#9390,#9391);
#9390 = CARTESIAN_POINT('',(1.,0.));
#9391 = VECTOR('',#9392,1.);
#9392 = DIRECTION('',(0.,-1.));
#9393 = ( GEOMETRIC_REPRESENTATION_CONTEXT(2) 
PARAMETRIC_REPRESENTATION_CONTEXT() REPRESENTATION_CONTEXT('2D SPACE',''
  ) );
#9394 = ORIENTED_EDGE('',*,*,#9395,.T.);
#9395 = EDGE_CURVE('',#9373,#9269,#9396,.T.);
#9396 = SURFACE_CURVE('',#9397,(#9401,#9408),.PCURVE_S1.);
#9397 = B_SPLINE_CURVE_WITH_KNOTS('',2,(#9398,#9399,#9400),
  .UNSPECIFIED.,.F.,.F.,(3,3),(0.,1.),.PIECEWISE_BEZIER_KNOTS.);
#9398 = CARTESIAN_POINT('',(-4.384765625,-8.179666015625,2.35));
#9399 = CARTESIAN_POINT('',(-4.384765625,-8.636208984375,2.35));
#9400 = CARTESIAN_POINT('',(-4.67529296875,-8.95237109375,2.35));
#9401 = PCURVE('',#2353,#9402);
#9402 = DEFINITIONAL_REPRESENTATION('',(#9403),#9407);
#9403 = LINE('',#9404,#9405);
#9404 = CARTESIAN_POINT('',(0.,-0.35));
#9405 = VECTOR('',#9406,1.);
#9406 = DIRECTION('',(1.,0.));
#9407 = ( GEOMETRIC_REPRESENTATION_CONTEXT(2) 
PARAMETRIC_REPRESENTATION_CONTEXT() REPRESENTATION_CONTEXT('2D SPACE',''
  ) );
#9408 = PCURVE('',#9307,#9409);
#9409 = DEFINITIONAL_REPRESENTATION('',(#9410),#9414);
#9410 = B_SPLINE_CURVE_WITH_KNOTS('',2,(#9411,#9412,#9413),
  .UNSPECIFIED.,.F.,.F.,(3,3),(0.,1.),.PIECEWISE_BEZIER_KNOTS.);
#9411 = CARTESIAN_POINT('',(3.11767578125,2.5439453125));
#9412 = CARTESIAN_POINT('',(3.11767578125,2.08740234375));
#9413 = CARTESIAN_POINT('',(2.8271484375,1.771240234375));
#9414 = ( GEOMETRIC_REPRESENTATION_CONTEXT(2) 
PARAMETRIC_REPRESENTATION_CONTEXT() REPRESENTATION_CONTEXT('2D SPACE',''
  ) );
#9415 = ORIENTED_EDGE('',*,*,#9268,.F.);
#9416 = ORIENTED_EDGE('',*,*,#2337,.F.);
#9417 = ADVANCED_FACE('',(#9418),#2323,.T.);
#9418 = FACE_BOUND('',#9419,.T.);
#9419 = EDGE_LOOP('',(#9420,#9443,#9464,#9465));
#9420 = ORIENTED_EDGE('',*,*,#9421,.T.);
#9421 = EDGE_CURVE('',#2278,#9422,#9424,.T.);
#9422 = VERTEX_POINT('',#9423);
#9423 = CARTESIAN_POINT('',(-4.493408203125,-7.691384765625,2.35));
#9424 = SURFACE_CURVE('',#9425,(#9429,#9436),.PCURVE_S1.);
#9425 = LINE('',#9426,#9427);
#9426 = CARTESIAN_POINT('',(-4.493408203125,-7.691384765625,2.));
#9427 = VECTOR('',#9428,1.);
#9428 = DIRECTION('',(0.,0.,1.));
#9429 = PCURVE('',#2323,#9430);
#9430 = DEFINITIONAL_REPRESENTATION('',(#9431),#9435);
#9431 = LINE('',#9432,#9433);
#9432 = CARTESIAN_POINT('',(0.,0.));
#9433 = VECTOR('',#9434,1.);
#9434 = DIRECTION('',(0.,-1.));
#9435 = ( GEOMETRIC_REPRESENTATION_CONTEXT(2) 
PARAMETRIC_REPRESENTATION_CONTEXT() REPRESENTATION_CONTEXT('2D SPACE',''
  ) );
#9436 = PCURVE('',#2293,#9437);
#9437 = DEFINITIONAL_REPRESENTATION('',(#9438),#9442);
#9438 = LINE('',#9439,#9440);
#9439 = CARTESIAN_POINT('',(1.,0.));
#9440 = VECTOR('',#9441,1.);
#9441 = DIRECTION('',(0.,-1.));
#9442 = ( GEOMETRIC_REPRESENTATION_CONTEXT(2) 
PARAMETRIC_REPRESENTATION_CONTEXT() REPRESENTATION_CONTEXT('2D SPACE',''
  ) );
#9443 = ORIENTED_EDGE('',*,*,#9444,.T.);
#9444 = EDGE_CURVE('',#9422,#9373,#9445,.T.);
#9445 = SURFACE_CURVE('',#9446,(#9450,#9457),.PCURVE_S1.);
#9446 = B_SPLINE_CURVE_WITH_KNOTS('',2,(#9447,#9448,#9449),
  .UNSPECIFIED.,.F.,.F.,(3,3),(0.,1.),.PIECEWISE_BEZIER_KNOTS.);
#9447 = CARTESIAN_POINT('',(-4.493408203125,-7.691384765625,2.35));
#9448 = CARTESIAN_POINT('',(-4.384765625,-7.913552734375,2.35));
#9449 = CARTESIAN_POINT('',(-4.384765625,-8.179666015625,2.35));
#9450 = PCURVE('',#2323,#9451);
#9451 = DEFINITIONAL_REPRESENTATION('',(#9452),#9456);
#9452 = LINE('',#9453,#9454);
#9453 = CARTESIAN_POINT('',(0.,-0.35));
#9454 = VECTOR('',#9455,1.);
#9455 = DIRECTION('',(1.,0.));
#9456 = ( GEOMETRIC_REPRESENTATION_CONTEXT(2) 
PARAMETRIC_REPRESENTATION_CONTEXT() REPRESENTATION_CONTEXT('2D SPACE',''
  ) );
#9457 = PCURVE('',#9307,#9458);
#9458 = DEFINITIONAL_REPRESENTATION('',(#9459),#9463);
#9459 = B_SPLINE_CURVE_WITH_KNOTS('',2,(#9460,#9461,#9462),
  .UNSPECIFIED.,.F.,.F.,(3,3),(0.,1.),.PIECEWISE_BEZIER_KNOTS.);
#9460 = CARTESIAN_POINT('',(3.009033203125,3.0322265625));
#9461 = CARTESIAN_POINT('',(3.11767578125,2.81005859375));
#9462 = CARTESIAN_POINT('',(3.11767578125,2.5439453125));
#9463 = ( GEOMETRIC_REPRESENTATION_CONTEXT(2) 
PARAMETRIC_REPRESENTATION_CONTEXT() REPRESENTATION_CONTEXT('2D SPACE',''
  ) );
#9464 = ORIENTED_EDGE('',*,*,#9372,.F.);
#9465 = ORIENTED_EDGE('',*,*,#2307,.F.);
#9466 = ADVANCED_FACE('',(#9467),#2293,.T.);
#9467 = FACE_BOUND('',#9468,.T.);
#9468 = EDGE_LOOP('',(#9469,#9492,#9513,#9514));
#9469 = ORIENTED_EDGE('',*,*,#9470,.T.);
#9470 = EDGE_CURVE('',#2248,#9471,#9473,.T.);
#9471 = VERTEX_POINT('',#9472);
#9472 = CARTESIAN_POINT('',(-4.7802734375,-7.34592578125,2.35));
#9473 = SURFACE_CURVE('',#9474,(#9478,#9485),.PCURVE_S1.);
#9474 = LINE('',#9475,#9476);
#9475 = CARTESIAN_POINT('',(-4.7802734375,-7.34592578125,2.));
#9476 = VECTOR('',#9477,1.);
#9477 = DIRECTION('',(0.,0.,1.));
#9478 = PCURVE('',#2293,#9479);
#9479 = DEFINITIONAL_REPRESENTATION('',(#9480),#9484);
#9480 = LINE('',#9481,#9482);
#9481 = CARTESIAN_POINT('',(0.,0.));
#9482 = VECTOR('',#9483,1.);
#9483 = DIRECTION('',(0.,-1.));
#9484 = ( GEOMETRIC_REPRESENTATION_CONTEXT(2) 
PARAMETRIC_REPRESENTATION_CONTEXT() REPRESENTATION_CONTEXT('2D SPACE',''
  ) );
#9485 = PCURVE('',#2263,#9486);
#9486 = DEFINITIONAL_REPRESENTATION('',(#9487),#9491);
#9487 = LINE('',#9488,#9489);
#9488 = CARTESIAN_POINT('',(1.,0.));
#9489 = VECTOR('',#9490,1.);
#9490 = DIRECTION('',(0.,-1.));
#9491 = ( GEOMETRIC_REPRESENTATION_CONTEXT(2) 
PARAMETRIC_REPRESENTATION_CONTEXT() REPRESENTATION_CONTEXT('2D SPACE',''
  ) );
#9492 = ORIENTED_EDGE('',*,*,#9493,.T.);
#9493 = EDGE_CURVE('',#9471,#9422,#9494,.T.);
#9494 = SURFACE_CURVE('',#9495,(#9499,#9506),.PCURVE_S1.);
#9495 = B_SPLINE_CURVE_WITH_KNOTS('',2,(#9496,#9497,#9498),
  .UNSPECIFIED.,.F.,.F.,(3,3),(0.,1.),.PIECEWISE_BEZIER_KNOTS.);
#9496 = CARTESIAN_POINT('',(-4.7802734375,-7.34592578125,2.35));
#9497 = CARTESIAN_POINT('',(-4.60205078125,-7.469216796875,2.35));
#9498 = CARTESIAN_POINT('',(-4.493408203125,-7.691384765625,2.35));
#9499 = PCURVE('',#2293,#9500);
#9500 = DEFINITIONAL_REPRESENTATION('',(#9501),#9505);
#9501 = LINE('',#9502,#9503);
#9502 = CARTESIAN_POINT('',(0.,-0.35));
#9503 = VECTOR('',#9504,1.);
#9504 = DIRECTION('',(1.,0.));
#9505 = ( GEOMETRIC_REPRESENTATION_CONTEXT(2) 
PARAMETRIC_REPRESENTATION_CONTEXT() REPRESENTATION_CONTEXT('2D SPACE',''
  ) );
#9506 = PCURVE('',#9307,#9507);
#9507 = DEFINITIONAL_REPRESENTATION('',(#9508),#9512);
#9508 = B_SPLINE_CURVE_WITH_KNOTS('',2,(#9509,#9510,#9511),
  .UNSPECIFIED.,.F.,.F.,(3,3),(0.,1.),.PIECEWISE_BEZIER_KNOTS.);
#9509 = CARTESIAN_POINT('',(2.72216796875,3.377685546875));
#9510 = CARTESIAN_POINT('',(2.900390625,3.25439453125));
#9511 = CARTESIAN_POINT('',(3.009033203125,3.0322265625));
#9512 = ( GEOMETRIC_REPRESENTATION_CONTEXT(2) 
PARAMETRIC_REPRESENTATION_CONTEXT() REPRESENTATION_CONTEXT('2D SPACE',''
  ) );
#9513 = ORIENTED_EDGE('',*,*,#9421,.F.);
#9514 = ORIENTED_EDGE('',*,*,#2277,.F.);
#9515 = ADVANCED_FACE('',(#9516),#2263,.T.);
#9516 = FACE_BOUND('',#9517,.T.);
#9517 = EDGE_LOOP('',(#9518,#9541,#9562,#9563));
#9518 = ORIENTED_EDGE('',*,*,#9519,.T.);
#9519 = EDGE_CURVE('',#2218,#9520,#9522,.T.);
#9520 = VERTEX_POINT('',#9521);
#9521 = CARTESIAN_POINT('',(-5.22216796875,-7.178689453125,2.35));
#9522 = SURFACE_CURVE('',#9523,(#9527,#9534),.PCURVE_S1.);
#9523 = LINE('',#9524,#9525);
#9524 = CARTESIAN_POINT('',(-5.22216796875,-7.178689453125,2.));
#9525 = VECTOR('',#9526,1.);
#9526 = DIRECTION('',(0.,0.,1.));
#9527 = PCURVE('',#2263,#9528);
#9528 = DEFINITIONAL_REPRESENTATION('',(#9529),#9533);
#9529 = LINE('',#9530,#9531);
#9530 = CARTESIAN_POINT('',(0.,0.));
#9531 = VECTOR('',#9532,1.);
#9532 = DIRECTION('',(0.,-1.));
#9533 = ( GEOMETRIC_REPRESENTATION_CONTEXT(2) 
PARAMETRIC_REPRESENTATION_CONTEXT() REPRESENTATION_CONTEXT('2D SPACE',''
  ) );
#9534 = PCURVE('',#2233,#9535);
#9535 = DEFINITIONAL_REPRESENTATION('',(#9536),#9540);
#9536 = LINE('',#9537,#9538);
#9537 = CARTESIAN_POINT('',(1.,0.));
#9538 = VECTOR('',#9539,1.);
#9539 = DIRECTION('',(0.,-1.));
#9540 = ( GEOMETRIC_REPRESENTATION_CONTEXT(2) 
PARAMETRIC_REPRESENTATION_CONTEXT() REPRESENTATION_CONTEXT('2D SPACE',''
  ) );
#9541 = ORIENTED_EDGE('',*,*,#9542,.T.);
#9542 = EDGE_CURVE('',#9520,#9471,#9543,.T.);
#9543 = SURFACE_CURVE('',#9544,(#9548,#9555),.PCURVE_S1.);
#9544 = B_SPLINE_CURVE_WITH_KNOTS('',2,(#9545,#9546,#9547),
  .UNSPECIFIED.,.F.,.F.,(3,3),(0.,1.),.PIECEWISE_BEZIER_KNOTS.);
#9545 = CARTESIAN_POINT('',(-5.22216796875,-7.178689453125,2.35));
#9546 = CARTESIAN_POINT('',(-4.95849609375,-7.222634765625,2.35));
#9547 = CARTESIAN_POINT('',(-4.7802734375,-7.34592578125,2.35));
#9548 = PCURVE('',#2263,#9549);
#9549 = DEFINITIONAL_REPRESENTATION('',(#9550),#9554);
#9550 = LINE('',#9551,#9552);
#9551 = CARTESIAN_POINT('',(0.,-0.35));
#9552 = VECTOR('',#9553,1.);
#9553 = DIRECTION('',(1.,0.));
#9554 = ( GEOMETRIC_REPRESENTATION_CONTEXT(2) 
PARAMETRIC_REPRESENTATION_CONTEXT() REPRESENTATION_CONTEXT('2D SPACE',''
  ) );
#9555 = PCURVE('',#9307,#9556);
#9556 = DEFINITIONAL_REPRESENTATION('',(#9557),#9561);
#9557 = B_SPLINE_CURVE_WITH_KNOTS('',2,(#9558,#9559,#9560),
  .UNSPECIFIED.,.F.,.F.,(3,3),(0.,1.),.PIECEWISE_BEZIER_KNOTS.);
#9558 = CARTESIAN_POINT('',(2.2802734375,3.544921875));
#9559 = CARTESIAN_POINT('',(2.5439453125,3.5009765625));
#9560 = CARTESIAN_POINT('',(2.72216796875,3.377685546875));
#9561 = ( GEOMETRIC_REPRESENTATION_CONTEXT(2) 
PARAMETRIC_REPRESENTATION_CONTEXT() REPRESENTATION_CONTEXT('2D SPACE',''
  ) );
#9562 = ORIENTED_EDGE('',*,*,#9470,.F.);
#9563 = ORIENTED_EDGE('',*,*,#2247,.F.);
#9564 = ADVANCED_FACE('',(#9565),#2233,.T.);
#9565 = FACE_BOUND('',#9566,.T.);
#9566 = EDGE_LOOP('',(#9567,#9590,#9611,#9612));
#9567 = ORIENTED_EDGE('',*,*,#9568,.T.);
#9568 = EDGE_CURVE('',#2190,#9569,#9571,.T.);
#9569 = VERTEX_POINT('',#9570);
#9570 = CARTESIAN_POINT('',(-5.7666015625,-7.144509765625,2.35));
#9571 = SURFACE_CURVE('',#9572,(#9576,#9583),.PCURVE_S1.);
#9572 = LINE('',#9573,#9574);
#9573 = CARTESIAN_POINT('',(-5.7666015625,-7.144509765625,2.));
#9574 = VECTOR('',#9575,1.);
#9575 = DIRECTION('',(0.,0.,1.));
#9576 = PCURVE('',#2233,#9577);
#9577 = DEFINITIONAL_REPRESENTATION('',(#9578),#9582);
#9578 = LINE('',#9579,#9580);
#9579 = CARTESIAN_POINT('',(0.,0.));
#9580 = VECTOR('',#9581,1.);
#9581 = DIRECTION('',(0.,-1.));
#9582 = ( GEOMETRIC_REPRESENTATION_CONTEXT(2) 
PARAMETRIC_REPRESENTATION_CONTEXT() REPRESENTATION_CONTEXT('2D SPACE',''
  ) );
#9583 = PCURVE('',#2205,#9584);
#9584 = DEFINITIONAL_REPRESENTATION('',(#9585),#9589);
#9585 = LINE('',#9586,#9587);
#9586 = CARTESIAN_POINT('',(1.35009765625,0.));
#9587 = VECTOR('',#9588,1.);
#9588 = DIRECTION('',(0.,-1.));
#9589 = ( GEOMETRIC_REPRESENTATION_CONTEXT(2) 
PARAMETRIC_REPRESENTATION_CONTEXT() REPRESENTATION_CONTEXT('2D SPACE',''
  ) );
#9590 = ORIENTED_EDGE('',*,*,#9591,.T.);
#9591 = EDGE_CURVE('',#9569,#9520,#9592,.T.);
#9592 = SURFACE_CURVE('',#9593,(#9597,#9604),.PCURVE_S1.);
#9593 = B_SPLINE_CURVE_WITH_KNOTS('',2,(#9594,#9595,#9596),
  .UNSPECIFIED.,.F.,.F.,(3,3),(0.,1.),.PIECEWISE_BEZIER_KNOTS.);
#9594 = CARTESIAN_POINT('',(-5.7666015625,-7.144509765625,2.35));
#9595 = CARTESIAN_POINT('',(-5.41015625,-7.144509765625,2.35));
#9596 = CARTESIAN_POINT('',(-5.22216796875,-7.178689453125,2.35));
#9597 = PCURVE('',#2233,#9598);
#9598 = DEFINITIONAL_REPRESENTATION('',(#9599),#9603);
#9599 = LINE('',#9600,#9601);
#9600 = CARTESIAN_POINT('',(0.,-0.35));
#9601 = VECTOR('',#9602,1.);
#9602 = DIRECTION('',(1.,0.));
#9603 = ( GEOMETRIC_REPRESENTATION_CONTEXT(2) 
PARAMETRIC_REPRESENTATION_CONTEXT() REPRESENTATION_CONTEXT('2D SPACE',''
  ) );
#9604 = PCURVE('',#9307,#9605);
#9605 = DEFINITIONAL_REPRESENTATION('',(#9606),#9610);
#9606 = B_SPLINE_CURVE_WITH_KNOTS('',2,(#9607,#9608,#9609),
  .UNSPECIFIED.,.F.,.F.,(3,3),(0.,1.),.PIECEWISE_BEZIER_KNOTS.);
#9607 = CARTESIAN_POINT('',(1.73583984375,3.5791015625));
#9608 = CARTESIAN_POINT('',(2.09228515625,3.5791015625));
#9609 = CARTESIAN_POINT('',(2.2802734375,3.544921875));
#9610 = ( GEOMETRIC_REPRESENTATION_CONTEXT(2) 
PARAMETRIC_REPRESENTATION_CONTEXT() REPRESENTATION_CONTEXT('2D SPACE',''
  ) );
#9611 = ORIENTED_EDGE('',*,*,#9519,.F.);
#9612 = ORIENTED_EDGE('',*,*,#2217,.F.);
#9613 = ADVANCED_FACE('',(#9614),#2205,.T.);
#9614 = FACE_BOUND('',#9615,.T.);
#9615 = EDGE_LOOP('',(#9616,#9639,#9660,#9661));
#9616 = ORIENTED_EDGE('',*,*,#9617,.T.);
#9617 = EDGE_CURVE('',#2162,#9618,#9620,.T.);
#9618 = VERTEX_POINT('',#9619);
#9619 = CARTESIAN_POINT('',(-7.11669921875,-7.144509765625,2.35));
#9620 = SURFACE_CURVE('',#9621,(#9625,#9632),.PCURVE_S1.);
#9621 = LINE('',#9622,#9623);
#9622 = CARTESIAN_POINT('',(-7.11669921875,-7.144509765625,2.));
#9623 = VECTOR('',#9624,1.);
#9624 = DIRECTION('',(0.,0.,1.));
#9625 = PCURVE('',#2205,#9626);
#9626 = DEFINITIONAL_REPRESENTATION('',(#9627),#9631);
#9627 = LINE('',#9628,#9629);
#9628 = CARTESIAN_POINT('',(0.,0.));
#9629 = VECTOR('',#9630,1.);
#9630 = DIRECTION('',(0.,-1.));
#9631 = ( GEOMETRIC_REPRESENTATION_CONTEXT(2) 
PARAMETRIC_REPRESENTATION_CONTEXT() REPRESENTATION_CONTEXT('2D SPACE',''
  ) );
#9632 = PCURVE('',#2177,#9633);
#9633 = DEFINITIONAL_REPRESENTATION('',(#9634),#9638);
#9634 = LINE('',#9635,#9636);
#9635 = CARTESIAN_POINT('',(3.5791015625,0.));
#9636 = VECTOR('',#9637,1.);
#9637 = DIRECTION('',(0.,-1.));
#9638 = ( GEOMETRIC_REPRESENTATION_CONTEXT(2) 
PARAMETRIC_REPRESENTATION_CONTEXT() REPRESENTATION_CONTEXT('2D SPACE',''
  ) );
#9639 = ORIENTED_EDGE('',*,*,#9640,.T.);
#9640 = EDGE_CURVE('',#9618,#9569,#9641,.T.);
#9641 = SURFACE_CURVE('',#9642,(#9646,#9653),.PCURVE_S1.);
#9642 = LINE('',#9643,#9644);
#9643 = CARTESIAN_POINT('',(-7.11669921875,-7.144509765625,2.35));
#9644 = VECTOR('',#9645,1.);
#9645 = DIRECTION('',(1.,0.,0.));
#9646 = PCURVE('',#2205,#9647);
#9647 = DEFINITIONAL_REPRESENTATION('',(#9648),#9652);
#9648 = LINE('',#9649,#9650);
#9649 = CARTESIAN_POINT('',(0.,-0.35));
#9650 = VECTOR('',#9651,1.);
#9651 = DIRECTION('',(1.,0.));
#9652 = ( GEOMETRIC_REPRESENTATION_CONTEXT(2) 
PARAMETRIC_REPRESENTATION_CONTEXT() REPRESENTATION_CONTEXT('2D SPACE',''
  ) );
#9653 = PCURVE('',#9307,#9654);
#9654 = DEFINITIONAL_REPRESENTATION('',(#9655),#9659);
#9655 = LINE('',#9656,#9657);
#9656 = CARTESIAN_POINT('',(0.3857421875,3.5791015625));
#9657 = VECTOR('',#9658,1.);
#9658 = DIRECTION('',(1.,0.));
#9659 = ( GEOMETRIC_REPRESENTATION_CONTEXT(2) 
PARAMETRIC_REPRESENTATION_CONTEXT() REPRESENTATION_CONTEXT('2D SPACE',''
  ) );
#9660 = ORIENTED_EDGE('',*,*,#9568,.F.);
#9661 = ORIENTED_EDGE('',*,*,#2189,.F.);
#9662 = ADVANCED_FACE('',(#9663),#2177,.T.);
#9663 = FACE_BOUND('',#9664,.T.);
#9664 = EDGE_LOOP('',(#9665,#9695,#9716,#9717,#9718));
#9665 = ORIENTED_EDGE('',*,*,#9666,.T.);
#9666 = EDGE_CURVE('',#9667,#9669,#9671,.T.);
#9667 = VERTEX_POINT('',#9668);
#9668 = CARTESIAN_POINT('',(-7.11669921875,-10.72361132812,2.));
#9669 = VERTEX_POINT('',#9670);
#9670 = CARTESIAN_POINT('',(-7.11669921875,-10.72361132812,2.35));
#9671 = SURFACE_CURVE('',#9672,(#9676,#9683),.PCURVE_S1.);
#9672 = LINE('',#9673,#9674);
#9673 = CARTESIAN_POINT('',(-7.11669921875,-10.72361132812,2.));
#9674 = VECTOR('',#9675,1.);
#9675 = DIRECTION('',(0.,0.,1.));
#9676 = PCURVE('',#2177,#9677);
#9677 = DEFINITIONAL_REPRESENTATION('',(#9678),#9682);
#9678 = LINE('',#9679,#9680);
#9679 = CARTESIAN_POINT('',(0.,0.));
#9680 = VECTOR('',#9681,1.);
#9681 = DIRECTION('',(0.,-1.));
#9682 = ( GEOMETRIC_REPRESENTATION_CONTEXT(2) 
PARAMETRIC_REPRESENTATION_CONTEXT() REPRESENTATION_CONTEXT('2D SPACE',''
  ) );
#9683 = PCURVE('',#9684,#9689);
#9684 = PLANE('',#9685);
#9685 = AXIS2_PLACEMENT_3D('',#9686,#9687,#9688);
#9686 = CARTESIAN_POINT('',(-6.64306640625,-10.72361132812,2.));
#9687 = DIRECTION('',(0.,-1.,0.));
#9688 = DIRECTION('',(-1.,0.,0.));
#9689 = DEFINITIONAL_REPRESENTATION('',(#9690),#9694);
#9690 = LINE('',#9691,#9692);
#9691 = CARTESIAN_POINT('',(0.4736328125,0.));
#9692 = VECTOR('',#9693,1.);
#9693 = DIRECTION('',(0.,-1.));
#9694 = ( GEOMETRIC_REPRESENTATION_CONTEXT(2) 
PARAMETRIC_REPRESENTATION_CONTEXT() REPRESENTATION_CONTEXT('2D SPACE',''
  ) );
#9695 = ORIENTED_EDGE('',*,*,#9696,.T.);
#9696 = EDGE_CURVE('',#9669,#9618,#9697,.T.);
#9697 = SURFACE_CURVE('',#9698,(#9702,#9709),.PCURVE_S1.);
#9698 = LINE('',#9699,#9700);
#9699 = CARTESIAN_POINT('',(-7.11669921875,-10.72361132812,2.35));
#9700 = VECTOR('',#9701,1.);
#9701 = DIRECTION('',(0.,1.,0.));
#9702 = PCURVE('',#2177,#9703);
#9703 = DEFINITIONAL_REPRESENTATION('',(#9704),#9708);
#9704 = LINE('',#9705,#9706);
#9705 = CARTESIAN_POINT('',(0.,-0.35));
#9706 = VECTOR('',#9707,1.);
#9707 = DIRECTION('',(1.,0.));
#9708 = ( GEOMETRIC_REPRESENTATION_CONTEXT(2) 
PARAMETRIC_REPRESENTATION_CONTEXT() REPRESENTATION_CONTEXT('2D SPACE',''
  ) );
#9709 = PCURVE('',#9307,#9710);
#9710 = DEFINITIONAL_REPRESENTATION('',(#9711),#9715);
#9711 = LINE('',#9712,#9713);
#9712 = CARTESIAN_POINT('',(0.3857421875,0.));
#9713 = VECTOR('',#9714,1.);
#9714 = DIRECTION('',(0.,1.));
#9715 = ( GEOMETRIC_REPRESENTATION_CONTEXT(2) 
PARAMETRIC_REPRESENTATION_CONTEXT() REPRESENTATION_CONTEXT('2D SPACE',''
  ) );
#9716 = ORIENTED_EDGE('',*,*,#9617,.F.);
#9717 = ORIENTED_EDGE('',*,*,#2161,.F.);
#9718 = ORIENTED_EDGE('',*,*,#9719,.F.);
#9719 = EDGE_CURVE('',#9667,#2136,#9720,.T.);
#9720 = SURFACE_CURVE('',#9721,(#9725,#9732),.PCURVE_S1.);
#9721 = LINE('',#9722,#9723);
#9722 = CARTESIAN_POINT('',(-7.11669921875,-10.72361132812,2.));
#9723 = VECTOR('',#9724,1.);
#9724 = DIRECTION('',(0.,1.,0.));
#9725 = PCURVE('',#2177,#9726);
#9726 = DEFINITIONAL_REPRESENTATION('',(#9727),#9731);
#9727 = LINE('',#9728,#9729);
#9728 = CARTESIAN_POINT('',(0.,0.));
#9729 = VECTOR('',#9730,1.);
#9730 = DIRECTION('',(1.,0.));
#9731 = ( GEOMETRIC_REPRESENTATION_CONTEXT(2) 
PARAMETRIC_REPRESENTATION_CONTEXT() REPRESENTATION_CONTEXT('2D SPACE',''
  ) );
#9732 = PCURVE('',#6781,#9733);
#9733 = DEFINITIONAL_REPRESENTATION('',(#9734),#9738);
#9734 = LINE('',#9735,#9736);
#9735 = CARTESIAN_POINT('',(0.3857421875,0.));
#9736 = VECTOR('',#9737,1.);
#9737 = DIRECTION('',(0.,1.));
#9738 = ( GEOMETRIC_REPRESENTATION_CONTEXT(2) 
PARAMETRIC_REPRESENTATION_CONTEXT() REPRESENTATION_CONTEXT('2D SPACE',''
  ) );
#9739 = ADVANCED_FACE('',(#9740),#2121,.T.);
#9740 = FACE_BOUND('',#9741,.T.);
#9741 = EDGE_LOOP('',(#9742,#9765,#9793,#9823,#9844));
#9742 = ORIENTED_EDGE('',*,*,#9743,.T.);
#9743 = EDGE_CURVE('',#2076,#9744,#9746,.T.);
#9744 = VERTEX_POINT('',#9745);
#9745 = CARTESIAN_POINT('',(-8.3740234375,-8.838845703125,2.35));
#9746 = SURFACE_CURVE('',#9747,(#9751,#9758),.PCURVE_S1.);
#9747 = LINE('',#9748,#9749);
#9748 = CARTESIAN_POINT('',(-8.3740234375,-8.838845703125,2.));
#9749 = VECTOR('',#9750,1.);
#9750 = DIRECTION('',(0.,0.,1.));
#9751 = PCURVE('',#2121,#9752);
#9752 = DEFINITIONAL_REPRESENTATION('',(#9753),#9757);
#9753 = LINE('',#9754,#9755);
#9754 = CARTESIAN_POINT('',(0.,0.));
#9755 = VECTOR('',#9756,1.);
#9756 = DIRECTION('',(0.,-1.));
#9757 = ( GEOMETRIC_REPRESENTATION_CONTEXT(2) 
PARAMETRIC_REPRESENTATION_CONTEXT() REPRESENTATION_CONTEXT('2D SPACE',''
  ) );
#9758 = PCURVE('',#2091,#9759);
#9759 = DEFINITIONAL_REPRESENTATION('',(#9760),#9764);
#9760 = LINE('',#9761,#9762);
#9761 = CARTESIAN_POINT('',(1.,0.));
#9762 = VECTOR('',#9763,1.);
#9763 = DIRECTION('',(0.,-1.));
#9764 = ( GEOMETRIC_REPRESENTATION_CONTEXT(2) 
PARAMETRIC_REPRESENTATION_CONTEXT() REPRESENTATION_CONTEXT('2D SPACE',''
  ) );
#9765 = ORIENTED_EDGE('',*,*,#9766,.T.);
#9766 = EDGE_CURVE('',#9744,#9767,#9769,.T.);
#9767 = VERTEX_POINT('',#9768);
#9768 = CARTESIAN_POINT('',(-7.91259765625,-9.2038359375,2.35));
#9769 = SURFACE_CURVE('',#9770,(#9774,#9781),.PCURVE_S1.);
#9770 = B_SPLINE_CURVE_WITH_KNOTS('',2,(#9771,#9772,#9773),
  .UNSPECIFIED.,.F.,.F.,(3,3),(0.,1.),.PIECEWISE_BEZIER_KNOTS.);
#9771 = CARTESIAN_POINT('',(-8.3740234375,-8.838845703125,2.35));
#9772 = CARTESIAN_POINT('',(-8.0615234375,-8.982888671875,2.35));
#9773 = CARTESIAN_POINT('',(-7.91259765625,-9.2038359375,2.35));
#9774 = PCURVE('',#2121,#9775);
#9775 = DEFINITIONAL_REPRESENTATION('',(#9776),#9780);
#9776 = LINE('',#9777,#9778);
#9777 = CARTESIAN_POINT('',(0.,-0.35));
#9778 = VECTOR('',#9779,1.);
#9779 = DIRECTION('',(1.,0.));
#9780 = ( GEOMETRIC_REPRESENTATION_CONTEXT(2) 
PARAMETRIC_REPRESENTATION_CONTEXT() REPRESENTATION_CONTEXT('2D SPACE',''
  ) );
#9781 = PCURVE('',#9782,#9787);
#9782 = PLANE('',#9783);
#9783 = AXIS2_PLACEMENT_3D('',#9784,#9785,#9786);
#9784 = CARTESIAN_POINT('',(-10.83740234375,-10.72361132812,2.35));
#9785 = DIRECTION('',(0.,0.,1.));
#9786 = DIRECTION('',(1.,0.,0.));
#9787 = DEFINITIONAL_REPRESENTATION('',(#9788),#9792);
#9788 = B_SPLINE_CURVE_WITH_KNOTS('',2,(#9789,#9790,#9791),
  .UNSPECIFIED.,.F.,.F.,(3,3),(0.,1.),.PIECEWISE_BEZIER_KNOTS.);
#9789 = CARTESIAN_POINT('',(2.46337890625,1.884765625));
#9790 = CARTESIAN_POINT('',(2.77587890625,1.74072265625));
#9791 = CARTESIAN_POINT('',(2.9248046875,1.519775390625));
#9792 = ( GEOMETRIC_REPRESENTATION_CONTEXT(2) 
PARAMETRIC_REPRESENTATION_CONTEXT() REPRESENTATION_CONTEXT('2D SPACE',''
  ) );
#9793 = ORIENTED_EDGE('',*,*,#9794,.F.);
#9794 = EDGE_CURVE('',#9795,#9767,#9797,.T.);
#9795 = VERTEX_POINT('',#9796);
#9796 = CARTESIAN_POINT('',(-7.91259765625,-9.2038359375,2.));
#9797 = SURFACE_CURVE('',#9798,(#9802,#9809),.PCURVE_S1.);
#9798 = LINE('',#9799,#9800);
#9799 = CARTESIAN_POINT('',(-7.91259765625,-9.2038359375,2.));
#9800 = VECTOR('',#9801,1.);
#9801 = DIRECTION('',(0.,0.,1.));
#9802 = PCURVE('',#2121,#9803);
#9803 = DEFINITIONAL_REPRESENTATION('',(#9804),#9808);
#9804 = LINE('',#9805,#9806);
#9805 = CARTESIAN_POINT('',(1.,0.));
#9806 = VECTOR('',#9807,1.);
#9807 = DIRECTION('',(0.,-1.));
#9808 = ( GEOMETRIC_REPRESENTATION_CONTEXT(2) 
PARAMETRIC_REPRESENTATION_CONTEXT() REPRESENTATION_CONTEXT('2D SPACE',''
  ) );
#9809 = PCURVE('',#9810,#9817);
#9810 = SURFACE_OF_LINEAR_EXTRUSION('',#9811,#9815);
#9811 = B_SPLINE_CURVE_WITH_KNOTS('',2,(#9812,#9813,#9814),
  .UNSPECIFIED.,.F.,.F.,(3,3),(0.,1.),.PIECEWISE_BEZIER_KNOTS.);
#9812 = CARTESIAN_POINT('',(-7.91259765625,-9.2038359375,2.));
#9813 = CARTESIAN_POINT('',(-7.763671875,-9.424783203125,2.));
#9814 = CARTESIAN_POINT('',(-7.763671875,-9.712869140625,2.));
#9815 = VECTOR('',#9816,1.);
#9816 = DIRECTION('',(-0.,-0.,-1.));
#9817 = DEFINITIONAL_REPRESENTATION('',(#9818),#9822);
#9818 = LINE('',#9819,#9820);
#9819 = CARTESIAN_POINT('',(0.,0.));
#9820 = VECTOR('',#9821,1.);
#9821 = DIRECTION('',(0.,-1.));
#9822 = ( GEOMETRIC_REPRESENTATION_CONTEXT(2) 
PARAMETRIC_REPRESENTATION_CONTEXT() REPRESENTATION_CONTEXT('2D SPACE',''
  ) );
#9823 = ORIENTED_EDGE('',*,*,#9824,.F.);
#9824 = EDGE_CURVE('',#2106,#9795,#9825,.T.);
#9825 = SURFACE_CURVE('',#9826,(#9830,#9837),.PCURVE_S1.);
#9826 = B_SPLINE_CURVE_WITH_KNOTS('',2,(#9827,#9828,#9829),
  .UNSPECIFIED.,.F.,.F.,(3,3),(0.,1.),.PIECEWISE_BEZIER_KNOTS.);
#9827 = CARTESIAN_POINT('',(-8.3740234375,-8.838845703125,2.));
#9828 = CARTESIAN_POINT('',(-8.0615234375,-8.982888671875,2.));
#9829 = CARTESIAN_POINT('',(-7.91259765625,-9.2038359375,2.));
#9830 = PCURVE('',#2121,#9831);
#9831 = DEFINITIONAL_REPRESENTATION('',(#9832),#9836);
#9832 = LINE('',#9833,#9834);
#9833 = CARTESIAN_POINT('',(0.,0.));
#9834 = VECTOR('',#9835,1.);
#9835 = DIRECTION('',(1.,0.));
#9836 = ( GEOMETRIC_REPRESENTATION_CONTEXT(2) 
PARAMETRIC_REPRESENTATION_CONTEXT() REPRESENTATION_CONTEXT('2D SPACE',''
  ) );
#9837 = PCURVE('',#6809,#9838);
#9838 = DEFINITIONAL_REPRESENTATION('',(#9839),#9843);
#9839 = B_SPLINE_CURVE_WITH_KNOTS('',2,(#9840,#9841,#9842),
  .UNSPECIFIED.,.F.,.F.,(3,3),(0.,1.),.PIECEWISE_BEZIER_KNOTS.);
#9840 = CARTESIAN_POINT('',(2.46337890625,1.884765625));
#9841 = CARTESIAN_POINT('',(2.77587890625,1.74072265625));
#9842 = CARTESIAN_POINT('',(2.9248046875,1.519775390625));
#9843 = ( GEOMETRIC_REPRESENTATION_CONTEXT(2) 
PARAMETRIC_REPRESENTATION_CONTEXT() REPRESENTATION_CONTEXT('2D SPACE',''
  ) );
#9844 = ORIENTED_EDGE('',*,*,#2105,.F.);
#9845 = ADVANCED_FACE('',(#9846),#2091,.T.);
#9846 = FACE_BOUND('',#9847,.T.);
#9847 = EDGE_LOOP('',(#9848,#9871,#9892,#9893));
#9848 = ORIENTED_EDGE('',*,*,#9849,.T.);
#9849 = EDGE_CURVE('',#2046,#9850,#9852,.T.);
#9850 = VERTEX_POINT('',#9851);
#9851 = CARTESIAN_POINT('',(-9.166259765625,-8.61057421875,2.35));
#9852 = SURFACE_CURVE('',#9853,(#9857,#9864),.PCURVE_S1.);
#9853 = LINE('',#9854,#9855);
#9854 = CARTESIAN_POINT('',(-9.166259765625,-8.61057421875,2.));
#9855 = VECTOR('',#9856,1.);
#9856 = DIRECTION('',(0.,0.,1.));
#9857 = PCURVE('',#2091,#9858);
#9858 = DEFINITIONAL_REPRESENTATION('',(#9859),#9863);
#9859 = LINE('',#9860,#9861);
#9860 = CARTESIAN_POINT('',(0.,0.));
#9861 = VECTOR('',#9862,1.);
#9862 = DIRECTION('',(0.,-1.));
#9863 = ( GEOMETRIC_REPRESENTATION_CONTEXT(2) 
PARAMETRIC_REPRESENTATION_CONTEXT() REPRESENTATION_CONTEXT('2D SPACE',''
  ) );
#9864 = PCURVE('',#2061,#9865);
#9865 = DEFINITIONAL_REPRESENTATION('',(#9866),#9870);
#9866 = LINE('',#9867,#9868);
#9867 = CARTESIAN_POINT('',(1.,0.));
#9868 = VECTOR('',#9869,1.);
#9869 = DIRECTION('',(0.,-1.));
#9870 = ( GEOMETRIC_REPRESENTATION_CONTEXT(2) 
PARAMETRIC_REPRESENTATION_CONTEXT() REPRESENTATION_CONTEXT('2D SPACE',''
  ) );
#9871 = ORIENTED_EDGE('',*,*,#9872,.T.);
#9872 = EDGE_CURVE('',#9850,#9744,#9873,.T.);
#9873 = SURFACE_CURVE('',#9874,(#9878,#9885),.PCURVE_S1.);
#9874 = B_SPLINE_CURVE_WITH_KNOTS('',2,(#9875,#9876,#9877),
  .UNSPECIFIED.,.F.,.F.,(3,3),(0.,1.),.PIECEWISE_BEZIER_KNOTS.);
#9875 = CARTESIAN_POINT('',(-9.166259765625,-8.61057421875,2.35));
#9876 = CARTESIAN_POINT('',(-8.5888671875,-8.741189453125,2.35));
#9877 = CARTESIAN_POINT('',(-8.3740234375,-8.838845703125,2.35));
#9878 = PCURVE('',#2091,#9879);
#9879 = DEFINITIONAL_REPRESENTATION('',(#9880),#9884);
#9880 = LINE('',#9881,#9882);
#9881 = CARTESIAN_POINT('',(0.,-0.35));
#9882 = VECTOR('',#9883,1.);
#9883 = DIRECTION('',(1.,0.));
#9884 = ( GEOMETRIC_REPRESENTATION_CONTEXT(2) 
PARAMETRIC_REPRESENTATION_CONTEXT() REPRESENTATION_CONTEXT('2D SPACE',''
  ) );
#9885 = PCURVE('',#9782,#9886);
#9886 = DEFINITIONAL_REPRESENTATION('',(#9887),#9891);
#9887 = B_SPLINE_CURVE_WITH_KNOTS('',2,(#9888,#9889,#9890),
  .UNSPECIFIED.,.F.,.F.,(3,3),(0.,1.),.PIECEWISE_BEZIER_KNOTS.);
#9888 = CARTESIAN_POINT('',(1.671142578125,2.113037109375));
#9889 = CARTESIAN_POINT('',(2.24853515625,1.982421875));
#9890 = CARTESIAN_POINT('',(2.46337890625,1.884765625));
#9891 = ( GEOMETRIC_REPRESENTATION_CONTEXT(2) 
PARAMETRIC_REPRESENTATION_CONTEXT() REPRESENTATION_CONTEXT('2D SPACE',''
  ) );
#9892 = ORIENTED_EDGE('',*,*,#9743,.F.);
#9893 = ORIENTED_EDGE('',*,*,#2075,.F.);
#9894 = ADVANCED_FACE('',(#9895),#2061,.T.);
#9895 = FACE_BOUND('',#9896,.T.);
#9896 = EDGE_LOOP('',(#9897,#9920,#9941,#9942));
#9897 = ORIENTED_EDGE('',*,*,#9898,.T.);
#9898 = EDGE_CURVE('',#2016,#9899,#9901,.T.);
#9899 = VERTEX_POINT('',#9900);
#9900 = CARTESIAN_POINT('',(-9.88037109375,-8.355447265625,2.35));
#9901 = SURFACE_CURVE('',#9902,(#9906,#9913),.PCURVE_S1.);
#9902 = LINE('',#9903,#9904);
#9903 = CARTESIAN_POINT('',(-9.88037109375,-8.355447265625,2.));
#9904 = VECTOR('',#9905,1.);
#9905 = DIRECTION('',(0.,0.,1.));
#9906 = PCURVE('',#2061,#9907);
#9907 = DEFINITIONAL_REPRESENTATION('',(#9908),#9912);
#9908 = LINE('',#9909,#9910);
#9909 = CARTESIAN_POINT('',(0.,0.));
#9910 = VECTOR('',#9911,1.);
#9911 = DIRECTION('',(0.,-1.));
#9912 = ( GEOMETRIC_REPRESENTATION_CONTEXT(2) 
PARAMETRIC_REPRESENTATION_CONTEXT() REPRESENTATION_CONTEXT('2D SPACE',''
  ) );
#9913 = PCURVE('',#2031,#9914);
#9914 = DEFINITIONAL_REPRESENTATION('',(#9915),#9919);
#9915 = LINE('',#9916,#9917);
#9916 = CARTESIAN_POINT('',(1.,0.));
#9917 = VECTOR('',#9918,1.);
#9918 = DIRECTION('',(0.,-1.));
#9919 = ( GEOMETRIC_REPRESENTATION_CONTEXT(2) 
PARAMETRIC_REPRESENTATION_CONTEXT() REPRESENTATION_CONTEXT('2D SPACE',''
  ) );
#9920 = ORIENTED_EDGE('',*,*,#9921,.T.);
#9921 = EDGE_CURVE('',#9899,#9850,#9922,.T.);
#9922 = SURFACE_CURVE('',#9923,(#9927,#9934),.PCURVE_S1.);
#9923 = B_SPLINE_CURVE_WITH_KNOTS('',2,(#9924,#9925,#9926),
  .UNSPECIFIED.,.F.,.F.,(3,3),(0.,1.),.PIECEWISE_BEZIER_KNOTS.);
#9924 = CARTESIAN_POINT('',(-9.88037109375,-8.355447265625,2.35));
#9925 = CARTESIAN_POINT('',(-9.74365234375,-8.479958984375,2.35));
#9926 = CARTESIAN_POINT('',(-9.166259765625,-8.61057421875,2.35));
#9927 = PCURVE('',#2061,#9928);
#9928 = DEFINITIONAL_REPRESENTATION('',(#9929),#9933);
#9929 = LINE('',#9930,#9931);
#9930 = CARTESIAN_POINT('',(0.,-0.35));
#9931 = VECTOR('',#9932,1.);
#9932 = DIRECTION('',(1.,0.));
#9933 = ( GEOMETRIC_REPRESENTATION_CONTEXT(2) 
PARAMETRIC_REPRESENTATION_CONTEXT() REPRESENTATION_CONTEXT('2D SPACE',''
  ) );
#9934 = PCURVE('',#9782,#9935);
#9935 = DEFINITIONAL_REPRESENTATION('',(#9936),#9940);
#9936 = B_SPLINE_CURVE_WITH_KNOTS('',2,(#9937,#9938,#9939),
  .UNSPECIFIED.,.F.,.F.,(3,3),(0.,1.),.PIECEWISE_BEZIER_KNOTS.);
#9937 = CARTESIAN_POINT('',(0.95703125,2.3681640625));
#9938 = CARTESIAN_POINT('',(1.09375,2.24365234375));
#9939 = CARTESIAN_POINT('',(1.671142578125,2.113037109375));
#9940 = ( GEOMETRIC_REPRESENTATION_CONTEXT(2) 
PARAMETRIC_REPRESENTATION_CONTEXT() REPRESENTATION_CONTEXT('2D SPACE',''
  ) );
#9941 = ORIENTED_EDGE('',*,*,#9849,.F.);
#9942 = ORIENTED_EDGE('',*,*,#2045,.F.);
#9943 = ADVANCED_FACE('',(#9944),#2031,.T.);
#9944 = FACE_BOUND('',#9945,.T.);
#9945 = EDGE_LOOP('',(#9946,#9969,#9990,#9991));
#9946 = ORIENTED_EDGE('',*,*,#9947,.T.);
#9947 = EDGE_CURVE('',#1986,#9948,#9950,.T.);
#9948 = VERTEX_POINT('',#9949);
#9949 = CARTESIAN_POINT('',(-10.01953125,-8.038064453125,2.35));
#9950 = SURFACE_CURVE('',#9951,(#9955,#9962),.PCURVE_S1.);
#9951 = LINE('',#9952,#9953);
#9952 = CARTESIAN_POINT('',(-10.01953125,-8.038064453125,2.));
#9953 = VECTOR('',#9954,1.);
#9954 = DIRECTION('',(0.,0.,1.));
#9955 = PCURVE('',#2031,#9956);
#9956 = DEFINITIONAL_REPRESENTATION('',(#9957),#9961);
#9957 = LINE('',#9958,#9959);
#9958 = CARTESIAN_POINT('',(0.,0.));
#9959 = VECTOR('',#9960,1.);
#9960 = DIRECTION('',(0.,-1.));
#9961 = ( GEOMETRIC_REPRESENTATION_CONTEXT(2) 
PARAMETRIC_REPRESENTATION_CONTEXT() REPRESENTATION_CONTEXT('2D SPACE',''
  ) );
#9962 = PCURVE('',#2001,#9963);
#9963 = DEFINITIONAL_REPRESENTATION('',(#9964),#9968);
#9964 = LINE('',#9965,#9966);
#9965 = CARTESIAN_POINT('',(1.,0.));
#9966 = VECTOR('',#9967,1.);
#9967 = DIRECTION('',(0.,-1.));
#9968 = ( GEOMETRIC_REPRESENTATION_CONTEXT(2) 
PARAMETRIC_REPRESENTATION_CONTEXT() REPRESENTATION_CONTEXT('2D SPACE',''
  ) );
#9969 = ORIENTED_EDGE('',*,*,#9970,.T.);
#9970 = EDGE_CURVE('',#9948,#9899,#9971,.T.);
#9971 = SURFACE_CURVE('',#9972,(#9976,#9983),.PCURVE_S1.);
#9972 = B_SPLINE_CURVE_WITH_KNOTS('',2,(#9973,#9974,#9975),
  .UNSPECIFIED.,.F.,.F.,(3,3),(0.,1.),.PIECEWISE_BEZIER_KNOTS.);
#9973 = CARTESIAN_POINT('',(-10.01953125,-8.038064453125,2.35));
#9974 = CARTESIAN_POINT('',(-10.01953125,-8.230935546875,2.35));
#9975 = CARTESIAN_POINT('',(-9.88037109375,-8.355447265625,2.35));
#9976 = PCURVE('',#2031,#9977);
#9977 = DEFINITIONAL_REPRESENTATION('',(#9978),#9982);
#9978 = LINE('',#9979,#9980);
#9979 = CARTESIAN_POINT('',(0.,-0.35));
#9980 = VECTOR('',#9981,1.);
#9981 = DIRECTION('',(1.,0.));
#9982 = ( GEOMETRIC_REPRESENTATION_CONTEXT(2) 
PARAMETRIC_REPRESENTATION_CONTEXT() REPRESENTATION_CONTEXT('2D SPACE',''
  ) );
#9983 = PCURVE('',#9782,#9984);
#9984 = DEFINITIONAL_REPRESENTATION('',(#9985),#9989);
#9985 = B_SPLINE_CURVE_WITH_KNOTS('',2,(#9986,#9987,#9988),
  .UNSPECIFIED.,.F.,.F.,(3,3),(0.,1.),.PIECEWISE_BEZIER_KNOTS.);
#9986 = CARTESIAN_POINT('',(0.81787109375,2.685546875));
#9987 = CARTESIAN_POINT('',(0.81787109375,2.49267578125));
#9988 = CARTESIAN_POINT('',(0.95703125,2.3681640625));
#9989 = ( GEOMETRIC_REPRESENTATION_CONTEXT(2) 
PARAMETRIC_REPRESENTATION_CONTEXT() REPRESENTATION_CONTEXT('2D SPACE',''
  ) );
#9990 = ORIENTED_EDGE('',*,*,#9898,.F.);
#9991 = ORIENTED_EDGE('',*,*,#2015,.F.);
#9992 = ADVANCED_FACE('',(#9993),#2001,.T.);
#9993 = FACE_BOUND('',#9994,.T.);
#9994 = EDGE_LOOP('',(#9995,#10018,#10039,#10040));
#9995 = ORIENTED_EDGE('',*,*,#9996,.T.);
#9996 = EDGE_CURVE('',#1956,#9997,#9999,.T.);
#9997 = VERTEX_POINT('',#9998);
#9998 = CARTESIAN_POINT('',(-9.822998046875,-7.65842578125,2.35));
#9999 = SURFACE_CURVE('',#10000,(#10004,#10011),.PCURVE_S1.);
#10000 = LINE('',#10001,#10002);
#10001 = CARTESIAN_POINT('',(-9.822998046875,-7.65842578125,2.));
#10002 = VECTOR('',#10003,1.);
#10003 = DIRECTION('',(0.,0.,1.));
#10004 = PCURVE('',#2001,#10005);
#10005 = DEFINITIONAL_REPRESENTATION('',(#10006),#10010);
#10006 = LINE('',#10007,#10008);
#10007 = CARTESIAN_POINT('',(0.,0.));
#10008 = VECTOR('',#10009,1.);
#10009 = DIRECTION('',(0.,-1.));
#10010 = ( GEOMETRIC_REPRESENTATION_CONTEXT(2) 
PARAMETRIC_REPRESENTATION_CONTEXT() REPRESENTATION_CONTEXT('2D SPACE',''
  ) );
#10011 = PCURVE('',#1971,#10012);
#10012 = DEFINITIONAL_REPRESENTATION('',(#10013),#10017);
#10013 = LINE('',#10014,#10015);
#10014 = CARTESIAN_POINT('',(1.,0.));
#10015 = VECTOR('',#10016,1.);
#10016 = DIRECTION('',(0.,-1.));
#10017 = ( GEOMETRIC_REPRESENTATION_CONTEXT(2) 
PARAMETRIC_REPRESENTATION_CONTEXT() REPRESENTATION_CONTEXT('2D SPACE',''
  ) );
#10018 = ORIENTED_EDGE('',*,*,#10019,.T.);
#10019 = EDGE_CURVE('',#9997,#9948,#10020,.T.);
#10020 = SURFACE_CURVE('',#10021,(#10025,#10032),.PCURVE_S1.);
#10021 = B_SPLINE_CURVE_WITH_KNOTS('',2,(#10022,#10023,#10024),
  .UNSPECIFIED.,.F.,.F.,(3,3),(0.,1.),.PIECEWISE_BEZIER_KNOTS.);
#10022 = CARTESIAN_POINT('',(-9.822998046875,-7.65842578125,2.35));
#10023 = CARTESIAN_POINT('',(-10.01953125,-7.815896484375,2.35));
#10024 = CARTESIAN_POINT('',(-10.01953125,-8.038064453125,2.35));
#10025 = PCURVE('',#2001,#10026);
#10026 = DEFINITIONAL_REPRESENTATION('',(#10027),#10031);
#10027 = LINE('',#10028,#10029);
#10028 = CARTESIAN_POINT('',(0.,-0.35));
#10029 = VECTOR('',#10030,1.);
#10030 = DIRECTION('',(1.,0.));
#10031 = ( GEOMETRIC_REPRESENTATION_CONTEXT(2) 
PARAMETRIC_REPRESENTATION_CONTEXT() REPRESENTATION_CONTEXT('2D SPACE',''
  ) );
#10032 = PCURVE('',#9782,#10033);
#10033 = DEFINITIONAL_REPRESENTATION('',(#10034),#10038);
#10034 = B_SPLINE_CURVE_WITH_KNOTS('',2,(#10035,#10036,#10037),
  .UNSPECIFIED.,.F.,.F.,(3,3),(0.,1.),.PIECEWISE_BEZIER_KNOTS.);
#10035 = CARTESIAN_POINT('',(1.014404296875,3.065185546875));
#10036 = CARTESIAN_POINT('',(0.81787109375,2.90771484375));
#10037 = CARTESIAN_POINT('',(0.81787109375,2.685546875));
#10038 = ( GEOMETRIC_REPRESENTATION_CONTEXT(2) 
PARAMETRIC_REPRESENTATION_CONTEXT() REPRESENTATION_CONTEXT('2D SPACE',''
  ) );
#10039 = ORIENTED_EDGE('',*,*,#9947,.F.);
#10040 = ORIENTED_EDGE('',*,*,#1985,.F.);
#10041 = ADVANCED_FACE('',(#10042),#1971,.T.);
#10042 = FACE_BOUND('',#10043,.T.);
#10043 = EDGE_LOOP('',(#10044,#10067,#10088,#10089));
#10044 = ORIENTED_EDGE('',*,*,#10045,.T.);
#10045 = EDGE_CURVE('',#1926,#10046,#10048,.T.);
#10046 = VERTEX_POINT('',#10047);
#10047 = CARTESIAN_POINT('',(-9.19677734375,-7.500955078125,2.35));
#10048 = SURFACE_CURVE('',#10049,(#10053,#10060),.PCURVE_S1.);
#10049 = LINE('',#10050,#10051);
#10050 = CARTESIAN_POINT('',(-9.19677734375,-7.500955078125,2.));
#10051 = VECTOR('',#10052,1.);
#10052 = DIRECTION('',(0.,0.,1.));
#10053 = PCURVE('',#1971,#10054);
#10054 = DEFINITIONAL_REPRESENTATION('',(#10055),#10059);
#10055 = LINE('',#10056,#10057);
#10056 = CARTESIAN_POINT('',(0.,0.));
#10057 = VECTOR('',#10058,1.);
#10058 = DIRECTION('',(0.,-1.));
#10059 = ( GEOMETRIC_REPRESENTATION_CONTEXT(2) 
PARAMETRIC_REPRESENTATION_CONTEXT() REPRESENTATION_CONTEXT('2D SPACE',''
  ) );
#10060 = PCURVE('',#1941,#10061);
#10061 = DEFINITIONAL_REPRESENTATION('',(#10062),#10066);
#10062 = LINE('',#10063,#10064);
#10063 = CARTESIAN_POINT('',(1.,0.));
#10064 = VECTOR('',#10065,1.);
#10065 = DIRECTION('',(0.,-1.));
#10066 = ( GEOMETRIC_REPRESENTATION_CONTEXT(2) 
PARAMETRIC_REPRESENTATION_CONTEXT() REPRESENTATION_CONTEXT('2D SPACE',''
  ) );
#10067 = ORIENTED_EDGE('',*,*,#10068,.T.);
#10068 = EDGE_CURVE('',#10046,#9997,#10069,.T.);
#10069 = SURFACE_CURVE('',#10070,(#10074,#10081),.PCURVE_S1.);
#10070 = B_SPLINE_CURVE_WITH_KNOTS('',2,(#10071,#10072,#10073),
  .UNSPECIFIED.,.F.,.F.,(3,3),(0.,1.),.PIECEWISE_BEZIER_KNOTS.);
#10071 = CARTESIAN_POINT('',(-9.19677734375,-7.500955078125,2.35));
#10072 = CARTESIAN_POINT('',(-9.62646484375,-7.500955078125,2.35));
#10073 = CARTESIAN_POINT('',(-9.822998046875,-7.65842578125,2.35));
#10074 = PCURVE('',#1971,#10075);
#10075 = DEFINITIONAL_REPRESENTATION('',(#10076),#10080);
#10076 = LINE('',#10077,#10078);
#10077 = CARTESIAN_POINT('',(0.,-0.35));
#10078 = VECTOR('',#10079,1.);
#10079 = DIRECTION('',(1.,0.));
#10080 = ( GEOMETRIC_REPRESENTATION_CONTEXT(2) 
PARAMETRIC_REPRESENTATION_CONTEXT() REPRESENTATION_CONTEXT('2D SPACE',''
  ) );
#10081 = PCURVE('',#9782,#10082);
#10082 = DEFINITIONAL_REPRESENTATION('',(#10083),#10087);
#10083 = B_SPLINE_CURVE_WITH_KNOTS('',2,(#10084,#10085,#10086),
  .UNSPECIFIED.,.F.,.F.,(3,3),(0.,1.),.PIECEWISE_BEZIER_KNOTS.);
#10084 = CARTESIAN_POINT('',(1.640625,3.22265625));
#10085 = CARTESIAN_POINT('',(1.2109375,3.22265625));
#10086 = CARTESIAN_POINT('',(1.014404296875,3.065185546875));
#10087 = ( GEOMETRIC_REPRESENTATION_CONTEXT(2) 
PARAMETRIC_REPRESENTATION_CONTEXT() REPRESENTATION_CONTEXT('2D SPACE',''
  ) );
#10088 = ORIENTED_EDGE('',*,*,#9996,.F.);
#10089 = ORIENTED_EDGE('',*,*,#1955,.F.);
#10090 = ADVANCED_FACE('',(#10091),#1941,.T.);
#10091 = FACE_BOUND('',#10092,.T.);
#10092 = EDGE_LOOP('',(#10093,#10116,#10137,#10138));
#10093 = ORIENTED_EDGE('',*,*,#10094,.T.);
#10094 = EDGE_CURVE('',#1896,#10095,#10097,.T.);
#10095 = VERTEX_POINT('',#10096);
#10096 = CARTESIAN_POINT('',(-8.572998046875,-7.674294921875,2.35));
#10097 = SURFACE_CURVE('',#10098,(#10102,#10109),.PCURVE_S1.);
#10098 = LINE('',#10099,#10100);
#10099 = CARTESIAN_POINT('',(-8.572998046875,-7.674294921875,2.));
#10100 = VECTOR('',#10101,1.);
#10101 = DIRECTION('',(0.,0.,1.));
#10102 = PCURVE('',#1941,#10103);
#10103 = DEFINITIONAL_REPRESENTATION('',(#10104),#10108);
#10104 = LINE('',#10105,#10106);
#10105 = CARTESIAN_POINT('',(0.,0.));
#10106 = VECTOR('',#10107,1.);
#10107 = DIRECTION('',(0.,-1.));
#10108 = ( GEOMETRIC_REPRESENTATION_CONTEXT(2) 
PARAMETRIC_REPRESENTATION_CONTEXT() REPRESENTATION_CONTEXT('2D SPACE',''
  ) );
#10109 = PCURVE('',#1911,#10110);
#10110 = DEFINITIONAL_REPRESENTATION('',(#10111),#10115);
#10111 = LINE('',#10112,#10113);
#10112 = CARTESIAN_POINT('',(1.,0.));
#10113 = VECTOR('',#10114,1.);
#10114 = DIRECTION('',(0.,-1.));
#10115 = ( GEOMETRIC_REPRESENTATION_CONTEXT(2) 
PARAMETRIC_REPRESENTATION_CONTEXT() REPRESENTATION_CONTEXT('2D SPACE',''
  ) );
#10116 = ORIENTED_EDGE('',*,*,#10117,.T.);
#10117 = EDGE_CURVE('',#10095,#10046,#10118,.T.);
#10118 = SURFACE_CURVE('',#10119,(#10123,#10130),.PCURVE_S1.);
#10119 = B_SPLINE_CURVE_WITH_KNOTS('',2,(#10120,#10121,#10122),
  .UNSPECIFIED.,.F.,.F.,(3,3),(0.,1.),.PIECEWISE_BEZIER_KNOTS.);
#10120 = CARTESIAN_POINT('',(-8.572998046875,-7.674294921875,2.35));
#10121 = CARTESIAN_POINT('',(-8.7841796875,-7.500955078125,2.35));
#10122 = CARTESIAN_POINT('',(-9.19677734375,-7.500955078125,2.35));
#10123 = PCURVE('',#1941,#10124);
#10124 = DEFINITIONAL_REPRESENTATION('',(#10125),#10129);
#10125 = LINE('',#10126,#10127);
#10126 = CARTESIAN_POINT('',(0.,-0.35));
#10127 = VECTOR('',#10128,1.);
#10128 = DIRECTION('',(1.,0.));
#10129 = ( GEOMETRIC_REPRESENTATION_CONTEXT(2) 
PARAMETRIC_REPRESENTATION_CONTEXT() REPRESENTATION_CONTEXT('2D SPACE',''
  ) );
#10130 = PCURVE('',#9782,#10131);
#10131 = DEFINITIONAL_REPRESENTATION('',(#10132),#10136);
#10132 = B_SPLINE_CURVE_WITH_KNOTS('',2,(#10133,#10134,#10135),
  .UNSPECIFIED.,.F.,.F.,(3,3),(0.,1.),.PIECEWISE_BEZIER_KNOTS.);
#10133 = CARTESIAN_POINT('',(2.264404296875,3.04931640625));
#10134 = CARTESIAN_POINT('',(2.05322265625,3.22265625));
#10135 = CARTESIAN_POINT('',(1.640625,3.22265625));
#10136 = ( GEOMETRIC_REPRESENTATION_CONTEXT(2) 
PARAMETRIC_REPRESENTATION_CONTEXT() REPRESENTATION_CONTEXT('2D SPACE',''
  ) );
#10137 = ORIENTED_EDGE('',*,*,#10045,.F.);
#10138 = ORIENTED_EDGE('',*,*,#1925,.F.);
#10139 = ADVANCED_FACE('',(#10140),#1911,.T.);
#10140 = FACE_BOUND('',#10141,.T.);
#10141 = EDGE_LOOP('',(#10142,#10165,#10186,#10187));
#10142 = ORIENTED_EDGE('',*,*,#10143,.T.);
#10143 = EDGE_CURVE('',#1868,#10144,#10146,.T.);
#10144 = VERTEX_POINT('',#10145);
#10145 = CARTESIAN_POINT('',(-8.3251953125,-8.186990234375,2.35));
#10146 = SURFACE_CURVE('',#10147,(#10151,#10158),.PCURVE_S1.);
#10147 = LINE('',#10148,#10149);
#10148 = CARTESIAN_POINT('',(-8.3251953125,-8.186990234375,2.));
#10149 = VECTOR('',#10150,1.);
#10150 = DIRECTION('',(0.,0.,1.));
#10151 = PCURVE('',#1911,#10152);
#10152 = DEFINITIONAL_REPRESENTATION('',(#10153),#10157);
#10153 = LINE('',#10154,#10155);
#10154 = CARTESIAN_POINT('',(0.,0.));
#10155 = VECTOR('',#10156,1.);
#10156 = DIRECTION('',(0.,-1.));
#10157 = ( GEOMETRIC_REPRESENTATION_CONTEXT(2) 
PARAMETRIC_REPRESENTATION_CONTEXT() REPRESENTATION_CONTEXT('2D SPACE',''
  ) );
#10158 = PCURVE('',#1883,#10159);
#10159 = DEFINITIONAL_REPRESENTATION('',(#10160),#10164);
#10160 = LINE('',#10161,#10162);
#10161 = CARTESIAN_POINT('',(0.455386078073,0.));
#10162 = VECTOR('',#10163,1.);
#10163 = DIRECTION('',(0.,-1.));
#10164 = ( GEOMETRIC_REPRESENTATION_CONTEXT(2) 
PARAMETRIC_REPRESENTATION_CONTEXT() REPRESENTATION_CONTEXT('2D SPACE',''
  ) );
#10165 = ORIENTED_EDGE('',*,*,#10166,.T.);
#10166 = EDGE_CURVE('',#10144,#10095,#10167,.T.);
#10167 = SURFACE_CURVE('',#10168,(#10172,#10179),.PCURVE_S1.);
#10168 = B_SPLINE_CURVE_WITH_KNOTS('',2,(#10169,#10170,#10171),
  .UNSPECIFIED.,.F.,.F.,(3,3),(0.,1.),.PIECEWISE_BEZIER_KNOTS.);
#10169 = CARTESIAN_POINT('',(-8.3251953125,-8.186990234375,2.35));
#10170 = CARTESIAN_POINT('',(-8.36181640625,-7.847634765625,2.35));
#10171 = CARTESIAN_POINT('',(-8.572998046875,-7.674294921875,2.35));
#10172 = PCURVE('',#1911,#10173);
#10173 = DEFINITIONAL_REPRESENTATION('',(#10174),#10178);
#10174 = LINE('',#10175,#10176);
#10175 = CARTESIAN_POINT('',(0.,-0.35));
#10176 = VECTOR('',#10177,1.);
#10177 = DIRECTION('',(1.,0.));
#10178 = ( GEOMETRIC_REPRESENTATION_CONTEXT(2) 
PARAMETRIC_REPRESENTATION_CONTEXT() REPRESENTATION_CONTEXT('2D SPACE',''
  ) );
#10179 = PCURVE('',#9782,#10180);
#10180 = DEFINITIONAL_REPRESENTATION('',(#10181),#10185);
#10181 = B_SPLINE_CURVE_WITH_KNOTS('',2,(#10182,#10183,#10184),
  .UNSPECIFIED.,.F.,.F.,(3,3),(0.,1.),.PIECEWISE_BEZIER_KNOTS.);
#10182 = CARTESIAN_POINT('',(2.51220703125,2.53662109375));
#10183 = CARTESIAN_POINT('',(2.4755859375,2.8759765625));
#10184 = CARTESIAN_POINT('',(2.264404296875,3.04931640625));
#10185 = ( GEOMETRIC_REPRESENTATION_CONTEXT(2) 
PARAMETRIC_REPRESENTATION_CONTEXT() REPRESENTATION_CONTEXT('2D SPACE',''
  ) );
#10186 = ORIENTED_EDGE('',*,*,#10094,.F.);
#10187 = ORIENTED_EDGE('',*,*,#1895,.F.);
#10188 = ADVANCED_FACE('',(#10189),#1883,.T.);
#10189 = FACE_BOUND('',#10190,.T.);
#10190 = EDGE_LOOP('',(#10191,#10214,#10235,#10236));
#10191 = ORIENTED_EDGE('',*,*,#10192,.T.);
#10192 = EDGE_CURVE('',#1838,#10193,#10195,.T.);
#10193 = VERTEX_POINT('',#10194);
#10194 = CARTESIAN_POINT('',(-7.87109375,-8.152810546875,2.35));
#10195 = SURFACE_CURVE('',#10196,(#10200,#10207),.PCURVE_S1.);
#10196 = LINE('',#10197,#10198);
#10197 = CARTESIAN_POINT('',(-7.87109375,-8.152810546875,2.));
#10198 = VECTOR('',#10199,1.);
#10199 = DIRECTION('',(0.,0.,1.));
#10200 = PCURVE('',#1883,#10201);
#10201 = DEFINITIONAL_REPRESENTATION('',(#10202),#10206);
#10202 = LINE('',#10203,#10204);
#10203 = CARTESIAN_POINT('',(0.,0.));
#10204 = VECTOR('',#10205,1.);
#10205 = DIRECTION('',(0.,-1.));
#10206 = ( GEOMETRIC_REPRESENTATION_CONTEXT(2) 
PARAMETRIC_REPRESENTATION_CONTEXT() REPRESENTATION_CONTEXT('2D SPACE',''
  ) );
#10207 = PCURVE('',#1853,#10208);
#10208 = DEFINITIONAL_REPRESENTATION('',(#10209),#10213);
#10209 = LINE('',#10210,#10211);
#10210 = CARTESIAN_POINT('',(1.,0.));
#10211 = VECTOR('',#10212,1.);
#10212 = DIRECTION('',(0.,-1.));
#10213 = ( GEOMETRIC_REPRESENTATION_CONTEXT(2) 
PARAMETRIC_REPRESENTATION_CONTEXT() REPRESENTATION_CONTEXT('2D SPACE',''
  ) );
#10214 = ORIENTED_EDGE('',*,*,#10215,.T.);
#10215 = EDGE_CURVE('',#10193,#10144,#10216,.T.);
#10216 = SURFACE_CURVE('',#10217,(#10221,#10228),.PCURVE_S1.);
#10217 = LINE('',#10218,#10219);
#10218 = CARTESIAN_POINT('',(-7.87109375,-8.152810546875,2.35));
#10219 = VECTOR('',#10220,1.);
#10220 = DIRECTION('',(-0.997179282295,-7.505650511901E-02,0.));
#10221 = PCURVE('',#1883,#10222);
#10222 = DEFINITIONAL_REPRESENTATION('',(#10223),#10227);
#10223 = LINE('',#10224,#10225);
#10224 = CARTESIAN_POINT('',(0.,-0.35));
#10225 = VECTOR('',#10226,1.);
#10226 = DIRECTION('',(1.,0.));
#10227 = ( GEOMETRIC_REPRESENTATION_CONTEXT(2) 
PARAMETRIC_REPRESENTATION_CONTEXT() REPRESENTATION_CONTEXT('2D SPACE',''
  ) );
#10228 = PCURVE('',#9782,#10229);
#10229 = DEFINITIONAL_REPRESENTATION('',(#10230),#10234);
#10230 = LINE('',#10231,#10232);
#10231 = CARTESIAN_POINT('',(2.96630859375,2.57080078125));
#10232 = VECTOR('',#10233,1.);
#10233 = DIRECTION('',(-0.997179282295,-7.505650511901E-02));
#10234 = ( GEOMETRIC_REPRESENTATION_CONTEXT(2) 
PARAMETRIC_REPRESENTATION_CONTEXT() REPRESENTATION_CONTEXT('2D SPACE',''
  ) );
#10235 = ORIENTED_EDGE('',*,*,#10143,.F.);
#10236 = ORIENTED_EDGE('',*,*,#1867,.F.);
#10237 = ADVANCED_FACE('',(#10238),#1853,.T.);
#10238 = FACE_BOUND('',#10239,.T.);
#10239 = EDGE_LOOP('',(#10240,#10263,#10284,#10285));
#10240 = ORIENTED_EDGE('',*,*,#10241,.T.);
#10241 = EDGE_CURVE('',#1808,#10242,#10244,.T.);
#10242 = VERTEX_POINT('',#10243);
#10243 = CARTESIAN_POINT('',(-8.046875,-7.588845703125,2.35));
#10244 = SURFACE_CURVE('',#10245,(#10249,#10256),.PCURVE_S1.);
#10245 = LINE('',#10246,#10247);
#10246 = CARTESIAN_POINT('',(-8.046875,-7.588845703125,2.));
#10247 = VECTOR('',#10248,1.);
#10248 = DIRECTION('',(0.,0.,1.));
#10249 = PCURVE('',#1853,#10250);
#10250 = DEFINITIONAL_REPRESENTATION('',(#10251),#10255);
#10251 = LINE('',#10252,#10253);
#10252 = CARTESIAN_POINT('',(0.,0.));
#10253 = VECTOR('',#10254,1.);
#10254 = DIRECTION('',(0.,-1.));
#10255 = ( GEOMETRIC_REPRESENTATION_CONTEXT(2) 
PARAMETRIC_REPRESENTATION_CONTEXT() REPRESENTATION_CONTEXT('2D SPACE',''
  ) );
#10256 = PCURVE('',#1823,#10257);
#10257 = DEFINITIONAL_REPRESENTATION('',(#10258),#10262);
#10258 = LINE('',#10259,#10260);
#10259 = CARTESIAN_POINT('',(1.,0.));
#10260 = VECTOR('',#10261,1.);
#10261 = DIRECTION('',(0.,-1.));
#10262 = ( GEOMETRIC_REPRESENTATION_CONTEXT(2) 
PARAMETRIC_REPRESENTATION_CONTEXT() REPRESENTATION_CONTEXT('2D SPACE',''
  ) );
#10263 = ORIENTED_EDGE('',*,*,#10264,.T.);
#10264 = EDGE_CURVE('',#10242,#10193,#10265,.T.);
#10265 = SURFACE_CURVE('',#10266,(#10270,#10277),.PCURVE_S1.);
#10266 = B_SPLINE_CURVE_WITH_KNOTS('',2,(#10267,#10268,#10269),
  .UNSPECIFIED.,.F.,.F.,(3,3),(0.,1.),.PIECEWISE_BEZIER_KNOTS.);
#10267 = CARTESIAN_POINT('',(-8.046875,-7.588845703125,2.35));
#10268 = CARTESIAN_POINT('',(-7.88330078125,-7.837869140625,2.35));
#10269 = CARTESIAN_POINT('',(-7.87109375,-8.152810546875,2.35));
#10270 = PCURVE('',#1853,#10271);
#10271 = DEFINITIONAL_REPRESENTATION('',(#10272),#10276);
#10272 = LINE('',#10273,#10274);
#10273 = CARTESIAN_POINT('',(0.,-0.35));
#10274 = VECTOR('',#10275,1.);
#10275 = DIRECTION('',(1.,0.));
#10276 = ( GEOMETRIC_REPRESENTATION_CONTEXT(2) 
PARAMETRIC_REPRESENTATION_CONTEXT() REPRESENTATION_CONTEXT('2D SPACE',''
  ) );
#10277 = PCURVE('',#9782,#10278);
#10278 = DEFINITIONAL_REPRESENTATION('',(#10279),#10283);
#10279 = B_SPLINE_CURVE_WITH_KNOTS('',2,(#10280,#10281,#10282),
  .UNSPECIFIED.,.F.,.F.,(3,3),(0.,1.),.PIECEWISE_BEZIER_KNOTS.);
#10280 = CARTESIAN_POINT('',(2.79052734375,3.134765625));
#10281 = CARTESIAN_POINT('',(2.9541015625,2.8857421875));
#10282 = CARTESIAN_POINT('',(2.96630859375,2.57080078125));
#10283 = ( GEOMETRIC_REPRESENTATION_CONTEXT(2) 
PARAMETRIC_REPRESENTATION_CONTEXT() REPRESENTATION_CONTEXT('2D SPACE',''
  ) );
#10284 = ORIENTED_EDGE('',*,*,#10192,.F.);
#10285 = ORIENTED_EDGE('',*,*,#1837,.F.);
#10286 = ADVANCED_FACE('',(#10287),#1823,.T.);
#10287 = FACE_BOUND('',#10288,.T.);
#10288 = EDGE_LOOP('',(#10289,#10312,#10333,#10334));
#10289 = ORIENTED_EDGE('',*,*,#10290,.T.);
#10290 = EDGE_CURVE('',#1778,#10291,#10293,.T.);
#10291 = VERTEX_POINT('',#10292);
#10292 = CARTESIAN_POINT('',(-8.514404296875,-7.2116484375,2.35));
#10293 = SURFACE_CURVE('',#10294,(#10298,#10305),.PCURVE_S1.);
#10294 = LINE('',#10295,#10296);
#10295 = CARTESIAN_POINT('',(-8.514404296875,-7.2116484375,2.));
#10296 = VECTOR('',#10297,1.);
#10297 = DIRECTION('',(0.,0.,1.));
#10298 = PCURVE('',#1823,#10299);
#10299 = DEFINITIONAL_REPRESENTATION('',(#10300),#10304);
#10300 = LINE('',#10301,#10302);
#10301 = CARTESIAN_POINT('',(0.,0.));
#10302 = VECTOR('',#10303,1.);
#10303 = DIRECTION('',(0.,-1.));
#10304 = ( GEOMETRIC_REPRESENTATION_CONTEXT(2) 
PARAMETRIC_REPRESENTATION_CONTEXT() REPRESENTATION_CONTEXT('2D SPACE',''
  ) );
#10305 = PCURVE('',#1793,#10306);
#10306 = DEFINITIONAL_REPRESENTATION('',(#10307),#10311);
#10307 = LINE('',#10308,#10309);
#10308 = CARTESIAN_POINT('',(1.,0.));
#10309 = VECTOR('',#10310,1.);
#10310 = DIRECTION('',(0.,-1.));
#10311 = ( GEOMETRIC_REPRESENTATION_CONTEXT(2) 
PARAMETRIC_REPRESENTATION_CONTEXT() REPRESENTATION_CONTEXT('2D SPACE',''
  ) );
#10312 = ORIENTED_EDGE('',*,*,#10313,.T.);
#10313 = EDGE_CURVE('',#10291,#10242,#10314,.T.);
#10314 = SURFACE_CURVE('',#10315,(#10319,#10326),.PCURVE_S1.);
#10315 = B_SPLINE_CURVE_WITH_KNOTS('',2,(#10316,#10317,#10318),
  .UNSPECIFIED.,.F.,.F.,(3,3),(0.,1.),.PIECEWISE_BEZIER_KNOTS.);
#10316 = CARTESIAN_POINT('',(-8.514404296875,-7.2116484375,2.35));
#10317 = CARTESIAN_POINT('',(-8.21044921875,-7.339822265625,2.35));
#10318 = CARTESIAN_POINT('',(-8.046875,-7.588845703125,2.35));
#10319 = PCURVE('',#1823,#10320);
#10320 = DEFINITIONAL_REPRESENTATION('',(#10321),#10325);
#10321 = LINE('',#10322,#10323);
#10322 = CARTESIAN_POINT('',(0.,-0.35));
#10323 = VECTOR('',#10324,1.);
#10324 = DIRECTION('',(1.,0.));
#10325 = ( GEOMETRIC_REPRESENTATION_CONTEXT(2) 
PARAMETRIC_REPRESENTATION_CONTEXT() REPRESENTATION_CONTEXT('2D SPACE',''
  ) );
#10326 = PCURVE('',#9782,#10327);
#10327 = DEFINITIONAL_REPRESENTATION('',(#10328),#10332);
#10328 = B_SPLINE_CURVE_WITH_KNOTS('',2,(#10329,#10330,#10331),
  .UNSPECIFIED.,.F.,.F.,(3,3),(0.,1.),.PIECEWISE_BEZIER_KNOTS.);
#10329 = CARTESIAN_POINT('',(2.322998046875,3.511962890625));
#10330 = CARTESIAN_POINT('',(2.626953125,3.3837890625));
#10331 = CARTESIAN_POINT('',(2.79052734375,3.134765625));
#10332 = ( GEOMETRIC_REPRESENTATION_CONTEXT(2) 
PARAMETRIC_REPRESENTATION_CONTEXT() REPRESENTATION_CONTEXT('2D SPACE',''
  ) );
#10333 = ORIENTED_EDGE('',*,*,#10241,.F.);
#10334 = ORIENTED_EDGE('',*,*,#1807,.F.);
#10335 = ADVANCED_FACE('',(#10336),#1793,.T.);
#10336 = FACE_BOUND('',#10337,.T.);
#10337 = EDGE_LOOP('',(#10338,#10361,#10382,#10383));
#10338 = ORIENTED_EDGE('',*,*,#10339,.T.);
#10339 = EDGE_CURVE('',#1748,#10340,#10342,.T.);
#10340 = VERTEX_POINT('',#10341);
#10341 = CARTESIAN_POINT('',(-9.21630859375,-7.083474609375,2.35));
#10342 = SURFACE_CURVE('',#10343,(#10347,#10354),.PCURVE_S1.);
#10343 = LINE('',#10344,#10345);
#10344 = CARTESIAN_POINT('',(-9.21630859375,-7.083474609375,2.));
#10345 = VECTOR('',#10346,1.);
#10346 = DIRECTION('',(0.,0.,1.));
#10347 = PCURVE('',#1793,#10348);
#10348 = DEFINITIONAL_REPRESENTATION('',(#10349),#10353);
#10349 = LINE('',#10350,#10351);
#10350 = CARTESIAN_POINT('',(0.,0.));
#10351 = VECTOR('',#10352,1.);
#10352 = DIRECTION('',(0.,-1.));
#10353 = ( GEOMETRIC_REPRESENTATION_CONTEXT(2) 
PARAMETRIC_REPRESENTATION_CONTEXT() REPRESENTATION_CONTEXT('2D SPACE',''
  ) );
#10354 = PCURVE('',#1763,#10355);
#10355 = DEFINITIONAL_REPRESENTATION('',(#10356),#10360);
#10356 = LINE('',#10357,#10358);
#10357 = CARTESIAN_POINT('',(1.,0.));
#10358 = VECTOR('',#10359,1.);
#10359 = DIRECTION('',(0.,-1.));
#10360 = ( GEOMETRIC_REPRESENTATION_CONTEXT(2) 
PARAMETRIC_REPRESENTATION_CONTEXT() REPRESENTATION_CONTEXT('2D SPACE',''
  ) );
#10361 = ORIENTED_EDGE('',*,*,#10362,.T.);
#10362 = EDGE_CURVE('',#10340,#10291,#10363,.T.);
#10363 = SURFACE_CURVE('',#10364,(#10368,#10375),.PCURVE_S1.);
#10364 = B_SPLINE_CURVE_WITH_KNOTS('',2,(#10365,#10366,#10367),
  .UNSPECIFIED.,.F.,.F.,(3,3),(0.,1.),.PIECEWISE_BEZIER_KNOTS.);
#10365 = CARTESIAN_POINT('',(-9.21630859375,-7.083474609375,2.35));
#10366 = CARTESIAN_POINT('',(-8.818359375,-7.083474609375,2.35));
#10367 = CARTESIAN_POINT('',(-8.514404296875,-7.2116484375,2.35));
#10368 = PCURVE('',#1793,#10369);
#10369 = DEFINITIONAL_REPRESENTATION('',(#10370),#10374);
#10370 = LINE('',#10371,#10372);
#10371 = CARTESIAN_POINT('',(0.,-0.35));
#10372 = VECTOR('',#10373,1.);
#10373 = DIRECTION('',(1.,0.));
#10374 = ( GEOMETRIC_REPRESENTATION_CONTEXT(2) 
PARAMETRIC_REPRESENTATION_CONTEXT() REPRESENTATION_CONTEXT('2D SPACE',''
  ) );
#10375 = PCURVE('',#9782,#10376);
#10376 = DEFINITIONAL_REPRESENTATION('',(#10377),#10381);
#10377 = B_SPLINE_CURVE_WITH_KNOTS('',2,(#10378,#10379,#10380),
  .UNSPECIFIED.,.F.,.F.,(3,3),(0.,1.),.PIECEWISE_BEZIER_KNOTS.);
#10378 = CARTESIAN_POINT('',(1.62109375,3.64013671875));
#10379 = CARTESIAN_POINT('',(2.01904296875,3.64013671875));
#10380 = CARTESIAN_POINT('',(2.322998046875,3.511962890625));
#10381 = ( GEOMETRIC_REPRESENTATION_CONTEXT(2) 
PARAMETRIC_REPRESENTATION_CONTEXT() REPRESENTATION_CONTEXT('2D SPACE',''
  ) );
#10382 = ORIENTED_EDGE('',*,*,#10290,.F.);
#10383 = ORIENTED_EDGE('',*,*,#1777,.F.);
#10384 = ADVANCED_FACE('',(#10385),#1763,.T.);
#10385 = FACE_BOUND('',#10386,.T.);
#10386 = EDGE_LOOP('',(#10387,#10410,#10431,#10432));
#10387 = ORIENTED_EDGE('',*,*,#10388,.T.);
#10388 = EDGE_CURVE('',#1718,#10389,#10391,.T.);
#10389 = VERTEX_POINT('',#10390);
#10390 = CARTESIAN_POINT('',(-9.873046875,-7.205544921875,2.35));
#10391 = SURFACE_CURVE('',#10392,(#10396,#10403),.PCURVE_S1.);
#10392 = LINE('',#10393,#10394);
#10393 = CARTESIAN_POINT('',(-9.873046875,-7.205544921875,2.));
#10394 = VECTOR('',#10395,1.);
#10395 = DIRECTION('',(0.,0.,1.));
#10396 = PCURVE('',#1763,#10397);
#10397 = DEFINITIONAL_REPRESENTATION('',(#10398),#10402);
#10398 = LINE('',#10399,#10400);
#10399 = CARTESIAN_POINT('',(0.,0.));
#10400 = VECTOR('',#10401,1.);
#10401 = DIRECTION('',(0.,-1.));
#10402 = ( GEOMETRIC_REPRESENTATION_CONTEXT(2) 
PARAMETRIC_REPRESENTATION_CONTEXT() REPRESENTATION_CONTEXT('2D SPACE',''
  ) );
#10403 = PCURVE('',#1733,#10404);
#10404 = DEFINITIONAL_REPRESENTATION('',(#10405),#10409);
#10405 = LINE('',#10406,#10407);
#10406 = CARTESIAN_POINT('',(1.,0.));
#10407 = VECTOR('',#10408,1.);
#10408 = DIRECTION('',(0.,-1.));
#10409 = ( GEOMETRIC_REPRESENTATION_CONTEXT(2) 
PARAMETRIC_REPRESENTATION_CONTEXT() REPRESENTATION_CONTEXT('2D SPACE',''
  ) );
#10410 = ORIENTED_EDGE('',*,*,#10411,.T.);
#10411 = EDGE_CURVE('',#10389,#10340,#10412,.T.);
#10412 = SURFACE_CURVE('',#10413,(#10417,#10424),.PCURVE_S1.);
#10413 = B_SPLINE_CURVE_WITH_KNOTS('',2,(#10414,#10415,#10416),
  .UNSPECIFIED.,.F.,.F.,(3,3),(0.,1.),.PIECEWISE_BEZIER_KNOTS.);
#10414 = CARTESIAN_POINT('',(-9.873046875,-7.205544921875,2.35));
#10415 = CARTESIAN_POINT('',(-9.57763671875,-7.083474609375,2.35));
#10416 = CARTESIAN_POINT('',(-9.21630859375,-7.083474609375,2.35));
#10417 = PCURVE('',#1763,#10418);
#10418 = DEFINITIONAL_REPRESENTATION('',(#10419),#10423);
#10419 = LINE('',#10420,#10421);
#10420 = CARTESIAN_POINT('',(0.,-0.35));
#10421 = VECTOR('',#10422,1.);
#10422 = DIRECTION('',(1.,0.));
#10423 = ( GEOMETRIC_REPRESENTATION_CONTEXT(2) 
PARAMETRIC_REPRESENTATION_CONTEXT() REPRESENTATION_CONTEXT('2D SPACE',''
  ) );
#10424 = PCURVE('',#9782,#10425);
#10425 = DEFINITIONAL_REPRESENTATION('',(#10426),#10430);
#10426 = B_SPLINE_CURVE_WITH_KNOTS('',2,(#10427,#10428,#10429),
  .UNSPECIFIED.,.F.,.F.,(3,3),(0.,1.),.PIECEWISE_BEZIER_KNOTS.);
#10427 = CARTESIAN_POINT('',(0.96435546875,3.51806640625));
#10428 = CARTESIAN_POINT('',(1.259765625,3.64013671875));
#10429 = CARTESIAN_POINT('',(1.62109375,3.64013671875));
#10430 = ( GEOMETRIC_REPRESENTATION_CONTEXT(2) 
PARAMETRIC_REPRESENTATION_CONTEXT() REPRESENTATION_CONTEXT('2D SPACE',''
  ) );
#10431 = ORIENTED_EDGE('',*,*,#10339,.F.);
#10432 = ORIENTED_EDGE('',*,*,#1747,.F.);
#10433 = ADVANCED_FACE('',(#10434),#1733,.T.);
#10434 = FACE_BOUND('',#10435,.T.);
#10435 = EDGE_LOOP('',(#10436,#10459,#10480,#10481));
#10436 = ORIENTED_EDGE('',*,*,#10437,.T.);
#10437 = EDGE_CURVE('',#1688,#10438,#10440,.T.);
#10438 = VERTEX_POINT('',#10439);
#10439 = CARTESIAN_POINT('',(-10.322265625,-7.5632109375,2.35));
#10440 = SURFACE_CURVE('',#10441,(#10445,#10452),.PCURVE_S1.);
#10441 = LINE('',#10442,#10443);
#10442 = CARTESIAN_POINT('',(-10.322265625,-7.5632109375,2.));
#10443 = VECTOR('',#10444,1.);
#10444 = DIRECTION('',(0.,0.,1.));
#10445 = PCURVE('',#1733,#10446);
#10446 = DEFINITIONAL_REPRESENTATION('',(#10447),#10451);
#10447 = LINE('',#10448,#10449);
#10448 = CARTESIAN_POINT('',(0.,0.));
#10449 = VECTOR('',#10450,1.);
#10450 = DIRECTION('',(0.,-1.));
#10451 = ( GEOMETRIC_REPRESENTATION_CONTEXT(2) 
PARAMETRIC_REPRESENTATION_CONTEXT() REPRESENTATION_CONTEXT('2D SPACE',''
  ) );
#10452 = PCURVE('',#1703,#10453);
#10453 = DEFINITIONAL_REPRESENTATION('',(#10454),#10458);
#10454 = LINE('',#10455,#10456);
#10455 = CARTESIAN_POINT('',(1.,0.));
#10456 = VECTOR('',#10457,1.);
#10457 = DIRECTION('',(0.,-1.));
#10458 = ( GEOMETRIC_REPRESENTATION_CONTEXT(2) 
PARAMETRIC_REPRESENTATION_CONTEXT() REPRESENTATION_CONTEXT('2D SPACE',''
  ) );
#10459 = ORIENTED_EDGE('',*,*,#10460,.T.);
#10460 = EDGE_CURVE('',#10438,#10389,#10461,.T.);
#10461 = SURFACE_CURVE('',#10462,(#10466,#10473),.PCURVE_S1.);
#10462 = B_SPLINE_CURVE_WITH_KNOTS('',2,(#10463,#10464,#10465),
  .UNSPECIFIED.,.F.,.F.,(3,3),(0.,1.),.PIECEWISE_BEZIER_KNOTS.);
#10463 = CARTESIAN_POINT('',(-10.322265625,-7.5632109375,2.35));
#10464 = CARTESIAN_POINT('',(-10.16845703125,-7.327615234375,2.35));
#10465 = CARTESIAN_POINT('',(-9.873046875,-7.205544921875,2.35));
#10466 = PCURVE('',#1733,#10467);
#10467 = DEFINITIONAL_REPRESENTATION('',(#10468),#10472);
#10468 = LINE('',#10469,#10470);
#10469 = CARTESIAN_POINT('',(0.,-0.35));
#10470 = VECTOR('',#10471,1.);
#10471 = DIRECTION('',(1.,0.));
#10472 = ( GEOMETRIC_REPRESENTATION_CONTEXT(2) 
PARAMETRIC_REPRESENTATION_CONTEXT() REPRESENTATION_CONTEXT('2D SPACE',''
  ) );
#10473 = PCURVE('',#9782,#10474);
#10474 = DEFINITIONAL_REPRESENTATION('',(#10475),#10479);
#10475 = B_SPLINE_CURVE_WITH_KNOTS('',2,(#10476,#10477,#10478),
  .UNSPECIFIED.,.F.,.F.,(3,3),(0.,1.),.PIECEWISE_BEZIER_KNOTS.);
#10476 = CARTESIAN_POINT('',(0.51513671875,3.160400390625));
#10477 = CARTESIAN_POINT('',(0.6689453125,3.39599609375));
#10478 = CARTESIAN_POINT('',(0.96435546875,3.51806640625));
#10479 = ( GEOMETRIC_REPRESENTATION_CONTEXT(2) 
PARAMETRIC_REPRESENTATION_CONTEXT() REPRESENTATION_CONTEXT('2D SPACE',''
  ) );
#10480 = ORIENTED_EDGE('',*,*,#10388,.F.);
#10481 = ORIENTED_EDGE('',*,*,#1717,.F.);
#10482 = ADVANCED_FACE('',(#10483),#1703,.T.);
#10483 = FACE_BOUND('',#10484,.T.);
#10484 = EDGE_LOOP('',(#10485,#10508,#10529,#10530));
#10485 = ORIENTED_EDGE('',*,*,#10486,.T.);
#10486 = EDGE_CURVE('',#1658,#10487,#10489,.T.);
#10487 = VERTEX_POINT('',#10488);
#10488 = CARTESIAN_POINT('',(-10.47607421875,-8.069802734375,2.35));
#10489 = SURFACE_CURVE('',#10490,(#10494,#10501),.PCURVE_S1.);
#10490 = LINE('',#10491,#10492);
#10491 = CARTESIAN_POINT('',(-10.47607421875,-8.069802734375,2.));
#10492 = VECTOR('',#10493,1.);
#10493 = DIRECTION('',(0.,0.,1.));
#10494 = PCURVE('',#1703,#10495);
#10495 = DEFINITIONAL_REPRESENTATION('',(#10496),#10500);
#10496 = LINE('',#10497,#10498);
#10497 = CARTESIAN_POINT('',(0.,0.));
#10498 = VECTOR('',#10499,1.);
#10499 = DIRECTION('',(0.,-1.));
#10500 = ( GEOMETRIC_REPRESENTATION_CONTEXT(2) 
PARAMETRIC_REPRESENTATION_CONTEXT() REPRESENTATION_CONTEXT('2D SPACE',''
  ) );
#10501 = PCURVE('',#1673,#10502);
#10502 = DEFINITIONAL_REPRESENTATION('',(#10503),#10507);
#10503 = LINE('',#10504,#10505);
#10504 = CARTESIAN_POINT('',(1.,0.));
#10505 = VECTOR('',#10506,1.);
#10506 = DIRECTION('',(0.,-1.));
#10507 = ( GEOMETRIC_REPRESENTATION_CONTEXT(2) 
PARAMETRIC_REPRESENTATION_CONTEXT() REPRESENTATION_CONTEXT('2D SPACE',''
  ) );
#10508 = ORIENTED_EDGE('',*,*,#10509,.T.);
#10509 = EDGE_CURVE('',#10487,#10438,#10510,.T.);
#10510 = SURFACE_CURVE('',#10511,(#10515,#10522),.PCURVE_S1.);
#10511 = B_SPLINE_CURVE_WITH_KNOTS('',2,(#10512,#10513,#10514),
  .UNSPECIFIED.,.F.,.F.,(3,3),(0.,1.),.PIECEWISE_BEZIER_KNOTS.);
#10512 = CARTESIAN_POINT('',(-10.47607421875,-8.069802734375,2.35));
#10513 = CARTESIAN_POINT('',(-10.47607421875,-7.798806640625,2.35));
#10514 = CARTESIAN_POINT('',(-10.322265625,-7.5632109375,2.35));
#10515 = PCURVE('',#1703,#10516);
#10516 = DEFINITIONAL_REPRESENTATION('',(#10517),#10521);
#10517 = LINE('',#10518,#10519);
#10518 = CARTESIAN_POINT('',(0.,-0.35));
#10519 = VECTOR('',#10520,1.);
#10520 = DIRECTION('',(1.,0.));
#10521 = ( GEOMETRIC_REPRESENTATION_CONTEXT(2) 
PARAMETRIC_REPRESENTATION_CONTEXT() REPRESENTATION_CONTEXT('2D SPACE',''
  ) );
#10522 = PCURVE('',#9782,#10523);
#10523 = DEFINITIONAL_REPRESENTATION('',(#10524),#10528);
#10524 = B_SPLINE_CURVE_WITH_KNOTS('',2,(#10525,#10526,#10527),
  .UNSPECIFIED.,.F.,.F.,(3,3),(0.,1.),.PIECEWISE_BEZIER_KNOTS.);
#10525 = CARTESIAN_POINT('',(0.361328125,2.65380859375));
#10526 = CARTESIAN_POINT('',(0.361328125,2.9248046875));
#10527 = CARTESIAN_POINT('',(0.51513671875,3.160400390625));
#10528 = ( GEOMETRIC_REPRESENTATION_CONTEXT(2) 
PARAMETRIC_REPRESENTATION_CONTEXT() REPRESENTATION_CONTEXT('2D SPACE',''
  ) );
#10529 = ORIENTED_EDGE('',*,*,#10437,.F.);
#10530 = ORIENTED_EDGE('',*,*,#1687,.F.);
#10531 = ADVANCED_FACE('',(#10532),#1673,.T.);
#10532 = FACE_BOUND('',#10533,.T.);
#10533 = EDGE_LOOP('',(#10534,#10557,#10578,#10579));
#10534 = ORIENTED_EDGE('',*,*,#10535,.T.);
#10535 = EDGE_CURVE('',#1628,#10536,#10538,.T.);
#10536 = VERTEX_POINT('',#10537);
#10537 = CARTESIAN_POINT('',(-10.35034179687,-8.515359375,2.35));
#10538 = SURFACE_CURVE('',#10539,(#10543,#10550),.PCURVE_S1.);
#10539 = LINE('',#10540,#10541);
#10540 = CARTESIAN_POINT('',(-10.35034179687,-8.515359375,2.));
#10541 = VECTOR('',#10542,1.);
#10542 = DIRECTION('',(0.,0.,1.));
#10543 = PCURVE('',#1673,#10544);
#10544 = DEFINITIONAL_REPRESENTATION('',(#10545),#10549);
#10545 = LINE('',#10546,#10547);
#10546 = CARTESIAN_POINT('',(0.,0.));
#10547 = VECTOR('',#10548,1.);
#10548 = DIRECTION('',(0.,-1.));
#10549 = ( GEOMETRIC_REPRESENTATION_CONTEXT(2) 
PARAMETRIC_REPRESENTATION_CONTEXT() REPRESENTATION_CONTEXT('2D SPACE',''
  ) );
#10550 = PCURVE('',#1643,#10551);
#10551 = DEFINITIONAL_REPRESENTATION('',(#10552),#10556);
#10552 = LINE('',#10553,#10554);
#10553 = CARTESIAN_POINT('',(1.,0.));
#10554 = VECTOR('',#10555,1.);
#10555 = DIRECTION('',(0.,-1.));
#10556 = ( GEOMETRIC_REPRESENTATION_CONTEXT(2) 
PARAMETRIC_REPRESENTATION_CONTEXT() REPRESENTATION_CONTEXT('2D SPACE',''
  ) );
#10557 = ORIENTED_EDGE('',*,*,#10558,.T.);
#10558 = EDGE_CURVE('',#10536,#10487,#10559,.T.);
#10559 = SURFACE_CURVE('',#10560,(#10564,#10571),.PCURVE_S1.);
#10560 = B_SPLINE_CURVE_WITH_KNOTS('',2,(#10561,#10562,#10563),
  .UNSPECIFIED.,.F.,.F.,(3,3),(0.,1.),.PIECEWISE_BEZIER_KNOTS.);
#10561 = CARTESIAN_POINT('',(-10.35034179687,-8.515359375,2.35));
#10562 = CARTESIAN_POINT('',(-10.47607421875,-8.316384765625,2.35));
#10563 = CARTESIAN_POINT('',(-10.47607421875,-8.069802734375,2.35));
#10564 = PCURVE('',#1673,#10565);
#10565 = DEFINITIONAL_REPRESENTATION('',(#10566),#10570);
#10566 = LINE('',#10567,#10568);
#10567 = CARTESIAN_POINT('',(0.,-0.35));
#10568 = VECTOR('',#10569,1.);
#10569 = DIRECTION('',(1.,0.));
#10570 = ( GEOMETRIC_REPRESENTATION_CONTEXT(2) 
PARAMETRIC_REPRESENTATION_CONTEXT() REPRESENTATION_CONTEXT('2D SPACE',''
  ) );
#10571 = PCURVE('',#9782,#10572);
#10572 = DEFINITIONAL_REPRESENTATION('',(#10573),#10577);
#10573 = B_SPLINE_CURVE_WITH_KNOTS('',2,(#10574,#10575,#10576),
  .UNSPECIFIED.,.F.,.F.,(3,3),(0.,1.),.PIECEWISE_BEZIER_KNOTS.);
#10574 = CARTESIAN_POINT('',(0.487060546875,2.208251953125));
#10575 = CARTESIAN_POINT('',(0.361328125,2.4072265625));
#10576 = CARTESIAN_POINT('',(0.361328125,2.65380859375));
#10577 = ( GEOMETRIC_REPRESENTATION_CONTEXT(2) 
PARAMETRIC_REPRESENTATION_CONTEXT() REPRESENTATION_CONTEXT('2D SPACE',''
  ) );
#10578 = ORIENTED_EDGE('',*,*,#10486,.F.);
#10579 = ORIENTED_EDGE('',*,*,#1657,.F.);
#10580 = ADVANCED_FACE('',(#10581),#1643,.T.);
#10581 = FACE_BOUND('',#10582,.T.);
#10582 = EDGE_LOOP('',(#10583,#10606,#10627,#10628));
#10583 = ORIENTED_EDGE('',*,*,#10584,.T.);
#10584 = EDGE_CURVE('',#1598,#10585,#10587,.T.);
#10585 = VERTEX_POINT('',#10586);
#10586 = CARTESIAN_POINT('',(-9.96826171875,-8.848611328125,2.35));
#10587 = SURFACE_CURVE('',#10588,(#10592,#10599),.PCURVE_S1.);
#10588 = LINE('',#10589,#10590);
#10589 = CARTESIAN_POINT('',(-9.96826171875,-8.848611328125,2.));
#10590 = VECTOR('',#10591,1.);
#10591 = DIRECTION('',(0.,0.,1.));
#10592 = PCURVE('',#1643,#10593);
#10593 = DEFINITIONAL_REPRESENTATION('',(#10594),#10598);
#10594 = LINE('',#10595,#10596);
#10595 = CARTESIAN_POINT('',(0.,0.));
#10596 = VECTOR('',#10597,1.);
#10597 = DIRECTION('',(0.,-1.));
#10598 = ( GEOMETRIC_REPRESENTATION_CONTEXT(2) 
PARAMETRIC_REPRESENTATION_CONTEXT() REPRESENTATION_CONTEXT('2D SPACE',''
  ) );
#10599 = PCURVE('',#1613,#10600);
#10600 = DEFINITIONAL_REPRESENTATION('',(#10601),#10605);
#10601 = LINE('',#10602,#10603);
#10602 = CARTESIAN_POINT('',(1.,0.));
#10603 = VECTOR('',#10604,1.);
#10604 = DIRECTION('',(0.,-1.));
#10605 = ( GEOMETRIC_REPRESENTATION_CONTEXT(2) 
PARAMETRIC_REPRESENTATION_CONTEXT() REPRESENTATION_CONTEXT('2D SPACE',''
  ) );
#10606 = ORIENTED_EDGE('',*,*,#10607,.T.);
#10607 = EDGE_CURVE('',#10585,#10536,#10608,.T.);
#10608 = SURFACE_CURVE('',#10609,(#10613,#10620),.PCURVE_S1.);
#10609 = B_SPLINE_CURVE_WITH_KNOTS('',2,(#10610,#10611,#10612),
  .UNSPECIFIED.,.F.,.F.,(3,3),(0.,1.),.PIECEWISE_BEZIER_KNOTS.);
#10610 = CARTESIAN_POINT('',(-9.96826171875,-8.848611328125,2.35));
#10611 = CARTESIAN_POINT('',(-10.224609375,-8.714333984375,2.35));
#10612 = CARTESIAN_POINT('',(-10.35034179687,-8.515359375,2.35));
#10613 = PCURVE('',#1643,#10614);
#10614 = DEFINITIONAL_REPRESENTATION('',(#10615),#10619);
#10615 = LINE('',#10616,#10617);
#10616 = CARTESIAN_POINT('',(0.,-0.35));
#10617 = VECTOR('',#10618,1.);
#10618 = DIRECTION('',(1.,0.));
#10619 = ( GEOMETRIC_REPRESENTATION_CONTEXT(2) 
PARAMETRIC_REPRESENTATION_CONTEXT() REPRESENTATION_CONTEXT('2D SPACE',''
  ) );
#10620 = PCURVE('',#9782,#10621);
#10621 = DEFINITIONAL_REPRESENTATION('',(#10622),#10626);
#10622 = B_SPLINE_CURVE_WITH_KNOTS('',2,(#10623,#10624,#10625),
  .UNSPECIFIED.,.F.,.F.,(3,3),(0.,1.),.PIECEWISE_BEZIER_KNOTS.);
#10623 = CARTESIAN_POINT('',(0.869140625,1.875));
#10624 = CARTESIAN_POINT('',(0.61279296875,2.00927734375));
#10625 = CARTESIAN_POINT('',(0.487060546875,2.208251953125));
#10626 = ( GEOMETRIC_REPRESENTATION_CONTEXT(2) 
PARAMETRIC_REPRESENTATION_CONTEXT() REPRESENTATION_CONTEXT('2D SPACE',''
  ) );
#10627 = ORIENTED_EDGE('',*,*,#10535,.F.);
#10628 = ORIENTED_EDGE('',*,*,#1627,.F.);
#10629 = ADVANCED_FACE('',(#10630),#1613,.T.);
#10630 = FACE_BOUND('',#10631,.T.);
#10631 = EDGE_LOOP('',(#10632,#10655,#10676,#10677));
#10632 = ORIENTED_EDGE('',*,*,#10633,.T.);
#10633 = EDGE_CURVE('',#1568,#10634,#10636,.T.);
#10634 = VERTEX_POINT('',#10635);
#10635 = CARTESIAN_POINT('',(-9.27734375,-9.072,2.35));
#10636 = SURFACE_CURVE('',#10637,(#10641,#10648),.PCURVE_S1.);
#10637 = LINE('',#10638,#10639);
#10638 = CARTESIAN_POINT('',(-9.27734375,-9.072,2.));
#10639 = VECTOR('',#10640,1.);
#10640 = DIRECTION('',(0.,0.,1.));
#10641 = PCURVE('',#1613,#10642);
#10642 = DEFINITIONAL_REPRESENTATION('',(#10643),#10647);
#10643 = LINE('',#10644,#10645);
#10644 = CARTESIAN_POINT('',(0.,0.));
#10645 = VECTOR('',#10646,1.);
#10646 = DIRECTION('',(0.,-1.));
#10647 = ( GEOMETRIC_REPRESENTATION_CONTEXT(2) 
PARAMETRIC_REPRESENTATION_CONTEXT() REPRESENTATION_CONTEXT('2D SPACE',''
  ) );
#10648 = PCURVE('',#1583,#10649);
#10649 = DEFINITIONAL_REPRESENTATION('',(#10650),#10654);
#10650 = LINE('',#10651,#10652);
#10651 = CARTESIAN_POINT('',(1.,0.));
#10652 = VECTOR('',#10653,1.);
#10653 = DIRECTION('',(0.,-1.));
#10654 = ( GEOMETRIC_REPRESENTATION_CONTEXT(2) 
PARAMETRIC_REPRESENTATION_CONTEXT() REPRESENTATION_CONTEXT('2D SPACE',''
  ) );
#10655 = ORIENTED_EDGE('',*,*,#10656,.T.);
#10656 = EDGE_CURVE('',#10634,#10585,#10657,.T.);
#10657 = SURFACE_CURVE('',#10658,(#10662,#10669),.PCURVE_S1.);
#10658 = B_SPLINE_CURVE_WITH_KNOTS('',2,(#10659,#10660,#10661),
  .UNSPECIFIED.,.F.,.F.,(3,3),(0.,1.),.PIECEWISE_BEZIER_KNOTS.);
#10659 = CARTESIAN_POINT('',(-9.27734375,-9.072,2.35));
#10660 = CARTESIAN_POINT('',(-9.7705078125,-8.953591796875,2.35));
#10661 = CARTESIAN_POINT('',(-9.96826171875,-8.848611328125,2.35));
#10662 = PCURVE('',#1613,#10663);
#10663 = DEFINITIONAL_REPRESENTATION('',(#10664),#10668);
#10664 = LINE('',#10665,#10666);
#10665 = CARTESIAN_POINT('',(0.,-0.35));
#10666 = VECTOR('',#10667,1.);
#10667 = DIRECTION('',(1.,0.));
#10668 = ( GEOMETRIC_REPRESENTATION_CONTEXT(2) 
PARAMETRIC_REPRESENTATION_CONTEXT() REPRESENTATION_CONTEXT('2D SPACE',''
  ) );
#10669 = PCURVE('',#9782,#10670);
#10670 = DEFINITIONAL_REPRESENTATION('',(#10671),#10675);
#10671 = B_SPLINE_CURVE_WITH_KNOTS('',2,(#10672,#10673,#10674),
  .UNSPECIFIED.,.F.,.F.,(3,3),(0.,1.),.PIECEWISE_BEZIER_KNOTS.);
#10672 = CARTESIAN_POINT('',(1.56005859375,1.651611328125));
#10673 = CARTESIAN_POINT('',(1.06689453125,1.77001953125));
#10674 = CARTESIAN_POINT('',(0.869140625,1.875));
#10675 = ( GEOMETRIC_REPRESENTATION_CONTEXT(2) 
PARAMETRIC_REPRESENTATION_CONTEXT() REPRESENTATION_CONTEXT('2D SPACE',''
  ) );
#10676 = ORIENTED_EDGE('',*,*,#10584,.F.);
#10677 = ORIENTED_EDGE('',*,*,#1597,.F.);
#10678 = ADVANCED_FACE('',(#10679),#1583,.T.);
#10679 = FACE_BOUND('',#10680,.T.);
#10680 = EDGE_LOOP('',(#10681,#10713,#10734,#10735,#10736));
#10681 = ORIENTED_EDGE('',*,*,#10682,.T.);
#10682 = EDGE_CURVE('',#10683,#10685,#10687,.T.);
#10683 = VERTEX_POINT('',#10684);
#10684 = CARTESIAN_POINT('',(-8.64013671875,-9.246560546875,2.));
#10685 = VERTEX_POINT('',#10686);
#10686 = CARTESIAN_POINT('',(-8.64013671875,-9.246560546875,2.35));
#10687 = SURFACE_CURVE('',#10688,(#10692,#10699),.PCURVE_S1.);
#10688 = LINE('',#10689,#10690);
#10689 = CARTESIAN_POINT('',(-8.64013671875,-9.246560546875,2.));
#10690 = VECTOR('',#10691,1.);
#10691 = DIRECTION('',(0.,0.,1.));
#10692 = PCURVE('',#1583,#10693);
#10693 = DEFINITIONAL_REPRESENTATION('',(#10694),#10698);
#10694 = LINE('',#10695,#10696);
#10695 = CARTESIAN_POINT('',(0.,0.));
#10696 = VECTOR('',#10697,1.);
#10697 = DIRECTION('',(0.,-1.));
#10698 = ( GEOMETRIC_REPRESENTATION_CONTEXT(2) 
PARAMETRIC_REPRESENTATION_CONTEXT() REPRESENTATION_CONTEXT('2D SPACE',''
  ) );
#10699 = PCURVE('',#10700,#10707);
#10700 = SURFACE_OF_LINEAR_EXTRUSION('',#10701,#10705);
#10701 = B_SPLINE_CURVE_WITH_KNOTS('',2,(#10702,#10703,#10704),
  .UNSPECIFIED.,.F.,.F.,(3,3),(0.,1.),.PIECEWISE_BEZIER_KNOTS.);
#10702 = CARTESIAN_POINT('',(-8.31787109375,-9.4577421875,2.));
#10703 = CARTESIAN_POINT('',(-8.41552734375,-9.332009765625,2.));
#10704 = CARTESIAN_POINT('',(-8.64013671875,-9.246560546875,2.));
#10705 = VECTOR('',#10706,1.);
#10706 = DIRECTION('',(-0.,-0.,-1.));
#10707 = DEFINITIONAL_REPRESENTATION('',(#10708),#10712);
#10708 = LINE('',#10709,#10710);
#10709 = CARTESIAN_POINT('',(1.,0.));
#10710 = VECTOR('',#10711,1.);
#10711 = DIRECTION('',(0.,-1.));
#10712 = ( GEOMETRIC_REPRESENTATION_CONTEXT(2) 
PARAMETRIC_REPRESENTATION_CONTEXT() REPRESENTATION_CONTEXT('2D SPACE',''
  ) );
#10713 = ORIENTED_EDGE('',*,*,#10714,.T.);
#10714 = EDGE_CURVE('',#10685,#10634,#10715,.T.);
#10715 = SURFACE_CURVE('',#10716,(#10720,#10727),.PCURVE_S1.);
#10716 = B_SPLINE_CURVE_WITH_KNOTS('',2,(#10717,#10718,#10719),
  .UNSPECIFIED.,.F.,.F.,(3,3),(0.,1.),.PIECEWISE_BEZIER_KNOTS.);
#10717 = CARTESIAN_POINT('',(-8.64013671875,-9.246560546875,2.35));
#10718 = CARTESIAN_POINT('',(-8.7841796875,-9.190408203125,2.35));
#10719 = CARTESIAN_POINT('',(-9.27734375,-9.072,2.35));
#10720 = PCURVE('',#1583,#10721);
#10721 = DEFINITIONAL_REPRESENTATION('',(#10722),#10726);
#10722 = LINE('',#10723,#10724);
#10723 = CARTESIAN_POINT('',(0.,-0.35));
#10724 = VECTOR('',#10725,1.);
#10725 = DIRECTION('',(1.,0.));
#10726 = ( GEOMETRIC_REPRESENTATION_CONTEXT(2) 
PARAMETRIC_REPRESENTATION_CONTEXT() REPRESENTATION_CONTEXT('2D SPACE',''
  ) );
#10727 = PCURVE('',#9782,#10728);
#10728 = DEFINITIONAL_REPRESENTATION('',(#10729),#10733);
#10729 = B_SPLINE_CURVE_WITH_KNOTS('',2,(#10730,#10731,#10732),
  .UNSPECIFIED.,.F.,.F.,(3,3),(0.,1.),.PIECEWISE_BEZIER_KNOTS.);
#10730 = CARTESIAN_POINT('',(2.197265625,1.47705078125));
#10731 = CARTESIAN_POINT('',(2.05322265625,1.533203125));
#10732 = CARTESIAN_POINT('',(1.56005859375,1.651611328125));
#10733 = ( GEOMETRIC_REPRESENTATION_CONTEXT(2) 
PARAMETRIC_REPRESENTATION_CONTEXT() REPRESENTATION_CONTEXT('2D SPACE',''
  ) );
#10734 = ORIENTED_EDGE('',*,*,#10633,.F.);
#10735 = ORIENTED_EDGE('',*,*,#1567,.F.);
#10736 = ORIENTED_EDGE('',*,*,#10737,.F.);
#10737 = EDGE_CURVE('',#10683,#1547,#10738,.T.);
#10738 = SURFACE_CURVE('',#10739,(#10743,#10750),.PCURVE_S1.);
#10739 = B_SPLINE_CURVE_WITH_KNOTS('',2,(#10740,#10741,#10742),
  .UNSPECIFIED.,.F.,.F.,(3,3),(0.,1.),.PIECEWISE_BEZIER_KNOTS.);
#10740 = CARTESIAN_POINT('',(-8.64013671875,-9.246560546875,2.));
#10741 = CARTESIAN_POINT('',(-8.7841796875,-9.190408203125,2.));
#10742 = CARTESIAN_POINT('',(-9.27734375,-9.072,2.));
#10743 = PCURVE('',#1583,#10744);
#10744 = DEFINITIONAL_REPRESENTATION('',(#10745),#10749);
#10745 = LINE('',#10746,#10747);
#10746 = CARTESIAN_POINT('',(0.,0.));
#10747 = VECTOR('',#10748,1.);
#10748 = DIRECTION('',(1.,0.));
#10749 = ( GEOMETRIC_REPRESENTATION_CONTEXT(2) 
PARAMETRIC_REPRESENTATION_CONTEXT() REPRESENTATION_CONTEXT('2D SPACE',''
  ) );
#10750 = PCURVE('',#6809,#10751);
#10751 = DEFINITIONAL_REPRESENTATION('',(#10752),#10756);
#10752 = B_SPLINE_CURVE_WITH_KNOTS('',2,(#10753,#10754,#10755),
  .UNSPECIFIED.,.F.,.F.,(3,3),(0.,1.),.PIECEWISE_BEZIER_KNOTS.);
#10753 = CARTESIAN_POINT('',(2.197265625,1.47705078125));
#10754 = CARTESIAN_POINT('',(2.05322265625,1.533203125));
#10755 = CARTESIAN_POINT('',(1.56005859375,1.651611328125));
#10756 = ( GEOMETRIC_REPRESENTATION_CONTEXT(2) 
PARAMETRIC_REPRESENTATION_CONTEXT() REPRESENTATION_CONTEXT('2D SPACE',''
  ) );
#10757 = ADVANCED_FACE('',(#10758),#1267,.T.);
#10758 = FACE_BOUND('',#10759,.T.);
#10759 = EDGE_LOOP('',(#10760,#10783,#10784,#10804,#10805,#10825,#10826)
  );
#10760 = ORIENTED_EDGE('',*,*,#10761,.F.);
#10761 = EDGE_CURVE('',#6445,#10762,#10764,.T.);
#10762 = VERTEX_POINT('',#10763);
#10763 = CARTESIAN_POINT('',(-9.,-11.,0.));
#10764 = SURFACE_CURVE('',#10765,(#10769,#10776),.PCURVE_S1.);
#10765 = LINE('',#10766,#10767);
#10766 = CARTESIAN_POINT('',(-9.,-9.,0.));
#10767 = VECTOR('',#10768,1.);
#10768 = DIRECTION('',(0.,-1.,0.));
#10769 = PCURVE('',#1267,#10770);
#10770 = DEFINITIONAL_REPRESENTATION('',(#10771),#10775);
#10771 = LINE('',#10772,#10773);
#10772 = CARTESIAN_POINT('',(0.,0.));
#10773 = VECTOR('',#10774,1.);
#10774 = DIRECTION('',(1.,0.));
#10775 = ( GEOMETRIC_REPRESENTATION_CONTEXT(2) 
PARAMETRIC_REPRESENTATION_CONTEXT() REPRESENTATION_CONTEXT('2D SPACE',''
  ) );
#10776 = PCURVE('',#6460,#10777);
#10777 = DEFINITIONAL_REPRESENTATION('',(#10778),#10782);
#10778 = LINE('',#10779,#10780);
#10779 = CARTESIAN_POINT('',(-9.,1.));
#10780 = VECTOR('',#10781,1.);
#10781 = DIRECTION('',(0.,-1.));
#10782 = ( GEOMETRIC_REPRESENTATION_CONTEXT(2) 
PARAMETRIC_REPRESENTATION_CONTEXT() REPRESENTATION_CONTEXT('2D SPACE',''
  ) );
#10783 = ORIENTED_EDGE('',*,*,#6821,.T.);
#10784 = ORIENTED_EDGE('',*,*,#10785,.F.);
#10785 = EDGE_CURVE('',#1547,#6795,#10786,.T.);
#10786 = SURFACE_CURVE('',#10787,(#10791,#10797),.PCURVE_S1.);
#10787 = LINE('',#10788,#10789);
#10788 = CARTESIAN_POINT('',(-9.,-4.5,2.));
#10789 = VECTOR('',#10790,1.);
#10790 = DIRECTION('',(-0.,1.,0.));
#10791 = PCURVE('',#1267,#10792);
#10792 = DEFINITIONAL_REPRESENTATION('',(#10793),#10796);
#10793 = B_SPLINE_CURVE_WITH_KNOTS('',1,(#10794,#10795),.UNSPECIFIED.,
  .F.,.F.,(2,2),(-6.5,-4.5),.PIECEWISE_BEZIER_KNOTS.);
#10794 = CARTESIAN_POINT('',(2.,-2.));
#10795 = CARTESIAN_POINT('',(0.,-2.));
#10796 = ( GEOMETRIC_REPRESENTATION_CONTEXT(2) 
PARAMETRIC_REPRESENTATION_CONTEXT() REPRESENTATION_CONTEXT('2D SPACE',''
  ) );
#10797 = PCURVE('',#6809,#10798);
#10798 = DEFINITIONAL_REPRESENTATION('',(#10799),#10803);
#10799 = LINE('',#10800,#10801);
#10800 = CARTESIAN_POINT('',(1.83740234375,6.223611328125));
#10801 = VECTOR('',#10802,1.);
#10802 = DIRECTION('',(0.,1.));
#10803 = ( GEOMETRIC_REPRESENTATION_CONTEXT(2) 
PARAMETRIC_REPRESENTATION_CONTEXT() REPRESENTATION_CONTEXT('2D SPACE',''
  ) );
#10804 = ORIENTED_EDGE('',*,*,#1546,.F.);
#10805 = ORIENTED_EDGE('',*,*,#10806,.F.);
#10806 = EDGE_CURVE('',#1253,#1517,#10807,.T.);
#10807 = SURFACE_CURVE('',#10808,(#10812,#10818),.PCURVE_S1.);
#10808 = LINE('',#10809,#10810);
#10809 = CARTESIAN_POINT('',(-9.,-4.5,2.));
#10810 = VECTOR('',#10811,1.);
#10811 = DIRECTION('',(-0.,1.,0.));
#10812 = PCURVE('',#1267,#10813);
#10813 = DEFINITIONAL_REPRESENTATION('',(#10814),#10817);
#10814 = B_SPLINE_CURVE_WITH_KNOTS('',1,(#10815,#10816),.UNSPECIFIED.,
  .F.,.F.,(2,2),(-6.5,-4.5),.PIECEWISE_BEZIER_KNOTS.);
#10815 = CARTESIAN_POINT('',(2.,-2.));
#10816 = CARTESIAN_POINT('',(0.,-2.));
#10817 = ( GEOMETRIC_REPRESENTATION_CONTEXT(2) 
PARAMETRIC_REPRESENTATION_CONTEXT() REPRESENTATION_CONTEXT('2D SPACE',''
  ) );
#10818 = PCURVE('',#6809,#10819);
#10819 = DEFINITIONAL_REPRESENTATION('',(#10820),#10824);
#10820 = LINE('',#10821,#10822);
#10821 = CARTESIAN_POINT('',(1.83740234375,6.223611328125));
#10822 = VECTOR('',#10823,1.);
#10823 = DIRECTION('',(0.,1.));
#10824 = ( GEOMETRIC_REPRESENTATION_CONTEXT(2) 
PARAMETRIC_REPRESENTATION_CONTEXT() REPRESENTATION_CONTEXT('2D SPACE',''
  ) );
#10825 = ORIENTED_EDGE('',*,*,#1252,.F.);
#10826 = ORIENTED_EDGE('',*,*,#10827,.F.);
#10827 = EDGE_CURVE('',#10762,#1227,#10828,.T.);
#10828 = SURFACE_CURVE('',#10829,(#10833,#10840),.PCURVE_S1.);
#10829 = LINE('',#10830,#10831);
#10830 = CARTESIAN_POINT('',(-9.,-11.,0.));
#10831 = VECTOR('',#10832,1.);
#10832 = DIRECTION('',(0.,0.,1.));
#10833 = PCURVE('',#1267,#10834);
#10834 = DEFINITIONAL_REPRESENTATION('',(#10835),#10839);
#10835 = LINE('',#10836,#10837);
#10836 = CARTESIAN_POINT('',(2.,0.));
#10837 = VECTOR('',#10838,1.);
#10838 = DIRECTION('',(0.,-1.));
#10839 = ( GEOMETRIC_REPRESENTATION_CONTEXT(2) 
PARAMETRIC_REPRESENTATION_CONTEXT() REPRESENTATION_CONTEXT('2D SPACE',''
  ) );
#10840 = PCURVE('',#1241,#10841);
#10841 = DEFINITIONAL_REPRESENTATION('',(#10842),#10846);
#10842 = LINE('',#10843,#10844);
#10843 = CARTESIAN_POINT('',(0.,0.));
#10844 = VECTOR('',#10845,1.);
#10845 = DIRECTION('',(0.,-1.));
#10846 = ( GEOMETRIC_REPRESENTATION_CONTEXT(2) 
PARAMETRIC_REPRESENTATION_CONTEXT() REPRESENTATION_CONTEXT('2D SPACE',''
  ) );
#10847 = ADVANCED_FACE('',(#10848),#1532,.T.);
#10848 = FACE_BOUND('',#10849,.T.);
#10849 = EDGE_LOOP('',(#10850,#10873,#10896,#10926,#10947));
#10850 = ORIENTED_EDGE('',*,*,#10851,.T.);
#10851 = EDGE_CURVE('',#1487,#10852,#10854,.T.);
#10852 = VERTEX_POINT('',#10853);
#10853 = CARTESIAN_POINT('',(-9.10888671875,-10.35984179687,2.35));
#10854 = SURFACE_CURVE('',#10855,(#10859,#10866),.PCURVE_S1.);
#10855 = LINE('',#10856,#10857);
#10856 = CARTESIAN_POINT('',(-9.10888671875,-10.35984179687,2.));
#10857 = VECTOR('',#10858,1.);
#10858 = DIRECTION('',(0.,0.,1.));
#10859 = PCURVE('',#1532,#10860);
#10860 = DEFINITIONAL_REPRESENTATION('',(#10861),#10865);
#10861 = LINE('',#10862,#10863);
#10862 = CARTESIAN_POINT('',(0.,0.));
#10863 = VECTOR('',#10864,1.);
#10864 = DIRECTION('',(0.,-1.));
#10865 = ( GEOMETRIC_REPRESENTATION_CONTEXT(2) 
PARAMETRIC_REPRESENTATION_CONTEXT() REPRESENTATION_CONTEXT('2D SPACE',''
  ) );
#10866 = PCURVE('',#1502,#10867);
#10867 = DEFINITIONAL_REPRESENTATION('',(#10868),#10872);
#10868 = LINE('',#10869,#10870);
#10869 = CARTESIAN_POINT('',(1.,0.));
#10870 = VECTOR('',#10871,1.);
#10871 = DIRECTION('',(0.,-1.));
#10872 = ( GEOMETRIC_REPRESENTATION_CONTEXT(2) 
PARAMETRIC_REPRESENTATION_CONTEXT() REPRESENTATION_CONTEXT('2D SPACE',''
  ) );
#10873 = ORIENTED_EDGE('',*,*,#10874,.T.);
#10874 = EDGE_CURVE('',#10852,#10875,#10877,.T.);
#10875 = VERTEX_POINT('',#10876);
#10876 = CARTESIAN_POINT('',(-8.63037109375,-10.27927539062,2.35));
#10877 = SURFACE_CURVE('',#10878,(#10882,#10889),.PCURVE_S1.);
#10878 = B_SPLINE_CURVE_WITH_KNOTS('',2,(#10879,#10880,#10881),
  .UNSPECIFIED.,.F.,.F.,(3,3),(0.,1.),.PIECEWISE_BEZIER_KNOTS.);
#10879 = CARTESIAN_POINT('',(-9.10888671875,-10.35984179687,2.35));
#10880 = CARTESIAN_POINT('',(-8.837890625,-10.35984179687,2.35));
#10881 = CARTESIAN_POINT('',(-8.63037109375,-10.27927539062,2.35));
#10882 = PCURVE('',#1532,#10883);
#10883 = DEFINITIONAL_REPRESENTATION('',(#10884),#10888);
#10884 = LINE('',#10885,#10886);
#10885 = CARTESIAN_POINT('',(0.,-0.35));
#10886 = VECTOR('',#10887,1.);
#10887 = DIRECTION('',(1.,0.));
#10888 = ( GEOMETRIC_REPRESENTATION_CONTEXT(2) 
PARAMETRIC_REPRESENTATION_CONTEXT() REPRESENTATION_CONTEXT('2D SPACE',''
  ) );
#10889 = PCURVE('',#9782,#10890);
#10890 = DEFINITIONAL_REPRESENTATION('',(#10891),#10895);
#10891 = B_SPLINE_CURVE_WITH_KNOTS('',2,(#10892,#10893,#10894),
  .UNSPECIFIED.,.F.,.F.,(3,3),(0.,1.),.PIECEWISE_BEZIER_KNOTS.);
#10892 = CARTESIAN_POINT('',(1.728515625,0.36376953125));
#10893 = CARTESIAN_POINT('',(1.99951171875,0.36376953125));
#10894 = CARTESIAN_POINT('',(2.20703125,0.4443359375));
#10895 = ( GEOMETRIC_REPRESENTATION_CONTEXT(2) 
PARAMETRIC_REPRESENTATION_CONTEXT() REPRESENTATION_CONTEXT('2D SPACE',''
  ) );
#10896 = ORIENTED_EDGE('',*,*,#10897,.F.);
#10897 = EDGE_CURVE('',#10898,#10875,#10900,.T.);
#10898 = VERTEX_POINT('',#10899);
#10899 = CARTESIAN_POINT('',(-8.63037109375,-10.27927539062,2.));
#10900 = SURFACE_CURVE('',#10901,(#10905,#10912),.PCURVE_S1.);
#10901 = LINE('',#10902,#10903);
#10902 = CARTESIAN_POINT('',(-8.63037109375,-10.27927539062,2.));
#10903 = VECTOR('',#10904,1.);
#10904 = DIRECTION('',(0.,0.,1.));
#10905 = PCURVE('',#1532,#10906);
#10906 = DEFINITIONAL_REPRESENTATION('',(#10907),#10911);
#10907 = LINE('',#10908,#10909);
#10908 = CARTESIAN_POINT('',(1.,0.));
#10909 = VECTOR('',#10910,1.);
#10910 = DIRECTION('',(0.,-1.));
#10911 = ( GEOMETRIC_REPRESENTATION_CONTEXT(2) 
PARAMETRIC_REPRESENTATION_CONTEXT() REPRESENTATION_CONTEXT('2D SPACE',''
  ) );
#10912 = PCURVE('',#10913,#10920);
#10913 = SURFACE_OF_LINEAR_EXTRUSION('',#10914,#10918);
#10914 = B_SPLINE_CURVE_WITH_KNOTS('',2,(#10915,#10916,#10917),
  .UNSPECIFIED.,.F.,.F.,(3,3),(0.,1.),.PIECEWISE_BEZIER_KNOTS.);
#10915 = CARTESIAN_POINT('',(-8.63037109375,-10.27927539062,2.));
#10916 = CARTESIAN_POINT('',(-8.4228515625,-10.19870898437,2.));
#10917 = CARTESIAN_POINT('',(-8.321533203125,-10.058328125,2.));
#10918 = VECTOR('',#10919,1.);
#10919 = DIRECTION('',(-0.,-0.,-1.));
#10920 = DEFINITIONAL_REPRESENTATION('',(#10921),#10925);
#10921 = LINE('',#10922,#10923);
#10922 = CARTESIAN_POINT('',(0.,0.));
#10923 = VECTOR('',#10924,1.);
#10924 = DIRECTION('',(0.,-1.));
#10925 = ( GEOMETRIC_REPRESENTATION_CONTEXT(2) 
PARAMETRIC_REPRESENTATION_CONTEXT() REPRESENTATION_CONTEXT('2D SPACE',''
  ) );
#10926 = ORIENTED_EDGE('',*,*,#10927,.F.);
#10927 = EDGE_CURVE('',#1517,#10898,#10928,.T.);
#10928 = SURFACE_CURVE('',#10929,(#10933,#10940),.PCURVE_S1.);
#10929 = B_SPLINE_CURVE_WITH_KNOTS('',2,(#10930,#10931,#10932),
  .UNSPECIFIED.,.F.,.F.,(3,3),(0.,1.),.PIECEWISE_BEZIER_KNOTS.);
#10930 = CARTESIAN_POINT('',(-9.10888671875,-10.35984179687,2.));
#10931 = CARTESIAN_POINT('',(-8.837890625,-10.35984179687,2.));
#10932 = CARTESIAN_POINT('',(-8.63037109375,-10.27927539062,2.));
#10933 = PCURVE('',#1532,#10934);
#10934 = DEFINITIONAL_REPRESENTATION('',(#10935),#10939);
#10935 = LINE('',#10936,#10937);
#10936 = CARTESIAN_POINT('',(0.,0.));
#10937 = VECTOR('',#10938,1.);
#10938 = DIRECTION('',(1.,0.));
#10939 = ( GEOMETRIC_REPRESENTATION_CONTEXT(2) 
PARAMETRIC_REPRESENTATION_CONTEXT() REPRESENTATION_CONTEXT('2D SPACE',''
  ) );
#10940 = PCURVE('',#6809,#10941);
#10941 = DEFINITIONAL_REPRESENTATION('',(#10942),#10946);
#10942 = B_SPLINE_CURVE_WITH_KNOTS('',2,(#10943,#10944,#10945),
  .UNSPECIFIED.,.F.,.F.,(3,3),(0.,1.),.PIECEWISE_BEZIER_KNOTS.);
#10943 = CARTESIAN_POINT('',(1.728515625,0.36376953125));
#10944 = CARTESIAN_POINT('',(1.99951171875,0.36376953125));
#10945 = CARTESIAN_POINT('',(2.20703125,0.4443359375));
#10946 = ( GEOMETRIC_REPRESENTATION_CONTEXT(2) 
PARAMETRIC_REPRESENTATION_CONTEXT() REPRESENTATION_CONTEXT('2D SPACE',''
  ) );
#10947 = ORIENTED_EDGE('',*,*,#1516,.F.);
#10948 = ADVANCED_FACE('',(#10949),#1502,.T.);
#10949 = FACE_BOUND('',#10950,.T.);
#10950 = EDGE_LOOP('',(#10951,#10974,#10995,#10996));
#10951 = ORIENTED_EDGE('',*,*,#10952,.T.);
#10952 = EDGE_CURVE('',#1457,#10953,#10955,.T.);
#10953 = VERTEX_POINT('',#10954);
#10954 = CARTESIAN_POINT('',(-9.658203125,-10.253640625,2.35));
#10955 = SURFACE_CURVE('',#10956,(#10960,#10967),.PCURVE_S1.);
#10956 = LINE('',#10957,#10958);
#10957 = CARTESIAN_POINT('',(-9.658203125,-10.253640625,2.));
#10958 = VECTOR('',#10959,1.);
#10959 = DIRECTION('',(0.,0.,1.));
#10960 = PCURVE('',#1502,#10961);
#10961 = DEFINITIONAL_REPRESENTATION('',(#10962),#10966);
#10962 = LINE('',#10963,#10964);
#10963 = CARTESIAN_POINT('',(0.,0.));
#10964 = VECTOR('',#10965,1.);
#10965 = DIRECTION('',(0.,-1.));
#10966 = ( GEOMETRIC_REPRESENTATION_CONTEXT(2) 
PARAMETRIC_REPRESENTATION_CONTEXT() REPRESENTATION_CONTEXT('2D SPACE',''
  ) );
#10967 = PCURVE('',#1472,#10968);
#10968 = DEFINITIONAL_REPRESENTATION('',(#10969),#10973);
#10969 = LINE('',#10970,#10971);
#10970 = CARTESIAN_POINT('',(1.,0.));
#10971 = VECTOR('',#10972,1.);
#10972 = DIRECTION('',(0.,-1.));
#10973 = ( GEOMETRIC_REPRESENTATION_CONTEXT(2) 
PARAMETRIC_REPRESENTATION_CONTEXT() REPRESENTATION_CONTEXT('2D SPACE',''
  ) );
#10974 = ORIENTED_EDGE('',*,*,#10975,.T.);
#10975 = EDGE_CURVE('',#10953,#10852,#10976,.T.);
#10976 = SURFACE_CURVE('',#10977,(#10981,#10988),.PCURVE_S1.);
#10977 = B_SPLINE_CURVE_WITH_KNOTS('',2,(#10978,#10979,#10980),
  .UNSPECIFIED.,.F.,.F.,(3,3),(0.,1.),.PIECEWISE_BEZIER_KNOTS.);
#10978 = CARTESIAN_POINT('',(-9.658203125,-10.253640625,2.35));
#10979 = CARTESIAN_POINT('',(-9.4140625,-10.35984179687,2.35));
#10980 = CARTESIAN_POINT('',(-9.10888671875,-10.35984179687,2.35));
#10981 = PCURVE('',#1502,#10982);
#10982 = DEFINITIONAL_REPRESENTATION('',(#10983),#10987);
#10983 = LINE('',#10984,#10985);
#10984 = CARTESIAN_POINT('',(0.,-0.35));
#10985 = VECTOR('',#10986,1.);
#10986 = DIRECTION('',(1.,0.));
#10987 = ( GEOMETRIC_REPRESENTATION_CONTEXT(2) 
PARAMETRIC_REPRESENTATION_CONTEXT() REPRESENTATION_CONTEXT('2D SPACE',''
  ) );
#10988 = PCURVE('',#9782,#10989);
#10989 = DEFINITIONAL_REPRESENTATION('',(#10990),#10994);
#10990 = B_SPLINE_CURVE_WITH_KNOTS('',2,(#10991,#10992,#10993),
  .UNSPECIFIED.,.F.,.F.,(3,3),(0.,1.),.PIECEWISE_BEZIER_KNOTS.);
#10991 = CARTESIAN_POINT('',(1.17919921875,0.469970703125));
#10992 = CARTESIAN_POINT('',(1.42333984375,0.36376953125));
#10993 = CARTESIAN_POINT('',(1.728515625,0.36376953125));
#10994 = ( GEOMETRIC_REPRESENTATION_CONTEXT(2) 
PARAMETRIC_REPRESENTATION_CONTEXT() REPRESENTATION_CONTEXT('2D SPACE',''
  ) );
#10995 = ORIENTED_EDGE('',*,*,#10851,.F.);
#10996 = ORIENTED_EDGE('',*,*,#1486,.F.);
#10997 = ADVANCED_FACE('',(#10998),#1472,.T.);
#10998 = FACE_BOUND('',#10999,.T.);
#10999 = EDGE_LOOP('',(#11000,#11023,#11044,#11045));
#11000 = ORIENTED_EDGE('',*,*,#11001,.T.);
#11001 = EDGE_CURVE('',#1427,#11002,#11004,.T.);
#11002 = VERTEX_POINT('',#11003);
#11003 = CARTESIAN_POINT('',(-10.01831054687,-9.9753203125,2.35));
#11004 = SURFACE_CURVE('',#11005,(#11009,#11016),.PCURVE_S1.);
#11005 = LINE('',#11006,#11007);
#11006 = CARTESIAN_POINT('',(-10.01831054687,-9.9753203125,2.));
#11007 = VECTOR('',#11008,1.);
#11008 = DIRECTION('',(0.,0.,1.));
#11009 = PCURVE('',#1472,#11010);
#11010 = DEFINITIONAL_REPRESENTATION('',(#11011),#11015);
#11011 = LINE('',#11012,#11013);
#11012 = CARTESIAN_POINT('',(0.,0.));
#11013 = VECTOR('',#11014,1.);
#11014 = DIRECTION('',(0.,-1.));
#11015 = ( GEOMETRIC_REPRESENTATION_CONTEXT(2) 
PARAMETRIC_REPRESENTATION_CONTEXT() REPRESENTATION_CONTEXT('2D SPACE',''
  ) );
#11016 = PCURVE('',#1442,#11017);
#11017 = DEFINITIONAL_REPRESENTATION('',(#11018),#11022);
#11018 = LINE('',#11019,#11020);
#11019 = CARTESIAN_POINT('',(1.,0.));
#11020 = VECTOR('',#11021,1.);
#11021 = DIRECTION('',(0.,-1.));
#11022 = ( GEOMETRIC_REPRESENTATION_CONTEXT(2) 
PARAMETRIC_REPRESENTATION_CONTEXT() REPRESENTATION_CONTEXT('2D SPACE',''
  ) );
#11023 = ORIENTED_EDGE('',*,*,#11024,.T.);
#11024 = EDGE_CURVE('',#11002,#10953,#11025,.T.);
#11025 = SURFACE_CURVE('',#11026,(#11030,#11037),.PCURVE_S1.);
#11026 = B_SPLINE_CURVE_WITH_KNOTS('',2,(#11027,#11028,#11029),
  .UNSPECIFIED.,.F.,.F.,(3,3),(0.,1.),.PIECEWISE_BEZIER_KNOTS.);
#11027 = CARTESIAN_POINT('',(-10.01831054687,-9.9753203125,2.35));
#11028 = CARTESIAN_POINT('',(-9.90234375,-10.14743945312,2.35));
#11029 = CARTESIAN_POINT('',(-9.658203125,-10.253640625,2.35));
#11030 = PCURVE('',#1472,#11031);
#11031 = DEFINITIONAL_REPRESENTATION('',(#11032),#11036);
#11032 = LINE('',#11033,#11034);
#11033 = CARTESIAN_POINT('',(0.,-0.35));
#11034 = VECTOR('',#11035,1.);
#11035 = DIRECTION('',(1.,0.));
#11036 = ( GEOMETRIC_REPRESENTATION_CONTEXT(2) 
PARAMETRIC_REPRESENTATION_CONTEXT() REPRESENTATION_CONTEXT('2D SPACE',''
  ) );
#11037 = PCURVE('',#9782,#11038);
#11038 = DEFINITIONAL_REPRESENTATION('',(#11039),#11043);
#11039 = B_SPLINE_CURVE_WITH_KNOTS('',2,(#11040,#11041,#11042),
  .UNSPECIFIED.,.F.,.F.,(3,3),(0.,1.),.PIECEWISE_BEZIER_KNOTS.);
#11040 = CARTESIAN_POINT('',(0.819091796875,0.748291015625));
#11041 = CARTESIAN_POINT('',(0.93505859375,0.576171875));
#11042 = CARTESIAN_POINT('',(1.17919921875,0.469970703125));
#11043 = ( GEOMETRIC_REPRESENTATION_CONTEXT(2) 
PARAMETRIC_REPRESENTATION_CONTEXT() REPRESENTATION_CONTEXT('2D SPACE',''
  ) );
#11044 = ORIENTED_EDGE('',*,*,#10952,.F.);
#11045 = ORIENTED_EDGE('',*,*,#1456,.F.);
#11046 = ADVANCED_FACE('',(#11047),#1442,.T.);
#11047 = FACE_BOUND('',#11048,.T.);
#11048 = EDGE_LOOP('',(#11049,#11072,#11093,#11094));
#11049 = ORIENTED_EDGE('',*,*,#11050,.T.);
#11050 = EDGE_CURVE('',#1399,#11051,#11053,.T.);
#11051 = VERTEX_POINT('',#11052);
#11052 = CARTESIAN_POINT('',(-10.166015625,-9.534646484375,2.35));
#11053 = SURFACE_CURVE('',#11054,(#11058,#11065),.PCURVE_S1.);
#11054 = LINE('',#11055,#11056);
#11055 = CARTESIAN_POINT('',(-10.166015625,-9.534646484375,2.));
#11056 = VECTOR('',#11057,1.);
#11057 = DIRECTION('',(0.,0.,1.));
#11058 = PCURVE('',#1442,#11059);
#11059 = DEFINITIONAL_REPRESENTATION('',(#11060),#11064);
#11060 = LINE('',#11061,#11062);
#11061 = CARTESIAN_POINT('',(0.,0.));
#11062 = VECTOR('',#11063,1.);
#11063 = DIRECTION('',(0.,-1.));
#11064 = ( GEOMETRIC_REPRESENTATION_CONTEXT(2) 
PARAMETRIC_REPRESENTATION_CONTEXT() REPRESENTATION_CONTEXT('2D SPACE',''
  ) );
#11065 = PCURVE('',#1414,#11066);
#11066 = DEFINITIONAL_REPRESENTATION('',(#11067),#11071);
#11067 = LINE('',#11068,#11069);
#11068 = CARTESIAN_POINT('',(0.448481742989,0.));
#11069 = VECTOR('',#11070,1.);
#11070 = DIRECTION('',(0.,-1.));
#11071 = ( GEOMETRIC_REPRESENTATION_CONTEXT(2) 
PARAMETRIC_REPRESENTATION_CONTEXT() REPRESENTATION_CONTEXT('2D SPACE',''
  ) );
#11072 = ORIENTED_EDGE('',*,*,#11073,.T.);
#11073 = EDGE_CURVE('',#11051,#11002,#11074,.T.);
#11074 = SURFACE_CURVE('',#11075,(#11079,#11086),.PCURVE_S1.);
#11075 = B_SPLINE_CURVE_WITH_KNOTS('',2,(#11076,#11077,#11078),
  .UNSPECIFIED.,.F.,.F.,(3,3),(0.,1.),.PIECEWISE_BEZIER_KNOTS.);
#11076 = CARTESIAN_POINT('',(-10.166015625,-9.534646484375,2.35));
#11077 = CARTESIAN_POINT('',(-10.13427734375,-9.803201171875,2.35));
#11078 = CARTESIAN_POINT('',(-10.01831054687,-9.9753203125,2.35));
#11079 = PCURVE('',#1442,#11080);
#11080 = DEFINITIONAL_REPRESENTATION('',(#11081),#11085);
#11081 = LINE('',#11082,#11083);
#11082 = CARTESIAN_POINT('',(0.,-0.35));
#11083 = VECTOR('',#11084,1.);
#11084 = DIRECTION('',(1.,0.));
#11085 = ( GEOMETRIC_REPRESENTATION_CONTEXT(2) 
PARAMETRIC_REPRESENTATION_CONTEXT() REPRESENTATION_CONTEXT('2D SPACE',''
  ) );
#11086 = PCURVE('',#9782,#11087);
#11087 = DEFINITIONAL_REPRESENTATION('',(#11088),#11092);
#11088 = B_SPLINE_CURVE_WITH_KNOTS('',2,(#11089,#11090,#11091),
  .UNSPECIFIED.,.F.,.F.,(3,3),(0.,1.),.PIECEWISE_BEZIER_KNOTS.);
#11089 = CARTESIAN_POINT('',(0.67138671875,1.18896484375));
#11090 = CARTESIAN_POINT('',(0.703125,0.92041015625));
#11091 = CARTESIAN_POINT('',(0.819091796875,0.748291015625));
#11092 = ( GEOMETRIC_REPRESENTATION_CONTEXT(2) 
PARAMETRIC_REPRESENTATION_CONTEXT() REPRESENTATION_CONTEXT('2D SPACE',''
  ) );
#11093 = ORIENTED_EDGE('',*,*,#11001,.F.);
#11094 = ORIENTED_EDGE('',*,*,#1426,.F.);
#11095 = ADVANCED_FACE('',(#11096),#1414,.T.);
#11096 = FACE_BOUND('',#11097,.T.);
#11097 = EDGE_LOOP('',(#11098,#11121,#11142,#11143));
#11098 = ORIENTED_EDGE('',*,*,#11099,.T.);
#11099 = EDGE_CURVE('',#1369,#11100,#11102,.T.);
#11100 = VERTEX_POINT('',#11101);
#11101 = CARTESIAN_POINT('',(-10.61279296875,-9.573708984375,2.35));
#11102 = SURFACE_CURVE('',#11103,(#11107,#11114),.PCURVE_S1.);
#11103 = LINE('',#11104,#11105);
#11104 = CARTESIAN_POINT('',(-10.61279296875,-9.573708984375,2.));
#11105 = VECTOR('',#11106,1.);
#11106 = DIRECTION('',(0.,0.,1.));
#11107 = PCURVE('',#1414,#11108);
#11108 = DEFINITIONAL_REPRESENTATION('',(#11109),#11113);
#11109 = LINE('',#11110,#11111);
#11110 = CARTESIAN_POINT('',(0.,0.));
#11111 = VECTOR('',#11112,1.);
#11112 = DIRECTION('',(0.,-1.));
#11113 = ( GEOMETRIC_REPRESENTATION_CONTEXT(2) 
PARAMETRIC_REPRESENTATION_CONTEXT() REPRESENTATION_CONTEXT('2D SPACE',''
  ) );
#11114 = PCURVE('',#1384,#11115);
#11115 = DEFINITIONAL_REPRESENTATION('',(#11116),#11120);
#11116 = LINE('',#11117,#11118);
#11117 = CARTESIAN_POINT('',(1.,0.));
#11118 = VECTOR('',#11119,1.);
#11119 = DIRECTION('',(0.,-1.));
#11120 = ( GEOMETRIC_REPRESENTATION_CONTEXT(2) 
PARAMETRIC_REPRESENTATION_CONTEXT() REPRESENTATION_CONTEXT('2D SPACE',''
  ) );
#11121 = ORIENTED_EDGE('',*,*,#11122,.T.);
#11122 = EDGE_CURVE('',#11100,#11051,#11123,.T.);
#11123 = SURFACE_CURVE('',#11124,(#11128,#11135),.PCURVE_S1.);
#11124 = LINE('',#11125,#11126);
#11125 = CARTESIAN_POINT('',(-10.61279296875,-9.573708984375,2.35));
#11126 = VECTOR('',#11127,1.);
#11127 = DIRECTION('',(0.99619962403,8.70994206802E-02,0.));
#11128 = PCURVE('',#1414,#11129);
#11129 = DEFINITIONAL_REPRESENTATION('',(#11130),#11134);
#11130 = LINE('',#11131,#11132);
#11131 = CARTESIAN_POINT('',(0.,-0.35));
#11132 = VECTOR('',#11133,1.);
#11133 = DIRECTION('',(1.,0.));
#11134 = ( GEOMETRIC_REPRESENTATION_CONTEXT(2) 
PARAMETRIC_REPRESENTATION_CONTEXT() REPRESENTATION_CONTEXT('2D SPACE',''
  ) );
#11135 = PCURVE('',#9782,#11136);
#11136 = DEFINITIONAL_REPRESENTATION('',(#11137),#11141);
#11137 = LINE('',#11138,#11139);
#11138 = CARTESIAN_POINT('',(0.224609375,1.14990234375));
#11139 = VECTOR('',#11140,1.);
#11140 = DIRECTION('',(0.99619962403,8.70994206802E-02));
#11141 = ( GEOMETRIC_REPRESENTATION_CONTEXT(2) 
PARAMETRIC_REPRESENTATION_CONTEXT() REPRESENTATION_CONTEXT('2D SPACE',''
  ) );
#11142 = ORIENTED_EDGE('',*,*,#11050,.F.);
#11143 = ORIENTED_EDGE('',*,*,#1398,.F.);
#11144 = ADVANCED_FACE('',(#11145),#1384,.T.);
#11145 = FACE_BOUND('',#11146,.T.);
#11146 = EDGE_LOOP('',(#11147,#11170,#11191,#11192));
#11147 = ORIENTED_EDGE('',*,*,#11148,.T.);
#11148 = EDGE_CURVE('',#1339,#11149,#11151,.T.);
#11149 = VERTEX_POINT('',#11150);
#11150 = CARTESIAN_POINT('',(-10.41625976562,-10.21701953125,2.35));
#11151 = SURFACE_CURVE('',#11152,(#11156,#11163),.PCURVE_S1.);
#11152 = LINE('',#11153,#11154);
#11153 = CARTESIAN_POINT('',(-10.41625976562,-10.21701953125,2.));
#11154 = VECTOR('',#11155,1.);
#11155 = DIRECTION('',(0.,0.,1.));
#11156 = PCURVE('',#1384,#11157);
#11157 = DEFINITIONAL_REPRESENTATION('',(#11158),#11162);
#11158 = LINE('',#11159,#11160);
#11159 = CARTESIAN_POINT('',(0.,0.));
#11160 = VECTOR('',#11161,1.);
#11161 = DIRECTION('',(0.,-1.));
#11162 = ( GEOMETRIC_REPRESENTATION_CONTEXT(2) 
PARAMETRIC_REPRESENTATION_CONTEXT() REPRESENTATION_CONTEXT('2D SPACE',''
  ) );
#11163 = PCURVE('',#1354,#11164);
#11164 = DEFINITIONAL_REPRESENTATION('',(#11165),#11169);
#11165 = LINE('',#11166,#11167);
#11166 = CARTESIAN_POINT('',(1.,0.));
#11167 = VECTOR('',#11168,1.);
#11168 = DIRECTION('',(0.,-1.));
#11169 = ( GEOMETRIC_REPRESENTATION_CONTEXT(2) 
PARAMETRIC_REPRESENTATION_CONTEXT() REPRESENTATION_CONTEXT('2D SPACE',''
  ) );
#11170 = ORIENTED_EDGE('',*,*,#11171,.T.);
#11171 = EDGE_CURVE('',#11149,#11100,#11172,.T.);
#11172 = SURFACE_CURVE('',#11173,(#11177,#11184),.PCURVE_S1.);
#11173 = B_SPLINE_CURVE_WITH_KNOTS('',2,(#11174,#11175,#11176),
  .UNSPECIFIED.,.F.,.F.,(3,3),(0.,1.),.PIECEWISE_BEZIER_KNOTS.);
#11174 = CARTESIAN_POINT('',(-10.41625976562,-10.21701953125,2.35));
#11175 = CARTESIAN_POINT('',(-10.60302734375,-9.932595703125,2.35));
#11176 = CARTESIAN_POINT('',(-10.61279296875,-9.573708984375,2.35));
#11177 = PCURVE('',#1384,#11178);
#11178 = DEFINITIONAL_REPRESENTATION('',(#11179),#11183);
#11179 = LINE('',#11180,#11181);
#11180 = CARTESIAN_POINT('',(0.,-0.35));
#11181 = VECTOR('',#11182,1.);
#11182 = DIRECTION('',(1.,0.));
#11183 = ( GEOMETRIC_REPRESENTATION_CONTEXT(2) 
PARAMETRIC_REPRESENTATION_CONTEXT() REPRESENTATION_CONTEXT('2D SPACE',''
  ) );
#11184 = PCURVE('',#9782,#11185);
#11185 = DEFINITIONAL_REPRESENTATION('',(#11186),#11190);
#11186 = B_SPLINE_CURVE_WITH_KNOTS('',2,(#11187,#11188,#11189),
  .UNSPECIFIED.,.F.,.F.,(3,3),(0.,1.),.PIECEWISE_BEZIER_KNOTS.);
#11187 = CARTESIAN_POINT('',(0.421142578125,0.506591796875));
#11188 = CARTESIAN_POINT('',(0.234375,0.791015625));
#11189 = CARTESIAN_POINT('',(0.224609375,1.14990234375));
#11190 = ( GEOMETRIC_REPRESENTATION_CONTEXT(2) 
PARAMETRIC_REPRESENTATION_CONTEXT() REPRESENTATION_CONTEXT('2D SPACE',''
  ) );
#11191 = ORIENTED_EDGE('',*,*,#11099,.F.);
#11192 = ORIENTED_EDGE('',*,*,#1368,.F.);
#11193 = ADVANCED_FACE('',(#11194),#1354,.T.);
#11194 = FACE_BOUND('',#11195,.T.);
#11195 = EDGE_LOOP('',(#11196,#11219,#11240,#11241));
#11196 = ORIENTED_EDGE('',*,*,#11197,.T.);
#11197 = EDGE_CURVE('',#1309,#11198,#11200,.T.);
#11198 = VERTEX_POINT('',#11199);
#11199 = CARTESIAN_POINT('',(-9.901123046875,-10.64304492187,2.35));
#11200 = SURFACE_CURVE('',#11201,(#11205,#11212),.PCURVE_S1.);
#11201 = LINE('',#11202,#11203);
#11202 = CARTESIAN_POINT('',(-9.901123046875,-10.64304492187,2.));
#11203 = VECTOR('',#11204,1.);
#11204 = DIRECTION('',(0.,0.,1.));
#11205 = PCURVE('',#1354,#11206);
#11206 = DEFINITIONAL_REPRESENTATION('',(#11207),#11211);
#11207 = LINE('',#11208,#11209);
#11208 = CARTESIAN_POINT('',(0.,0.));
#11209 = VECTOR('',#11210,1.);
#11210 = DIRECTION('',(0.,-1.));
#11211 = ( GEOMETRIC_REPRESENTATION_CONTEXT(2) 
PARAMETRIC_REPRESENTATION_CONTEXT() REPRESENTATION_CONTEXT('2D SPACE',''
  ) );
#11212 = PCURVE('',#1324,#11213);
#11213 = DEFINITIONAL_REPRESENTATION('',(#11214),#11218);
#11214 = LINE('',#11215,#11216);
#11215 = CARTESIAN_POINT('',(1.,0.));
#11216 = VECTOR('',#11217,1.);
#11217 = DIRECTION('',(0.,-1.));
#11218 = ( GEOMETRIC_REPRESENTATION_CONTEXT(2) 
PARAMETRIC_REPRESENTATION_CONTEXT() REPRESENTATION_CONTEXT('2D SPACE',''
  ) );
#11219 = ORIENTED_EDGE('',*,*,#11220,.T.);
#11220 = EDGE_CURVE('',#11198,#11149,#11221,.T.);
#11221 = SURFACE_CURVE('',#11222,(#11226,#11233),.PCURVE_S1.);
#11222 = B_SPLINE_CURVE_WITH_KNOTS('',2,(#11223,#11224,#11225),
  .UNSPECIFIED.,.F.,.F.,(3,3),(0.,1.),.PIECEWISE_BEZIER_KNOTS.);
#11223 = CARTESIAN_POINT('',(-9.901123046875,-10.64304492187,2.35));
#11224 = CARTESIAN_POINT('',(-10.2294921875,-10.50144335937,2.35));
#11225 = CARTESIAN_POINT('',(-10.41625976562,-10.21701953125,2.35));
#11226 = PCURVE('',#1354,#11227);
#11227 = DEFINITIONAL_REPRESENTATION('',(#11228),#11232);
#11228 = LINE('',#11229,#11230);
#11229 = CARTESIAN_POINT('',(0.,-0.35));
#11230 = VECTOR('',#11231,1.);
#11231 = DIRECTION('',(1.,0.));
#11232 = ( GEOMETRIC_REPRESENTATION_CONTEXT(2) 
PARAMETRIC_REPRESENTATION_CONTEXT() REPRESENTATION_CONTEXT('2D SPACE',''
  ) );
#11233 = PCURVE('',#9782,#11234);
#11234 = DEFINITIONAL_REPRESENTATION('',(#11235),#11239);
#11235 = B_SPLINE_CURVE_WITH_KNOTS('',2,(#11236,#11237,#11238),
  .UNSPECIFIED.,.F.,.F.,(3,3),(0.,1.),.PIECEWISE_BEZIER_KNOTS.);
#11236 = CARTESIAN_POINT('',(0.936279296875,8.056640625E-02));
#11237 = CARTESIAN_POINT('',(0.60791015625,0.22216796875));
#11238 = CARTESIAN_POINT('',(0.421142578125,0.506591796875));
#11239 = ( GEOMETRIC_REPRESENTATION_CONTEXT(2) 
PARAMETRIC_REPRESENTATION_CONTEXT() REPRESENTATION_CONTEXT('2D SPACE',''
  ) );
#11240 = ORIENTED_EDGE('',*,*,#11148,.F.);
#11241 = ORIENTED_EDGE('',*,*,#1338,.F.);
#11242 = ADVANCED_FACE('',(#11243),#1324,.T.);
#11243 = FACE_BOUND('',#11244,.T.);
#11244 = EDGE_LOOP('',(#11245,#11268,#11289,#11290));
#11245 = ORIENTED_EDGE('',*,*,#11246,.T.);
#11246 = EDGE_CURVE('',#1279,#11247,#11249,.T.);
#11247 = VERTEX_POINT('',#11248);
#11248 = CARTESIAN_POINT('',(-9.0869140625,-10.78464648437,2.35));
#11249 = SURFACE_CURVE('',#11250,(#11254,#11261),.PCURVE_S1.);
#11250 = LINE('',#11251,#11252);
#11251 = CARTESIAN_POINT('',(-9.0869140625,-10.78464648437,2.));
#11252 = VECTOR('',#11253,1.);
#11253 = DIRECTION('',(0.,0.,1.));
#11254 = PCURVE('',#1324,#11255);
#11255 = DEFINITIONAL_REPRESENTATION('',(#11256),#11260);
#11256 = LINE('',#11257,#11258);
#11257 = CARTESIAN_POINT('',(0.,0.));
#11258 = VECTOR('',#11259,1.);
#11259 = DIRECTION('',(0.,-1.));
#11260 = ( GEOMETRIC_REPRESENTATION_CONTEXT(2) 
PARAMETRIC_REPRESENTATION_CONTEXT() REPRESENTATION_CONTEXT('2D SPACE',''
  ) );
#11261 = PCURVE('',#1294,#11262);
#11262 = DEFINITIONAL_REPRESENTATION('',(#11263),#11267);
#11263 = LINE('',#11264,#11265);
#11264 = CARTESIAN_POINT('',(1.,0.));
#11265 = VECTOR('',#11266,1.);
#11266 = DIRECTION('',(0.,-1.));
#11267 = ( GEOMETRIC_REPRESENTATION_CONTEXT(2) 
PARAMETRIC_REPRESENTATION_CONTEXT() REPRESENTATION_CONTEXT('2D SPACE',''
  ) );
#11268 = ORIENTED_EDGE('',*,*,#11269,.T.);
#11269 = EDGE_CURVE('',#11247,#11198,#11270,.T.);
#11270 = SURFACE_CURVE('',#11271,(#11275,#11282),.PCURVE_S1.);
#11271 = B_SPLINE_CURVE_WITH_KNOTS('',2,(#11272,#11273,#11274),
  .UNSPECIFIED.,.F.,.F.,(3,3),(0.,1.),.PIECEWISE_BEZIER_KNOTS.);
#11272 = CARTESIAN_POINT('',(-9.0869140625,-10.78464648437,2.35));
#11273 = CARTESIAN_POINT('',(-9.57275390625,-10.78464648437,2.35));
#11274 = CARTESIAN_POINT('',(-9.901123046875,-10.64304492187,2.35));
#11275 = PCURVE('',#1324,#11276);
#11276 = DEFINITIONAL_REPRESENTATION('',(#11277),#11281);
#11277 = LINE('',#11278,#11279);
#11278 = CARTESIAN_POINT('',(0.,-0.35));
#11279 = VECTOR('',#11280,1.);
#11280 = DIRECTION('',(1.,0.));
#11281 = ( GEOMETRIC_REPRESENTATION_CONTEXT(2) 
PARAMETRIC_REPRESENTATION_CONTEXT() REPRESENTATION_CONTEXT('2D SPACE',''
  ) );
#11282 = PCURVE('',#9782,#11283);
#11283 = DEFINITIONAL_REPRESENTATION('',(#11284),#11288);
#11284 = B_SPLINE_CURVE_WITH_KNOTS('',2,(#11285,#11286,#11287),
  .UNSPECIFIED.,.F.,.F.,(3,3),(0.,1.),.PIECEWISE_BEZIER_KNOTS.);
#11285 = CARTESIAN_POINT('',(1.75048828125,-6.103515625E-02));
#11286 = CARTESIAN_POINT('',(1.2646484375,-6.103515625E-02));
#11287 = CARTESIAN_POINT('',(0.936279296875,8.056640625E-02));
#11288 = ( GEOMETRIC_REPRESENTATION_CONTEXT(2) 
PARAMETRIC_REPRESENTATION_CONTEXT() REPRESENTATION_CONTEXT('2D SPACE',''
  ) );
#11289 = ORIENTED_EDGE('',*,*,#11197,.F.);
#11290 = ORIENTED_EDGE('',*,*,#1308,.F.);
#11291 = ADVANCED_FACE('',(#11292),#1294,.T.);
#11292 = FACE_BOUND('',#11293,.T.);
#11293 = EDGE_LOOP('',(#11294,#11326,#11347,#11348,#11349));
#11294 = ORIENTED_EDGE('',*,*,#11295,.T.);
#11295 = EDGE_CURVE('',#11296,#11298,#11300,.T.);
#11296 = VERTEX_POINT('',#11297);
#11297 = CARTESIAN_POINT('',(-8.397216796875,-10.644265625,2.));
#11298 = VERTEX_POINT('',#11299);
#11299 = CARTESIAN_POINT('',(-8.397216796875,-10.644265625,2.35));
#11300 = SURFACE_CURVE('',#11301,(#11305,#11312),.PCURVE_S1.);
#11301 = LINE('',#11302,#11303);
#11302 = CARTESIAN_POINT('',(-8.397216796875,-10.644265625,2.));
#11303 = VECTOR('',#11304,1.);
#11304 = DIRECTION('',(0.,0.,1.));
#11305 = PCURVE('',#1294,#11306);
#11306 = DEFINITIONAL_REPRESENTATION('',(#11307),#11311);
#11307 = LINE('',#11308,#11309);
#11308 = CARTESIAN_POINT('',(0.,0.));
#11309 = VECTOR('',#11310,1.);
#11310 = DIRECTION('',(0.,-1.));
#11311 = ( GEOMETRIC_REPRESENTATION_CONTEXT(2) 
PARAMETRIC_REPRESENTATION_CONTEXT() REPRESENTATION_CONTEXT('2D SPACE',''
  ) );
#11312 = PCURVE('',#11313,#11320);
#11313 = SURFACE_OF_LINEAR_EXTRUSION('',#11314,#11318);
#11314 = B_SPLINE_CURVE_WITH_KNOTS('',2,(#11315,#11316,#11317),
  .UNSPECIFIED.,.F.,.F.,(3,3),(0.,1.),.PIECEWISE_BEZIER_KNOTS.);
#11315 = CARTESIAN_POINT('',(-7.92724609375,-10.25119921875,2.));
#11316 = CARTESIAN_POINT('',(-8.0908203125,-10.50388476562,2.));
#11317 = CARTESIAN_POINT('',(-8.397216796875,-10.644265625,2.));
#11318 = VECTOR('',#11319,1.);
#11319 = DIRECTION('',(-0.,-0.,-1.));
#11320 = DEFINITIONAL_REPRESENTATION('',(#11321),#11325);
#11321 = LINE('',#11322,#11323);
#11322 = CARTESIAN_POINT('',(1.,0.));
#11323 = VECTOR('',#11324,1.);
#11324 = DIRECTION('',(0.,-1.));
#11325 = ( GEOMETRIC_REPRESENTATION_CONTEXT(2) 
PARAMETRIC_REPRESENTATION_CONTEXT() REPRESENTATION_CONTEXT('2D SPACE',''
  ) );
#11326 = ORIENTED_EDGE('',*,*,#11327,.T.);
#11327 = EDGE_CURVE('',#11298,#11247,#11328,.T.);
#11328 = SURFACE_CURVE('',#11329,(#11333,#11340),.PCURVE_S1.);
#11329 = B_SPLINE_CURVE_WITH_KNOTS('',2,(#11330,#11331,#11332),
  .UNSPECIFIED.,.F.,.F.,(3,3),(0.,1.),.PIECEWISE_BEZIER_KNOTS.);
#11330 = CARTESIAN_POINT('',(-8.397216796875,-10.644265625,2.35));
#11331 = CARTESIAN_POINT('',(-8.70361328125,-10.78464648437,2.35));
#11332 = CARTESIAN_POINT('',(-9.0869140625,-10.78464648437,2.35));
#11333 = PCURVE('',#1294,#11334);
#11334 = DEFINITIONAL_REPRESENTATION('',(#11335),#11339);
#11335 = LINE('',#11336,#11337);
#11336 = CARTESIAN_POINT('',(0.,-0.35));
#11337 = VECTOR('',#11338,1.);
#11338 = DIRECTION('',(1.,0.));
#11339 = ( GEOMETRIC_REPRESENTATION_CONTEXT(2) 
PARAMETRIC_REPRESENTATION_CONTEXT() REPRESENTATION_CONTEXT('2D SPACE',''
  ) );
#11340 = PCURVE('',#9782,#11341);
#11341 = DEFINITIONAL_REPRESENTATION('',(#11342),#11346);
#11342 = B_SPLINE_CURVE_WITH_KNOTS('',2,(#11343,#11344,#11345),
  .UNSPECIFIED.,.F.,.F.,(3,3),(0.,1.),.PIECEWISE_BEZIER_KNOTS.);
#11343 = CARTESIAN_POINT('',(2.440185546875,7.9345703125E-02));
#11344 = CARTESIAN_POINT('',(2.1337890625,-6.103515625E-02));
#11345 = CARTESIAN_POINT('',(1.75048828125,-6.103515625E-02));
#11346 = ( GEOMETRIC_REPRESENTATION_CONTEXT(2) 
PARAMETRIC_REPRESENTATION_CONTEXT() REPRESENTATION_CONTEXT('2D SPACE',''
  ) );
#11347 = ORIENTED_EDGE('',*,*,#11246,.F.);
#11348 = ORIENTED_EDGE('',*,*,#1278,.F.);
#11349 = ORIENTED_EDGE('',*,*,#11350,.F.);
#11350 = EDGE_CURVE('',#11296,#1253,#11351,.T.);
#11351 = SURFACE_CURVE('',#11352,(#11356,#11363),.PCURVE_S1.);
#11352 = B_SPLINE_CURVE_WITH_KNOTS('',2,(#11353,#11354,#11355),
  .UNSPECIFIED.,.F.,.F.,(3,3),(0.,1.),.PIECEWISE_BEZIER_KNOTS.);
#11353 = CARTESIAN_POINT('',(-8.397216796875,-10.644265625,2.));
#11354 = CARTESIAN_POINT('',(-8.70361328125,-10.78464648437,2.));
#11355 = CARTESIAN_POINT('',(-9.0869140625,-10.78464648437,2.));
#11356 = PCURVE('',#1294,#11357);
#11357 = DEFINITIONAL_REPRESENTATION('',(#11358),#11362);
#11358 = LINE('',#11359,#11360);
#11359 = CARTESIAN_POINT('',(0.,0.));
#11360 = VECTOR('',#11361,1.);
#11361 = DIRECTION('',(1.,0.));
#11362 = ( GEOMETRIC_REPRESENTATION_CONTEXT(2) 
PARAMETRIC_REPRESENTATION_CONTEXT() REPRESENTATION_CONTEXT('2D SPACE',''
  ) );
#11363 = PCURVE('',#6809,#11364);
#11364 = DEFINITIONAL_REPRESENTATION('',(#11365),#11369);
#11365 = B_SPLINE_CURVE_WITH_KNOTS('',2,(#11366,#11367,#11368),
  .UNSPECIFIED.,.F.,.F.,(3,3),(0.,1.),.PIECEWISE_BEZIER_KNOTS.);
#11366 = CARTESIAN_POINT('',(2.440185546875,7.9345703125E-02));
#11367 = CARTESIAN_POINT('',(2.1337890625,-6.103515625E-02));
#11368 = CARTESIAN_POINT('',(1.75048828125,-6.103515625E-02));
#11369 = ( GEOMETRIC_REPRESENTATION_CONTEXT(2) 
PARAMETRIC_REPRESENTATION_CONTEXT() REPRESENTATION_CONTEXT('2D SPACE',''
  ) );
#11370 = ADVANCED_FACE('',(#11371),#1241,.T.);
#11371 = FACE_BOUND('',#11372,.T.);
#11372 = EDGE_LOOP('',(#11373,#11396,#11397,#11398));
#11373 = ORIENTED_EDGE('',*,*,#11374,.F.);
#11374 = EDGE_CURVE('',#10762,#11375,#11377,.T.);
#11375 = VERTEX_POINT('',#11376);
#11376 = CARTESIAN_POINT('',(9.,-11.,0.));
#11377 = SURFACE_CURVE('',#11378,(#11382,#11389),.PCURVE_S1.);
#11378 = LINE('',#11379,#11380);
#11379 = CARTESIAN_POINT('',(-9.,-11.,0.));
#11380 = VECTOR('',#11381,1.);
#11381 = DIRECTION('',(1.,0.,0.));
#11382 = PCURVE('',#1241,#11383);
#11383 = DEFINITIONAL_REPRESENTATION('',(#11384),#11388);
#11384 = LINE('',#11385,#11386);
#11385 = CARTESIAN_POINT('',(0.,0.));
#11386 = VECTOR('',#11387,1.);
#11387 = DIRECTION('',(1.,0.));
#11388 = ( GEOMETRIC_REPRESENTATION_CONTEXT(2) 
PARAMETRIC_REPRESENTATION_CONTEXT() REPRESENTATION_CONTEXT('2D SPACE',''
  ) );
#11389 = PCURVE('',#6460,#11390);
#11390 = DEFINITIONAL_REPRESENTATION('',(#11391),#11395);
#11391 = LINE('',#11392,#11393);
#11392 = CARTESIAN_POINT('',(-9.,-1.));
#11393 = VECTOR('',#11394,1.);
#11394 = DIRECTION('',(1.,0.));
#11395 = ( GEOMETRIC_REPRESENTATION_CONTEXT(2) 
PARAMETRIC_REPRESENTATION_CONTEXT() REPRESENTATION_CONTEXT('2D SPACE',''
  ) );
#11396 = ORIENTED_EDGE('',*,*,#10827,.T.);
#11397 = ORIENTED_EDGE('',*,*,#1226,.F.);
#11398 = ORIENTED_EDGE('',*,*,#11399,.F.);
#11399 = EDGE_CURVE('',#11375,#1201,#11400,.T.);
#11400 = SURFACE_CURVE('',#11401,(#11405,#11412),.PCURVE_S1.);
#11401 = LINE('',#11402,#11403);
#11402 = CARTESIAN_POINT('',(9.,-11.,0.));
#11403 = VECTOR('',#11404,1.);
#11404 = DIRECTION('',(0.,0.,1.));
#11405 = PCURVE('',#1241,#11406);
#11406 = DEFINITIONAL_REPRESENTATION('',(#11407),#11411);
#11407 = LINE('',#11408,#11409);
#11408 = CARTESIAN_POINT('',(18.,0.));
#11409 = VECTOR('',#11410,1.);
#11410 = DIRECTION('',(0.,-1.));
#11411 = ( GEOMETRIC_REPRESENTATION_CONTEXT(2) 
PARAMETRIC_REPRESENTATION_CONTEXT() REPRESENTATION_CONTEXT('2D SPACE',''
  ) );
#11412 = PCURVE('',#1215,#11413);
#11413 = DEFINITIONAL_REPRESENTATION('',(#11414),#11418);
#11414 = LINE('',#11415,#11416);
#11415 = CARTESIAN_POINT('',(0.,0.));
#11416 = VECTOR('',#11417,1.);
#11417 = DIRECTION('',(0.,-1.));
#11418 = ( GEOMETRIC_REPRESENTATION_CONTEXT(2) 
PARAMETRIC_REPRESENTATION_CONTEXT() REPRESENTATION_CONTEXT('2D SPACE',''
  ) );
#11419 = ADVANCED_FACE('',(#11420),#1215,.T.);
#11420 = FACE_BOUND('',#11421,.T.);
#11421 = EDGE_LOOP('',(#11422,#11443,#11444,#11445,#11467,#11486));
#11422 = ORIENTED_EDGE('',*,*,#11423,.F.);
#11423 = EDGE_CURVE('',#11375,#6443,#11424,.T.);
#11424 = SURFACE_CURVE('',#11425,(#11429,#11436),.PCURVE_S1.);
#11425 = LINE('',#11426,#11427);
#11426 = CARTESIAN_POINT('',(9.,-11.,0.));
#11427 = VECTOR('',#11428,1.);
#11428 = DIRECTION('',(0.,1.,0.));
#11429 = PCURVE('',#1215,#11430);
#11430 = DEFINITIONAL_REPRESENTATION('',(#11431),#11435);
#11431 = LINE('',#11432,#11433);
#11432 = CARTESIAN_POINT('',(0.,0.));
#11433 = VECTOR('',#11434,1.);
#11434 = DIRECTION('',(1.,0.));
#11435 = ( GEOMETRIC_REPRESENTATION_CONTEXT(2) 
PARAMETRIC_REPRESENTATION_CONTEXT() REPRESENTATION_CONTEXT('2D SPACE',''
  ) );
#11436 = PCURVE('',#6460,#11437);
#11437 = DEFINITIONAL_REPRESENTATION('',(#11438),#11442);
#11438 = LINE('',#11439,#11440);
#11439 = CARTESIAN_POINT('',(9.,-1.));
#11440 = VECTOR('',#11441,1.);
#11441 = DIRECTION('',(0.,1.));
#11442 = ( GEOMETRIC_REPRESENTATION_CONTEXT(2) 
PARAMETRIC_REPRESENTATION_CONTEXT() REPRESENTATION_CONTEXT('2D SPACE',''
  ) );
#11443 = ORIENTED_EDGE('',*,*,#11399,.T.);
#11444 = ORIENTED_EDGE('',*,*,#1200,.F.);
#11445 = ORIENTED_EDGE('',*,*,#11446,.F.);
#11446 = EDGE_CURVE('',#11447,#1171,#11449,.T.);
#11447 = VERTEX_POINT('',#11448);
#11448 = CARTESIAN_POINT('',(9.,-10.29759683311,2.));
#11449 = SURFACE_CURVE('',#11450,(#11454,#11460),.PCURVE_S1.);
#11450 = LINE('',#11451,#11452);
#11451 = CARTESIAN_POINT('',(9.,-5.5,2.));
#11452 = VECTOR('',#11453,1.);
#11453 = DIRECTION('',(0.,-1.,0.));
#11454 = PCURVE('',#1215,#11455);
#11455 = DEFINITIONAL_REPRESENTATION('',(#11456),#11459);
#11456 = B_SPLINE_CURVE_WITH_KNOTS('',1,(#11457,#11458),.UNSPECIFIED.,
  .F.,.F.,(2,2),(3.5,5.5),.PIECEWISE_BEZIER_KNOTS.);
#11457 = CARTESIAN_POINT('',(2.,-2.));
#11458 = CARTESIAN_POINT('',(0.,-2.));
#11459 = ( GEOMETRIC_REPRESENTATION_CONTEXT(2) 
PARAMETRIC_REPRESENTATION_CONTEXT() REPRESENTATION_CONTEXT('2D SPACE',''
  ) );
#11460 = PCURVE('',#5962,#11461);
#11461 = DEFINITIONAL_REPRESENTATION('',(#11462),#11466);
#11462 = LINE('',#11463,#11464);
#11463 = CARTESIAN_POINT('',(1.49755859375,5.223611328125));
#11464 = VECTOR('',#11465,1.);
#11465 = DIRECTION('',(0.,-1.));
#11466 = ( GEOMETRIC_REPRESENTATION_CONTEXT(2) 
PARAMETRIC_REPRESENTATION_CONTEXT() REPRESENTATION_CONTEXT('2D SPACE',''
  ) );
#11467 = ORIENTED_EDGE('',*,*,#11468,.F.);
#11468 = EDGE_CURVE('',#6473,#11447,#11469,.T.);
#11469 = SURFACE_CURVE('',#11470,(#11474,#11480),.PCURVE_S1.);
#11470 = LINE('',#11471,#11472);
#11471 = CARTESIAN_POINT('',(9.,-5.5,2.));
#11472 = VECTOR('',#11473,1.);
#11473 = DIRECTION('',(0.,-1.,0.));
#11474 = PCURVE('',#1215,#11475);
#11475 = DEFINITIONAL_REPRESENTATION('',(#11476),#11479);
#11476 = B_SPLINE_CURVE_WITH_KNOTS('',1,(#11477,#11478),.UNSPECIFIED.,
  .F.,.F.,(2,2),(3.5,5.5),.PIECEWISE_BEZIER_KNOTS.);
#11477 = CARTESIAN_POINT('',(2.,-2.));
#11478 = CARTESIAN_POINT('',(0.,-2.));
#11479 = ( GEOMETRIC_REPRESENTATION_CONTEXT(2) 
PARAMETRIC_REPRESENTATION_CONTEXT() REPRESENTATION_CONTEXT('2D SPACE',''
  ) );
#11480 = PCURVE('',#6510,#11481);
#11481 = DEFINITIONAL_REPRESENTATION('',(#11482),#11485);
#11482 = B_SPLINE_CURVE_WITH_KNOTS('',1,(#11483,#11484),.UNSPECIFIED.,
  .F.,.F.,(2,2),(3.5,5.5),.PIECEWISE_BEZIER_KNOTS.);
#11483 = CARTESIAN_POINT('',(9.,-9.));
#11484 = CARTESIAN_POINT('',(9.,-11.));
#11485 = ( GEOMETRIC_REPRESENTATION_CONTEXT(2) 
PARAMETRIC_REPRESENTATION_CONTEXT() REPRESENTATION_CONTEXT('2D SPACE',''
  ) );
#11486 = ORIENTED_EDGE('',*,*,#6472,.F.);
#11487 = ADVANCED_FACE('',(#11488),#4017,.T.);
#11488 = FACE_BOUND('',#11489,.T.);
#11489 = EDGE_LOOP('',(#11490,#11513,#11541,#11562));
#11490 = ORIENTED_EDGE('',*,*,#11491,.T.);
#11491 = EDGE_CURVE('',#4000,#11492,#11494,.T.);
#11492 = VERTEX_POINT('',#11493);
#11493 = CARTESIAN_POINT('',(13.994140625,-10.30124804687,2.35));
#11494 = SURFACE_CURVE('',#11495,(#11499,#11506),.PCURVE_S1.);
#11495 = LINE('',#11496,#11497);
#11496 = CARTESIAN_POINT('',(13.994140625,-10.30124804687,2.));
#11497 = VECTOR('',#11498,1.);
#11498 = DIRECTION('',(0.,0.,1.));
#11499 = PCURVE('',#4017,#11500);
#11500 = DEFINITIONAL_REPRESENTATION('',(#11501),#11505);
#11501 = LINE('',#11502,#11503);
#11502 = CARTESIAN_POINT('',(0.,0.));
#11503 = VECTOR('',#11504,1.);
#11504 = DIRECTION('',(0.,-1.));
#11505 = ( GEOMETRIC_REPRESENTATION_CONTEXT(2) 
PARAMETRIC_REPRESENTATION_CONTEXT() REPRESENTATION_CONTEXT('2D SPACE',''
  ) );
#11506 = PCURVE('',#4155,#11507);
#11507 = DEFINITIONAL_REPRESENTATION('',(#11508),#11512);
#11508 = LINE('',#11509,#11510);
#11509 = CARTESIAN_POINT('',(1.7626953125,0.));
#11510 = VECTOR('',#11511,1.);
#11511 = DIRECTION('',(0.,-1.));
#11512 = ( GEOMETRIC_REPRESENTATION_CONTEXT(2) 
PARAMETRIC_REPRESENTATION_CONTEXT() REPRESENTATION_CONTEXT('2D SPACE',''
  ) );
#11513 = ORIENTED_EDGE('',*,*,#11514,.T.);
#11514 = EDGE_CURVE('',#11492,#11515,#11517,.T.);
#11515 = VERTEX_POINT('',#11516);
#11516 = CARTESIAN_POINT('',(13.994140625,-10.72361132812,2.35));
#11517 = SURFACE_CURVE('',#11518,(#11522,#11529),.PCURVE_S1.);
#11518 = LINE('',#11519,#11520);
#11519 = CARTESIAN_POINT('',(13.994140625,-10.30124804687,2.35));
#11520 = VECTOR('',#11521,1.);
#11521 = DIRECTION('',(0.,-1.,0.));
#11522 = PCURVE('',#4017,#11523);
#11523 = DEFINITIONAL_REPRESENTATION('',(#11524),#11528);
#11524 = LINE('',#11525,#11526);
#11525 = CARTESIAN_POINT('',(0.,-0.35));
#11526 = VECTOR('',#11527,1.);
#11527 = DIRECTION('',(1.,0.));
#11528 = ( GEOMETRIC_REPRESENTATION_CONTEXT(2) 
PARAMETRIC_REPRESENTATION_CONTEXT() REPRESENTATION_CONTEXT('2D SPACE',''
  ) );
#11529 = PCURVE('',#11530,#11535);
#11530 = PLANE('',#11531);
#11531 = AXIS2_PLACEMENT_3D('',#11532,#11533,#11534);
#11532 = CARTESIAN_POINT('',(11.3916015625,-10.72361132812,2.35));
#11533 = DIRECTION('',(0.,0.,1.));
#11534 = DIRECTION('',(1.,0.,0.));
#11535 = DEFINITIONAL_REPRESENTATION('',(#11536),#11540);
#11536 = LINE('',#11537,#11538);
#11537 = CARTESIAN_POINT('',(2.6025390625,0.42236328125));
#11538 = VECTOR('',#11539,1.);
#11539 = DIRECTION('',(0.,-1.));
#11540 = ( GEOMETRIC_REPRESENTATION_CONTEXT(2) 
PARAMETRIC_REPRESENTATION_CONTEXT() REPRESENTATION_CONTEXT('2D SPACE',''
  ) );
#11541 = ORIENTED_EDGE('',*,*,#11542,.F.);
#11542 = EDGE_CURVE('',#4002,#11515,#11543,.T.);
#11543 = SURFACE_CURVE('',#11544,(#11548,#11555),.PCURVE_S1.);
#11544 = LINE('',#11545,#11546);
#11545 = CARTESIAN_POINT('',(13.994140625,-10.72361132812,2.));
#11546 = VECTOR('',#11547,1.);
#11547 = DIRECTION('',(0.,0.,1.));
#11548 = PCURVE('',#4017,#11549);
#11549 = DEFINITIONAL_REPRESENTATION('',(#11550),#11554);
#11550 = LINE('',#11551,#11552);
#11551 = CARTESIAN_POINT('',(0.42236328125,0.));
#11552 = VECTOR('',#11553,1.);
#11553 = DIRECTION('',(0.,-1.));
#11554 = ( GEOMETRIC_REPRESENTATION_CONTEXT(2) 
PARAMETRIC_REPRESENTATION_CONTEXT() REPRESENTATION_CONTEXT('2D SPACE',''
  ) );
#11555 = PCURVE('',#4045,#11556);
#11556 = DEFINITIONAL_REPRESENTATION('',(#11557),#11561);
#11557 = LINE('',#11558,#11559);
#11558 = CARTESIAN_POINT('',(0.,-0.));
#11559 = VECTOR('',#11560,1.);
#11560 = DIRECTION('',(0.,-1.));
#11561 = ( GEOMETRIC_REPRESENTATION_CONTEXT(2) 
PARAMETRIC_REPRESENTATION_CONTEXT() REPRESENTATION_CONTEXT('2D SPACE',''
  ) );
#11562 = ORIENTED_EDGE('',*,*,#3999,.F.);
#11563 = ADVANCED_FACE('',(#11564),#4155,.T.);
#11564 = FACE_BOUND('',#11565,.T.);
#11565 = EDGE_LOOP('',(#11566,#11589,#11610,#11611));
#11566 = ORIENTED_EDGE('',*,*,#11567,.T.);
#11567 = EDGE_CURVE('',#4114,#11568,#11570,.T.);
#11568 = VERTEX_POINT('',#11569);
#11569 = CARTESIAN_POINT('',(12.2314453125,-10.30124804687,2.35));
#11570 = SURFACE_CURVE('',#11571,(#11575,#11582),.PCURVE_S1.);
#11571 = LINE('',#11572,#11573);
#11572 = CARTESIAN_POINT('',(12.2314453125,-10.30124804687,2.));
#11573 = VECTOR('',#11574,1.);
#11574 = DIRECTION('',(0.,0.,1.));
#11575 = PCURVE('',#4155,#11576);
#11576 = DEFINITIONAL_REPRESENTATION('',(#11577),#11581);
#11577 = LINE('',#11578,#11579);
#11578 = CARTESIAN_POINT('',(0.,0.));
#11579 = VECTOR('',#11580,1.);
#11580 = DIRECTION('',(0.,-1.));
#11581 = ( GEOMETRIC_REPRESENTATION_CONTEXT(2) 
PARAMETRIC_REPRESENTATION_CONTEXT() REPRESENTATION_CONTEXT('2D SPACE',''
  ) );
#11582 = PCURVE('',#4129,#11583);
#11583 = DEFINITIONAL_REPRESENTATION('',(#11584),#11588);
#11584 = LINE('',#11585,#11586);
#11585 = CARTESIAN_POINT('',(3.15673828125,0.));
#11586 = VECTOR('',#11587,1.);
#11587 = DIRECTION('',(0.,-1.));
#11588 = ( GEOMETRIC_REPRESENTATION_CONTEXT(2) 
PARAMETRIC_REPRESENTATION_CONTEXT() REPRESENTATION_CONTEXT('2D SPACE',''
  ) );
#11589 = ORIENTED_EDGE('',*,*,#11590,.T.);
#11590 = EDGE_CURVE('',#11568,#11492,#11591,.T.);
#11591 = SURFACE_CURVE('',#11592,(#11596,#11603),.PCURVE_S1.);
#11592 = LINE('',#11593,#11594);
#11593 = CARTESIAN_POINT('',(12.2314453125,-10.30124804687,2.35));
#11594 = VECTOR('',#11595,1.);
#11595 = DIRECTION('',(1.,0.,0.));
#11596 = PCURVE('',#4155,#11597);
#11597 = DEFINITIONAL_REPRESENTATION('',(#11598),#11602);
#11598 = LINE('',#11599,#11600);
#11599 = CARTESIAN_POINT('',(0.,-0.35));
#11600 = VECTOR('',#11601,1.);
#11601 = DIRECTION('',(1.,0.));
#11602 = ( GEOMETRIC_REPRESENTATION_CONTEXT(2) 
PARAMETRIC_REPRESENTATION_CONTEXT() REPRESENTATION_CONTEXT('2D SPACE',''
  ) );
#11603 = PCURVE('',#11530,#11604);
#11604 = DEFINITIONAL_REPRESENTATION('',(#11605),#11609);
#11605 = LINE('',#11606,#11607);
#11606 = CARTESIAN_POINT('',(0.83984375,0.42236328125));
#11607 = VECTOR('',#11608,1.);
#11608 = DIRECTION('',(1.,0.));
#11609 = ( GEOMETRIC_REPRESENTATION_CONTEXT(2) 
PARAMETRIC_REPRESENTATION_CONTEXT() REPRESENTATION_CONTEXT('2D SPACE',''
  ) );
#11610 = ORIENTED_EDGE('',*,*,#11491,.F.);
#11611 = ORIENTED_EDGE('',*,*,#4141,.F.);
#11612 = ADVANCED_FACE('',(#11613),#4129,.T.);
#11613 = FACE_BOUND('',#11614,.T.);
#11614 = EDGE_LOOP('',(#11615,#11638,#11659,#11660));
#11615 = ORIENTED_EDGE('',*,*,#11616,.T.);
#11616 = EDGE_CURVE('',#4086,#11617,#11619,.T.);
#11617 = VERTEX_POINT('',#11618);
#11618 = CARTESIAN_POINT('',(12.2314453125,-7.144509765625,2.35));
#11619 = SURFACE_CURVE('',#11620,(#11624,#11631),.PCURVE_S1.);
#11620 = LINE('',#11621,#11622);
#11621 = CARTESIAN_POINT('',(12.2314453125,-7.144509765625,2.));
#11622 = VECTOR('',#11623,1.);
#11623 = DIRECTION('',(0.,0.,1.));
#11624 = PCURVE('',#4129,#11625);
#11625 = DEFINITIONAL_REPRESENTATION('',(#11626),#11630);
#11626 = LINE('',#11627,#11628);
#11627 = CARTESIAN_POINT('',(0.,0.));
#11628 = VECTOR('',#11629,1.);
#11629 = DIRECTION('',(0.,-1.));
#11630 = ( GEOMETRIC_REPRESENTATION_CONTEXT(2) 
PARAMETRIC_REPRESENTATION_CONTEXT() REPRESENTATION_CONTEXT('2D SPACE',''
  ) );
#11631 = PCURVE('',#4101,#11632);
#11632 = DEFINITIONAL_REPRESENTATION('',(#11633),#11637);
#11633 = LINE('',#11634,#11635);
#11634 = CARTESIAN_POINT('',(0.4736328125,0.));
#11635 = VECTOR('',#11636,1.);
#11636 = DIRECTION('',(0.,-1.));
#11637 = ( GEOMETRIC_REPRESENTATION_CONTEXT(2) 
PARAMETRIC_REPRESENTATION_CONTEXT() REPRESENTATION_CONTEXT('2D SPACE',''
  ) );
#11638 = ORIENTED_EDGE('',*,*,#11639,.T.);
#11639 = EDGE_CURVE('',#11617,#11568,#11640,.T.);
#11640 = SURFACE_CURVE('',#11641,(#11645,#11652),.PCURVE_S1.);
#11641 = LINE('',#11642,#11643);
#11642 = CARTESIAN_POINT('',(12.2314453125,-7.144509765625,2.35));
#11643 = VECTOR('',#11644,1.);
#11644 = DIRECTION('',(0.,-1.,0.));
#11645 = PCURVE('',#4129,#11646);
#11646 = DEFINITIONAL_REPRESENTATION('',(#11647),#11651);
#11647 = LINE('',#11648,#11649);
#11648 = CARTESIAN_POINT('',(0.,-0.35));
#11649 = VECTOR('',#11650,1.);
#11650 = DIRECTION('',(1.,0.));
#11651 = ( GEOMETRIC_REPRESENTATION_CONTEXT(2) 
PARAMETRIC_REPRESENTATION_CONTEXT() REPRESENTATION_CONTEXT('2D SPACE',''
  ) );
#11652 = PCURVE('',#11530,#11653);
#11653 = DEFINITIONAL_REPRESENTATION('',(#11654),#11658);
#11654 = LINE('',#11655,#11656);
#11655 = CARTESIAN_POINT('',(0.83984375,3.5791015625));
#11656 = VECTOR('',#11657,1.);
#11657 = DIRECTION('',(0.,-1.));
#11658 = ( GEOMETRIC_REPRESENTATION_CONTEXT(2) 
PARAMETRIC_REPRESENTATION_CONTEXT() REPRESENTATION_CONTEXT('2D SPACE',''
  ) );
#11659 = ORIENTED_EDGE('',*,*,#11567,.F.);
#11660 = ORIENTED_EDGE('',*,*,#4113,.F.);
#11661 = ADVANCED_FACE('',(#11662),#4101,.T.);
#11662 = FACE_BOUND('',#11663,.T.);
#11663 = EDGE_LOOP('',(#11664,#11687,#11708,#11709));
#11664 = ORIENTED_EDGE('',*,*,#11665,.T.);
#11665 = EDGE_CURVE('',#4058,#11666,#11668,.T.);
#11666 = VERTEX_POINT('',#11667);
#11667 = CARTESIAN_POINT('',(11.7578125,-7.144509765625,2.35));
#11668 = SURFACE_CURVE('',#11669,(#11673,#11680),.PCURVE_S1.);
#11669 = LINE('',#11670,#11671);
#11670 = CARTESIAN_POINT('',(11.7578125,-7.144509765625,2.));
#11671 = VECTOR('',#11672,1.);
#11672 = DIRECTION('',(0.,0.,1.));
#11673 = PCURVE('',#4101,#11674);
#11674 = DEFINITIONAL_REPRESENTATION('',(#11675),#11679);
#11675 = LINE('',#11676,#11677);
#11676 = CARTESIAN_POINT('',(0.,0.));
#11677 = VECTOR('',#11678,1.);
#11678 = DIRECTION('',(0.,-1.));
#11679 = ( GEOMETRIC_REPRESENTATION_CONTEXT(2) 
PARAMETRIC_REPRESENTATION_CONTEXT() REPRESENTATION_CONTEXT('2D SPACE',''
  ) );
#11680 = PCURVE('',#4073,#11681);
#11681 = DEFINITIONAL_REPRESENTATION('',(#11682),#11686);
#11682 = LINE('',#11683,#11684);
#11683 = CARTESIAN_POINT('',(3.5791015625,0.));
#11684 = VECTOR('',#11685,1.);
#11685 = DIRECTION('',(0.,-1.));
#11686 = ( GEOMETRIC_REPRESENTATION_CONTEXT(2) 
PARAMETRIC_REPRESENTATION_CONTEXT() REPRESENTATION_CONTEXT('2D SPACE',''
  ) );
#11687 = ORIENTED_EDGE('',*,*,#11688,.T.);
#11688 = EDGE_CURVE('',#11666,#11617,#11689,.T.);
#11689 = SURFACE_CURVE('',#11690,(#11694,#11701),.PCURVE_S1.);
#11690 = LINE('',#11691,#11692);
#11691 = CARTESIAN_POINT('',(11.7578125,-7.144509765625,2.35));
#11692 = VECTOR('',#11693,1.);
#11693 = DIRECTION('',(1.,0.,0.));
#11694 = PCURVE('',#4101,#11695);
#11695 = DEFINITIONAL_REPRESENTATION('',(#11696),#11700);
#11696 = LINE('',#11697,#11698);
#11697 = CARTESIAN_POINT('',(0.,-0.35));
#11698 = VECTOR('',#11699,1.);
#11699 = DIRECTION('',(1.,0.));
#11700 = ( GEOMETRIC_REPRESENTATION_CONTEXT(2) 
PARAMETRIC_REPRESENTATION_CONTEXT() REPRESENTATION_CONTEXT('2D SPACE',''
  ) );
#11701 = PCURVE('',#11530,#11702);
#11702 = DEFINITIONAL_REPRESENTATION('',(#11703),#11707);
#11703 = LINE('',#11704,#11705);
#11704 = CARTESIAN_POINT('',(0.3662109375,3.5791015625));
#11705 = VECTOR('',#11706,1.);
#11706 = DIRECTION('',(1.,0.));
#11707 = ( GEOMETRIC_REPRESENTATION_CONTEXT(2) 
PARAMETRIC_REPRESENTATION_CONTEXT() REPRESENTATION_CONTEXT('2D SPACE',''
  ) );
#11708 = ORIENTED_EDGE('',*,*,#11616,.F.);
#11709 = ORIENTED_EDGE('',*,*,#4085,.F.);
#11710 = ADVANCED_FACE('',(#11711),#4073,.T.);
#11711 = FACE_BOUND('',#11712,.T.);
#11712 = EDGE_LOOP('',(#11713,#11736,#11757,#11758));
#11713 = ORIENTED_EDGE('',*,*,#11714,.T.);
#11714 = EDGE_CURVE('',#4030,#11715,#11717,.T.);
#11715 = VERTEX_POINT('',#11716);
#11716 = CARTESIAN_POINT('',(11.7578125,-10.72361132812,2.35));
#11717 = SURFACE_CURVE('',#11718,(#11722,#11729),.PCURVE_S1.);
#11718 = LINE('',#11719,#11720);
#11719 = CARTESIAN_POINT('',(11.7578125,-10.72361132812,2.));
#11720 = VECTOR('',#11721,1.);
#11721 = DIRECTION('',(0.,0.,1.));
#11722 = PCURVE('',#4073,#11723);
#11723 = DEFINITIONAL_REPRESENTATION('',(#11724),#11728);
#11724 = LINE('',#11725,#11726);
#11725 = CARTESIAN_POINT('',(0.,0.));
#11726 = VECTOR('',#11727,1.);
#11727 = DIRECTION('',(0.,-1.));
#11728 = ( GEOMETRIC_REPRESENTATION_CONTEXT(2) 
PARAMETRIC_REPRESENTATION_CONTEXT() REPRESENTATION_CONTEXT('2D SPACE',''
  ) );
#11729 = PCURVE('',#4045,#11730);
#11730 = DEFINITIONAL_REPRESENTATION('',(#11731),#11735);
#11731 = LINE('',#11732,#11733);
#11732 = CARTESIAN_POINT('',(2.236328125,0.));
#11733 = VECTOR('',#11734,1.);
#11734 = DIRECTION('',(0.,-1.));
#11735 = ( GEOMETRIC_REPRESENTATION_CONTEXT(2) 
PARAMETRIC_REPRESENTATION_CONTEXT() REPRESENTATION_CONTEXT('2D SPACE',''
  ) );
#11736 = ORIENTED_EDGE('',*,*,#11737,.T.);
#11737 = EDGE_CURVE('',#11715,#11666,#11738,.T.);
#11738 = SURFACE_CURVE('',#11739,(#11743,#11750),.PCURVE_S1.);
#11739 = LINE('',#11740,#11741);
#11740 = CARTESIAN_POINT('',(11.7578125,-10.72361132812,2.35));
#11741 = VECTOR('',#11742,1.);
#11742 = DIRECTION('',(0.,1.,0.));
#11743 = PCURVE('',#4073,#11744);
#11744 = DEFINITIONAL_REPRESENTATION('',(#11745),#11749);
#11745 = LINE('',#11746,#11747);
#11746 = CARTESIAN_POINT('',(0.,-0.35));
#11747 = VECTOR('',#11748,1.);
#11748 = DIRECTION('',(1.,0.));
#11749 = ( GEOMETRIC_REPRESENTATION_CONTEXT(2) 
PARAMETRIC_REPRESENTATION_CONTEXT() REPRESENTATION_CONTEXT('2D SPACE',''
  ) );
#11750 = PCURVE('',#11530,#11751);
#11751 = DEFINITIONAL_REPRESENTATION('',(#11752),#11756);
#11752 = LINE('',#11753,#11754);
#11753 = CARTESIAN_POINT('',(0.3662109375,0.));
#11754 = VECTOR('',#11755,1.);
#11755 = DIRECTION('',(0.,1.));
#11756 = ( GEOMETRIC_REPRESENTATION_CONTEXT(2) 
PARAMETRIC_REPRESENTATION_CONTEXT() REPRESENTATION_CONTEXT('2D SPACE',''
  ) );
#11757 = ORIENTED_EDGE('',*,*,#11665,.F.);
#11758 = ORIENTED_EDGE('',*,*,#4057,.F.);
#11759 = ADVANCED_FACE('',(#11760),#4045,.T.);
#11760 = FACE_BOUND('',#11761,.T.);
#11761 = EDGE_LOOP('',(#11762,#11763,#11784,#11785));
#11762 = ORIENTED_EDGE('',*,*,#11542,.T.);
#11763 = ORIENTED_EDGE('',*,*,#11764,.T.);
#11764 = EDGE_CURVE('',#11515,#11715,#11765,.T.);
#11765 = SURFACE_CURVE('',#11766,(#11770,#11777),.PCURVE_S1.);
#11766 = LINE('',#11767,#11768);
#11767 = CARTESIAN_POINT('',(13.994140625,-10.72361132812,2.35));
#11768 = VECTOR('',#11769,1.);
#11769 = DIRECTION('',(-1.,0.,0.));
#11770 = PCURVE('',#4045,#11771);
#11771 = DEFINITIONAL_REPRESENTATION('',(#11772),#11776);
#11772 = LINE('',#11773,#11774);
#11773 = CARTESIAN_POINT('',(0.,-0.35));
#11774 = VECTOR('',#11775,1.);
#11775 = DIRECTION('',(1.,0.));
#11776 = ( GEOMETRIC_REPRESENTATION_CONTEXT(2) 
PARAMETRIC_REPRESENTATION_CONTEXT() REPRESENTATION_CONTEXT('2D SPACE',''
  ) );
#11777 = PCURVE('',#11530,#11778);
#11778 = DEFINITIONAL_REPRESENTATION('',(#11779),#11783);
#11779 = LINE('',#11780,#11781);
#11780 = CARTESIAN_POINT('',(2.6025390625,0.));
#11781 = VECTOR('',#11782,1.);
#11782 = DIRECTION('',(-1.,0.));
#11783 = ( GEOMETRIC_REPRESENTATION_CONTEXT(2) 
PARAMETRIC_REPRESENTATION_CONTEXT() REPRESENTATION_CONTEXT('2D SPACE',''
  ) );
#11784 = ORIENTED_EDGE('',*,*,#11714,.F.);
#11785 = ORIENTED_EDGE('',*,*,#4029,.F.);
#11786 = ADVANCED_FACE('',(#11787),#4190,.F.);
#11787 = FACE_BOUND('',#11788,.T.);
#11788 = EDGE_LOOP('',(#11789,#11818,#11839,#11840));
#11789 = ORIENTED_EDGE('',*,*,#11790,.F.);
#11790 = EDGE_CURVE('',#11791,#11791,#11793,.T.);
#11791 = VERTEX_POINT('',#11792);
#11792 = CARTESIAN_POINT('',(25.8,-10.2,0.9));
#11793 = SURFACE_CURVE('',#11794,(#11799,#11806),.PCURVE_S1.);
#11794 = CIRCLE('',#11795,2.6);
#11795 = AXIS2_PLACEMENT_3D('',#11796,#11797,#11798);
#11796 = CARTESIAN_POINT('',(23.2,-10.2,0.9));
#11797 = DIRECTION('',(0.,0.,1.));
#11798 = DIRECTION('',(1.,0.,0.));
#11799 = PCURVE('',#4190,#11800);
#11800 = DEFINITIONAL_REPRESENTATION('',(#11801),#11805);
#11801 = LINE('',#11802,#11803);
#11802 = CARTESIAN_POINT('',(-0.,0.));
#11803 = VECTOR('',#11804,1.);
#11804 = DIRECTION('',(-1.,0.));
#11805 = ( GEOMETRIC_REPRESENTATION_CONTEXT(2) 
PARAMETRIC_REPRESENTATION_CONTEXT() REPRESENTATION_CONTEXT('2D SPACE',''
  ) );
#11806 = PCURVE('',#11807,#11812);
#11807 = PLANE('',#11808);
#11808 = AXIS2_PLACEMENT_3D('',#11809,#11810,#11811);
#11809 = CARTESIAN_POINT('',(23.2,-10.2,0.9));
#11810 = DIRECTION('',(0.,0.,1.));
#11811 = DIRECTION('',(1.,0.,-0.));
#11812 = DEFINITIONAL_REPRESENTATION('',(#11813),#11817);
#11813 = CIRCLE('',#11814,2.6);
#11814 = AXIS2_PLACEMENT_2D('',#11815,#11816);
#11815 = CARTESIAN_POINT('',(0.,0.));
#11816 = DIRECTION('',(1.,0.));
#11817 = ( GEOMETRIC_REPRESENTATION_CONTEXT(2) 
PARAMETRIC_REPRESENTATION_CONTEXT() REPRESENTATION_CONTEXT('2D SPACE',''
  ) );
#11818 = ORIENTED_EDGE('',*,*,#11819,.T.);
#11819 = EDGE_CURVE('',#11791,#4170,#11820,.T.);
#11820 = SEAM_CURVE('',#11821,(#11825,#11832),.PCURVE_S1.);
#11821 = LINE('',#11822,#11823);
#11822 = CARTESIAN_POINT('',(25.8,-10.2,0.9));
#11823 = VECTOR('',#11824,1.);
#11824 = DIRECTION('',(0.,0.,1.));
#11825 = PCURVE('',#4190,#11826);
#11826 = DEFINITIONAL_REPRESENTATION('',(#11827),#11831);
#11827 = LINE('',#11828,#11829);
#11828 = CARTESIAN_POINT('',(-6.28318530718,0.));
#11829 = VECTOR('',#11830,1.);
#11830 = DIRECTION('',(-0.,-1.));
#11831 = ( GEOMETRIC_REPRESENTATION_CONTEXT(2) 
PARAMETRIC_REPRESENTATION_CONTEXT() REPRESENTATION_CONTEXT('2D SPACE',''
  ) );
#11832 = PCURVE('',#4190,#11833);
#11833 = DEFINITIONAL_REPRESENTATION('',(#11834),#11838);
#11834 = LINE('',#11835,#11836);
#11835 = CARTESIAN_POINT('',(-0.,0.));
#11836 = VECTOR('',#11837,1.);
#11837 = DIRECTION('',(-0.,-1.));
#11838 = ( GEOMETRIC_REPRESENTATION_CONTEXT(2) 
PARAMETRIC_REPRESENTATION_CONTEXT() REPRESENTATION_CONTEXT('2D SPACE',''
  ) );
#11839 = ORIENTED_EDGE('',*,*,#4169,.F.);
#11840 = ORIENTED_EDGE('',*,*,#11819,.F.);
#11841 = ADVANCED_FACE('',(#11842),#4221,.T.);
#11842 = FACE_BOUND('',#11843,.T.);
#11843 = EDGE_LOOP('',(#11844,#11874,#11895,#11896));
#11844 = ORIENTED_EDGE('',*,*,#11845,.F.);
#11845 = EDGE_CURVE('',#11846,#11848,#11850,.T.);
#11846 = VERTEX_POINT('',#11847);
#11847 = CARTESIAN_POINT('',(9.,-6.,0.));
#11848 = VERTEX_POINT('',#11849);
#11849 = CARTESIAN_POINT('',(9.,-4.,0.));
#11850 = SURFACE_CURVE('',#11851,(#11855,#11862),.PCURVE_S1.);
#11851 = LINE('',#11852,#11853);
#11852 = CARTESIAN_POINT('',(9.,-6.,0.));
#11853 = VECTOR('',#11854,1.);
#11854 = DIRECTION('',(0.,1.,0.));
#11855 = PCURVE('',#4221,#11856);
#11856 = DEFINITIONAL_REPRESENTATION('',(#11857),#11861);
#11857 = LINE('',#11858,#11859);
#11858 = CARTESIAN_POINT('',(0.,0.));
#11859 = VECTOR('',#11860,1.);
#11860 = DIRECTION('',(1.,0.));
#11861 = ( GEOMETRIC_REPRESENTATION_CONTEXT(2) 
PARAMETRIC_REPRESENTATION_CONTEXT() REPRESENTATION_CONTEXT('2D SPACE',''
  ) );
#11862 = PCURVE('',#11863,#11868);
#11863 = PLANE('',#11864);
#11864 = AXIS2_PLACEMENT_3D('',#11865,#11866,#11867);
#11865 = CARTESIAN_POINT('',(0.,-5.,0.));
#11866 = DIRECTION('',(0.,0.,1.));
#11867 = DIRECTION('',(1.,0.,-0.));
#11868 = DEFINITIONAL_REPRESENTATION('',(#11869),#11873);
#11869 = LINE('',#11870,#11871);
#11870 = CARTESIAN_POINT('',(9.,-1.));
#11871 = VECTOR('',#11872,1.);
#11872 = DIRECTION('',(0.,1.));
#11873 = ( GEOMETRIC_REPRESENTATION_CONTEXT(2) 
PARAMETRIC_REPRESENTATION_CONTEXT() REPRESENTATION_CONTEXT('2D SPACE',''
  ) );
#11874 = ORIENTED_EDGE('',*,*,#11875,.T.);
#11875 = EDGE_CURVE('',#11846,#4207,#11876,.T.);
#11876 = SURFACE_CURVE('',#11877,(#11881,#11888),.PCURVE_S1.);
#11877 = LINE('',#11878,#11879);
#11878 = CARTESIAN_POINT('',(9.,-6.,0.));
#11879 = VECTOR('',#11880,1.);
#11880 = DIRECTION('',(0.,0.,1.));
#11881 = PCURVE('',#4221,#11882);
#11882 = DEFINITIONAL_REPRESENTATION('',(#11883),#11887);
#11883 = LINE('',#11884,#11885);
#11884 = CARTESIAN_POINT('',(0.,0.));
#11885 = VECTOR('',#11886,1.);
#11886 = DIRECTION('',(0.,-1.));
#11887 = ( GEOMETRIC_REPRESENTATION_CONTEXT(2) 
PARAMETRIC_REPRESENTATION_CONTEXT() REPRESENTATION_CONTEXT('2D SPACE',''
  ) );
#11888 = PCURVE('',#4247,#11889);
#11889 = DEFINITIONAL_REPRESENTATION('',(#11890),#11894);
#11890 = LINE('',#11891,#11892);
#11891 = CARTESIAN_POINT('',(18.,0.));
#11892 = VECTOR('',#11893,1.);
#11893 = DIRECTION('',(0.,-1.));
#11894 = ( GEOMETRIC_REPRESENTATION_CONTEXT(2) 
PARAMETRIC_REPRESENTATION_CONTEXT() REPRESENTATION_CONTEXT('2D SPACE',''
  ) );
#11895 = ORIENTED_EDGE('',*,*,#4204,.F.);
#11896 = ORIENTED_EDGE('',*,*,#11897,.F.);
#11897 = EDGE_CURVE('',#11848,#4205,#11898,.T.);
#11898 = SURFACE_CURVE('',#11899,(#11903,#11910),.PCURVE_S1.);
#11899 = LINE('',#11900,#11901);
#11900 = CARTESIAN_POINT('',(9.,-4.,0.));
#11901 = VECTOR('',#11902,1.);
#11902 = DIRECTION('',(0.,0.,1.));
#11903 = PCURVE('',#4221,#11904);
#11904 = DEFINITIONAL_REPRESENTATION('',(#11905),#11909);
#11905 = LINE('',#11906,#11907);
#11906 = CARTESIAN_POINT('',(2.,0.));
#11907 = VECTOR('',#11908,1.);
#11908 = DIRECTION('',(0.,-1.));
#11909 = ( GEOMETRIC_REPRESENTATION_CONTEXT(2) 
PARAMETRIC_REPRESENTATION_CONTEXT() REPRESENTATION_CONTEXT('2D SPACE',''
  ) );
#11910 = PCURVE('',#4297,#11911);
#11911 = DEFINITIONAL_REPRESENTATION('',(#11912),#11916);
#11912 = LINE('',#11913,#11914);
#11913 = CARTESIAN_POINT('',(0.,-0.));
#11914 = VECTOR('',#11915,1.);
#11915 = DIRECTION('',(0.,-1.));
#11916 = ( GEOMETRIC_REPRESENTATION_CONTEXT(2) 
PARAMETRIC_REPRESENTATION_CONTEXT() REPRESENTATION_CONTEXT('2D SPACE',''
  ) );
#11917 = ADVANCED_FACE('',(#11918),#4297,.T.);
#11918 = FACE_BOUND('',#11919,.T.);
#11919 = EDGE_LOOP('',(#11920,#11943,#11944,#11945));
#11920 = ORIENTED_EDGE('',*,*,#11921,.F.);
#11921 = EDGE_CURVE('',#11848,#11922,#11924,.T.);
#11922 = VERTEX_POINT('',#11923);
#11923 = CARTESIAN_POINT('',(-9.,-4.,0.));
#11924 = SURFACE_CURVE('',#11925,(#11929,#11936),.PCURVE_S1.);
#11925 = LINE('',#11926,#11927);
#11926 = CARTESIAN_POINT('',(9.,-4.,0.));
#11927 = VECTOR('',#11928,1.);
#11928 = DIRECTION('',(-1.,0.,0.));
#11929 = PCURVE('',#4297,#11930);
#11930 = DEFINITIONAL_REPRESENTATION('',(#11931),#11935);
#11931 = LINE('',#11932,#11933);
#11932 = CARTESIAN_POINT('',(0.,-0.));
#11933 = VECTOR('',#11934,1.);
#11934 = DIRECTION('',(1.,0.));
#11935 = ( GEOMETRIC_REPRESENTATION_CONTEXT(2) 
PARAMETRIC_REPRESENTATION_CONTEXT() REPRESENTATION_CONTEXT('2D SPACE',''
  ) );
#11936 = PCURVE('',#11863,#11937);
#11937 = DEFINITIONAL_REPRESENTATION('',(#11938),#11942);
#11938 = LINE('',#11939,#11940);
#11939 = CARTESIAN_POINT('',(9.,1.));
#11940 = VECTOR('',#11941,1.);
#11941 = DIRECTION('',(-1.,0.));
#11942 = ( GEOMETRIC_REPRESENTATION_CONTEXT(2) 
PARAMETRIC_REPRESENTATION_CONTEXT() REPRESENTATION_CONTEXT('2D SPACE',''
  ) );
#11943 = ORIENTED_EDGE('',*,*,#11897,.T.);
#11944 = ORIENTED_EDGE('',*,*,#4284,.F.);
#11945 = ORIENTED_EDGE('',*,*,#11946,.F.);
#11946 = EDGE_CURVE('',#11922,#4259,#11947,.T.);
#11947 = SURFACE_CURVE('',#11948,(#11952,#11959),.PCURVE_S1.);
#11948 = LINE('',#11949,#11950);
#11949 = CARTESIAN_POINT('',(-9.,-4.,0.));
#11950 = VECTOR('',#11951,1.);
#11951 = DIRECTION('',(0.,0.,1.));
#11952 = PCURVE('',#4297,#11953);
#11953 = DEFINITIONAL_REPRESENTATION('',(#11954),#11958);
#11954 = LINE('',#11955,#11956);
#11955 = CARTESIAN_POINT('',(18.,0.));
#11956 = VECTOR('',#11957,1.);
#11957 = DIRECTION('',(0.,-1.));
#11958 = ( GEOMETRIC_REPRESENTATION_CONTEXT(2) 
PARAMETRIC_REPRESENTATION_CONTEXT() REPRESENTATION_CONTEXT('2D SPACE',''
  ) );
#11959 = PCURVE('',#4273,#11960);
#11960 = DEFINITIONAL_REPRESENTATION('',(#11961),#11965);
#11961 = LINE('',#11962,#11963);
#11962 = CARTESIAN_POINT('',(0.,0.));
#11963 = VECTOR('',#11964,1.);
#11964 = DIRECTION('',(0.,-1.));
#11965 = ( GEOMETRIC_REPRESENTATION_CONTEXT(2) 
PARAMETRIC_REPRESENTATION_CONTEXT() REPRESENTATION_CONTEXT('2D SPACE',''
  ) );
#11966 = ADVANCED_FACE('',(#11967),#4247,.T.);
#11967 = FACE_BOUND('',#11968,.T.);
#11968 = EDGE_LOOP('',(#11969,#11992,#12013,#12014));
#11969 = ORIENTED_EDGE('',*,*,#11970,.F.);
#11970 = EDGE_CURVE('',#11971,#11846,#11973,.T.);
#11971 = VERTEX_POINT('',#11972);
#11972 = CARTESIAN_POINT('',(-9.,-6.,0.));
#11973 = SURFACE_CURVE('',#11974,(#11978,#11985),.PCURVE_S1.);
#11974 = LINE('',#11975,#11976);
#11975 = CARTESIAN_POINT('',(-9.,-6.,0.));
#11976 = VECTOR('',#11977,1.);
#11977 = DIRECTION('',(1.,0.,0.));
#11978 = PCURVE('',#4247,#11979);
#11979 = DEFINITIONAL_REPRESENTATION('',(#11980),#11984);
#11980 = LINE('',#11981,#11982);
#11981 = CARTESIAN_POINT('',(0.,0.));
#11982 = VECTOR('',#11983,1.);
#11983 = DIRECTION('',(1.,0.));
#11984 = ( GEOMETRIC_REPRESENTATION_CONTEXT(2) 
PARAMETRIC_REPRESENTATION_CONTEXT() REPRESENTATION_CONTEXT('2D SPACE',''
  ) );
#11985 = PCURVE('',#11863,#11986);
#11986 = DEFINITIONAL_REPRESENTATION('',(#11987),#11991);
#11987 = LINE('',#11988,#11989);
#11988 = CARTESIAN_POINT('',(-9.,-1.));
#11989 = VECTOR('',#11990,1.);
#11990 = DIRECTION('',(1.,0.));
#11991 = ( GEOMETRIC_REPRESENTATION_CONTEXT(2) 
PARAMETRIC_REPRESENTATION_CONTEXT() REPRESENTATION_CONTEXT('2D SPACE',''
  ) );
#11992 = ORIENTED_EDGE('',*,*,#11993,.T.);
#11993 = EDGE_CURVE('',#11971,#4233,#11994,.T.);
#11994 = SURFACE_CURVE('',#11995,(#11999,#12006),.PCURVE_S1.);
#11995 = LINE('',#11996,#11997);
#11996 = CARTESIAN_POINT('',(-9.,-6.,0.));
#11997 = VECTOR('',#11998,1.);
#11998 = DIRECTION('',(0.,0.,1.));
#11999 = PCURVE('',#4247,#12000);
#12000 = DEFINITIONAL_REPRESENTATION('',(#12001),#12005);
#12001 = LINE('',#12002,#12003);
#12002 = CARTESIAN_POINT('',(0.,0.));
#12003 = VECTOR('',#12004,1.);
#12004 = DIRECTION('',(0.,-1.));
#12005 = ( GEOMETRIC_REPRESENTATION_CONTEXT(2) 
PARAMETRIC_REPRESENTATION_CONTEXT() REPRESENTATION_CONTEXT('2D SPACE',''
  ) );
#12006 = PCURVE('',#4273,#12007);
#12007 = DEFINITIONAL_REPRESENTATION('',(#12008),#12012);
#12008 = LINE('',#12009,#12010);
#12009 = CARTESIAN_POINT('',(2.,0.));
#12010 = VECTOR('',#12011,1.);
#12011 = DIRECTION('',(0.,-1.));
#12012 = ( GEOMETRIC_REPRESENTATION_CONTEXT(2) 
PARAMETRIC_REPRESENTATION_CONTEXT() REPRESENTATION_CONTEXT('2D SPACE',''
  ) );
#12013 = ORIENTED_EDGE('',*,*,#4232,.F.);
#12014 = ORIENTED_EDGE('',*,*,#11875,.F.);
#12015 = ADVANCED_FACE('',(#12016),#4273,.T.);
#12016 = FACE_BOUND('',#12017,.T.);
#12017 = EDGE_LOOP('',(#12018,#12039,#12040,#12041));
#12018 = ORIENTED_EDGE('',*,*,#12019,.F.);
#12019 = EDGE_CURVE('',#11922,#11971,#12020,.T.);
#12020 = SURFACE_CURVE('',#12021,(#12025,#12032),.PCURVE_S1.);
#12021 = LINE('',#12022,#12023);
#12022 = CARTESIAN_POINT('',(-9.,-4.,0.));
#12023 = VECTOR('',#12024,1.);
#12024 = DIRECTION('',(0.,-1.,0.));
#12025 = PCURVE('',#4273,#12026);
#12026 = DEFINITIONAL_REPRESENTATION('',(#12027),#12031);
#12027 = LINE('',#12028,#12029);
#12028 = CARTESIAN_POINT('',(0.,0.));
#12029 = VECTOR('',#12030,1.);
#12030 = DIRECTION('',(1.,0.));
#12031 = ( GEOMETRIC_REPRESENTATION_CONTEXT(2) 
PARAMETRIC_REPRESENTATION_CONTEXT() REPRESENTATION_CONTEXT('2D SPACE',''
  ) );
#12032 = PCURVE('',#11863,#12033);
#12033 = DEFINITIONAL_REPRESENTATION('',(#12034),#12038);
#12034 = LINE('',#12035,#12036);
#12035 = CARTESIAN_POINT('',(-9.,1.));
#12036 = VECTOR('',#12037,1.);
#12037 = DIRECTION('',(0.,-1.));
#12038 = ( GEOMETRIC_REPRESENTATION_CONTEXT(2) 
PARAMETRIC_REPRESENTATION_CONTEXT() REPRESENTATION_CONTEXT('2D SPACE',''
  ) );
#12039 = ORIENTED_EDGE('',*,*,#11946,.T.);
#12040 = ORIENTED_EDGE('',*,*,#4258,.F.);
#12041 = ORIENTED_EDGE('',*,*,#11993,.F.);
#12042 = ADVANCED_FACE('',(#12043),#4327,.T.);
#12043 = FACE_BOUND('',#12044,.T.);
#12044 = EDGE_LOOP('',(#12045,#12075,#12096,#12097));
#12045 = ORIENTED_EDGE('',*,*,#12046,.F.);
#12046 = EDGE_CURVE('',#12047,#12049,#12051,.T.);
#12047 = VERTEX_POINT('',#12048);
#12048 = CARTESIAN_POINT('',(9.,-1.,0.));
#12049 = VERTEX_POINT('',#12050);
#12050 = CARTESIAN_POINT('',(9.,1.,0.));
#12051 = SURFACE_CURVE('',#12052,(#12056,#12063),.PCURVE_S1.);
#12052 = LINE('',#12053,#12054);
#12053 = CARTESIAN_POINT('',(9.,-1.,0.));
#12054 = VECTOR('',#12055,1.);
#12055 = DIRECTION('',(0.,1.,0.));
#12056 = PCURVE('',#4327,#12057);
#12057 = DEFINITIONAL_REPRESENTATION('',(#12058),#12062);
#12058 = LINE('',#12059,#12060);
#12059 = CARTESIAN_POINT('',(0.,0.));
#12060 = VECTOR('',#12061,1.);
#12061 = DIRECTION('',(1.,0.));
#12062 = ( GEOMETRIC_REPRESENTATION_CONTEXT(2) 
PARAMETRIC_REPRESENTATION_CONTEXT() REPRESENTATION_CONTEXT('2D SPACE',''
  ) );
#12063 = PCURVE('',#12064,#12069);
#12064 = PLANE('',#12065);
#12065 = AXIS2_PLACEMENT_3D('',#12066,#12067,#12068);
#12066 = CARTESIAN_POINT('',(0.,0.,0.));
#12067 = DIRECTION('',(0.,0.,1.));
#12068 = DIRECTION('',(1.,0.,-0.));
#12069 = DEFINITIONAL_REPRESENTATION('',(#12070),#12074);
#12070 = LINE('',#12071,#12072);
#12071 = CARTESIAN_POINT('',(9.,-1.));
#12072 = VECTOR('',#12073,1.);
#12073 = DIRECTION('',(0.,1.));
#12074 = ( GEOMETRIC_REPRESENTATION_CONTEXT(2) 
PARAMETRIC_REPRESENTATION_CONTEXT() REPRESENTATION_CONTEXT('2D SPACE',''
  ) );
#12075 = ORIENTED_EDGE('',*,*,#12076,.T.);
#12076 = EDGE_CURVE('',#12047,#4313,#12077,.T.);
#12077 = SURFACE_CURVE('',#12078,(#12082,#12089),.PCURVE_S1.);
#12078 = LINE('',#12079,#12080);
#12079 = CARTESIAN_POINT('',(9.,-1.,0.));
#12080 = VECTOR('',#12081,1.);
#12081 = DIRECTION('',(0.,0.,1.));
#12082 = PCURVE('',#4327,#12083);
#12083 = DEFINITIONAL_REPRESENTATION('',(#12084),#12088);
#12084 = LINE('',#12085,#12086);
#12085 = CARTESIAN_POINT('',(0.,0.));
#12086 = VECTOR('',#12087,1.);
#12087 = DIRECTION('',(0.,-1.));
#12088 = ( GEOMETRIC_REPRESENTATION_CONTEXT(2) 
PARAMETRIC_REPRESENTATION_CONTEXT() REPRESENTATION_CONTEXT('2D SPACE',''
  ) );
#12089 = PCURVE('',#4353,#12090);
#12090 = DEFINITIONAL_REPRESENTATION('',(#12091),#12095);
#12091 = LINE('',#12092,#12093);
#12092 = CARTESIAN_POINT('',(18.,0.));
#12093 = VECTOR('',#12094,1.);
#12094 = DIRECTION('',(0.,-1.));
#12095 = ( GEOMETRIC_REPRESENTATION_CONTEXT(2) 
PARAMETRIC_REPRESENTATION_CONTEXT() REPRESENTATION_CONTEXT('2D SPACE',''
  ) );
#12096 = ORIENTED_EDGE('',*,*,#4310,.F.);
#12097 = ORIENTED_EDGE('',*,*,#12098,.F.);
#12098 = EDGE_CURVE('',#12049,#4311,#12099,.T.);
#12099 = SURFACE_CURVE('',#12100,(#12104,#12111),.PCURVE_S1.);
#12100 = LINE('',#12101,#12102);
#12101 = CARTESIAN_POINT('',(9.,1.,0.));
#12102 = VECTOR('',#12103,1.);
#12103 = DIRECTION('',(0.,0.,1.));
#12104 = PCURVE('',#4327,#12105);
#12105 = DEFINITIONAL_REPRESENTATION('',(#12106),#12110);
#12106 = LINE('',#12107,#12108);
#12107 = CARTESIAN_POINT('',(2.,0.));
#12108 = VECTOR('',#12109,1.);
#12109 = DIRECTION('',(0.,-1.));
#12110 = ( GEOMETRIC_REPRESENTATION_CONTEXT(2) 
PARAMETRIC_REPRESENTATION_CONTEXT() REPRESENTATION_CONTEXT('2D SPACE',''
  ) );
#12111 = PCURVE('',#4403,#12112);
#12112 = DEFINITIONAL_REPRESENTATION('',(#12113),#12117);
#12113 = LINE('',#12114,#12115);
#12114 = CARTESIAN_POINT('',(0.,-0.));
#12115 = VECTOR('',#12116,1.);
#12116 = DIRECTION('',(0.,-1.));
#12117 = ( GEOMETRIC_REPRESENTATION_CONTEXT(2) 
PARAMETRIC_REPRESENTATION_CONTEXT() REPRESENTATION_CONTEXT('2D SPACE',''
  ) );
#12118 = ADVANCED_FACE('',(#12119),#4403,.T.);
#12119 = FACE_BOUND('',#12120,.T.);
#12120 = EDGE_LOOP('',(#12121,#12144,#12145,#12146));
#12121 = ORIENTED_EDGE('',*,*,#12122,.F.);
#12122 = EDGE_CURVE('',#12049,#12123,#12125,.T.);
#12123 = VERTEX_POINT('',#12124);
#12124 = CARTESIAN_POINT('',(-9.,1.,0.));
#12125 = SURFACE_CURVE('',#12126,(#12130,#12137),.PCURVE_S1.);
#12126 = LINE('',#12127,#12128);
#12127 = CARTESIAN_POINT('',(9.,1.,0.));
#12128 = VECTOR('',#12129,1.);
#12129 = DIRECTION('',(-1.,0.,0.));
#12130 = PCURVE('',#4403,#12131);
#12131 = DEFINITIONAL_REPRESENTATION('',(#12132),#12136);
#12132 = LINE('',#12133,#12134);
#12133 = CARTESIAN_POINT('',(0.,-0.));
#12134 = VECTOR('',#12135,1.);
#12135 = DIRECTION('',(1.,0.));
#12136 = ( GEOMETRIC_REPRESENTATION_CONTEXT(2) 
PARAMETRIC_REPRESENTATION_CONTEXT() REPRESENTATION_CONTEXT('2D SPACE',''
  ) );
#12137 = PCURVE('',#12064,#12138);
#12138 = DEFINITIONAL_REPRESENTATION('',(#12139),#12143);
#12139 = LINE('',#12140,#12141);
#12140 = CARTESIAN_POINT('',(9.,1.));
#12141 = VECTOR('',#12142,1.);
#12142 = DIRECTION('',(-1.,0.));
#12143 = ( GEOMETRIC_REPRESENTATION_CONTEXT(2) 
PARAMETRIC_REPRESENTATION_CONTEXT() REPRESENTATION_CONTEXT('2D SPACE',''
  ) );
#12144 = ORIENTED_EDGE('',*,*,#12098,.T.);
#12145 = ORIENTED_EDGE('',*,*,#4390,.F.);
#12146 = ORIENTED_EDGE('',*,*,#12147,.F.);
#12147 = EDGE_CURVE('',#12123,#4365,#12148,.T.);
#12148 = SURFACE_CURVE('',#12149,(#12153,#12160),.PCURVE_S1.);
#12149 = LINE('',#12150,#12151);
#12150 = CARTESIAN_POINT('',(-9.,1.,0.));
#12151 = VECTOR('',#12152,1.);
#12152 = DIRECTION('',(0.,0.,1.));
#12153 = PCURVE('',#4403,#12154);
#12154 = DEFINITIONAL_REPRESENTATION('',(#12155),#12159);
#12155 = LINE('',#12156,#12157);
#12156 = CARTESIAN_POINT('',(18.,0.));
#12157 = VECTOR('',#12158,1.);
#12158 = DIRECTION('',(0.,-1.));
#12159 = ( GEOMETRIC_REPRESENTATION_CONTEXT(2) 
PARAMETRIC_REPRESENTATION_CONTEXT() REPRESENTATION_CONTEXT('2D SPACE',''
  ) );
#12160 = PCURVE('',#4379,#12161);
#12161 = DEFINITIONAL_REPRESENTATION('',(#12162),#12166);
#12162 = LINE('',#12163,#12164);
#12163 = CARTESIAN_POINT('',(0.,0.));
#12164 = VECTOR('',#12165,1.);
#12165 = DIRECTION('',(0.,-1.));
#12166 = ( GEOMETRIC_REPRESENTATION_CONTEXT(2) 
PARAMETRIC_REPRESENTATION_CONTEXT() REPRESENTATION_CONTEXT('2D SPACE',''
  ) );
#12167 = ADVANCED_FACE('',(#12168),#4353,.T.);
#12168 = FACE_BOUND('',#12169,.T.);
#12169 = EDGE_LOOP('',(#12170,#12193,#12214,#12215));
#12170 = ORIENTED_EDGE('',*,*,#12171,.F.);
#12171 = EDGE_CURVE('',#12172,#12047,#12174,.T.);
#12172 = VERTEX_POINT('',#12173);
#12173 = CARTESIAN_POINT('',(-9.,-1.,0.));
#12174 = SURFACE_CURVE('',#12175,(#12179,#12186),.PCURVE_S1.);
#12175 = LINE('',#12176,#12177);
#12176 = CARTESIAN_POINT('',(-9.,-1.,0.));
#12177 = VECTOR('',#12178,1.);
#12178 = DIRECTION('',(1.,0.,0.));
#12179 = PCURVE('',#4353,#12180);
#12180 = DEFINITIONAL_REPRESENTATION('',(#12181),#12185);
#12181 = LINE('',#12182,#12183);
#12182 = CARTESIAN_POINT('',(0.,0.));
#12183 = VECTOR('',#12184,1.);
#12184 = DIRECTION('',(1.,0.));
#12185 = ( GEOMETRIC_REPRESENTATION_CONTEXT(2) 
PARAMETRIC_REPRESENTATION_CONTEXT() REPRESENTATION_CONTEXT('2D SPACE',''
  ) );
#12186 = PCURVE('',#12064,#12187);
#12187 = DEFINITIONAL_REPRESENTATION('',(#12188),#12192);
#12188 = LINE('',#12189,#12190);
#12189 = CARTESIAN_POINT('',(-9.,-1.));
#12190 = VECTOR('',#12191,1.);
#12191 = DIRECTION('',(1.,0.));
#12192 = ( GEOMETRIC_REPRESENTATION_CONTEXT(2) 
PARAMETRIC_REPRESENTATION_CONTEXT() REPRESENTATION_CONTEXT('2D SPACE',''
  ) );
#12193 = ORIENTED_EDGE('',*,*,#12194,.T.);
#12194 = EDGE_CURVE('',#12172,#4339,#12195,.T.);
#12195 = SURFACE_CURVE('',#12196,(#12200,#12207),.PCURVE_S1.);
#12196 = LINE('',#12197,#12198);
#12197 = CARTESIAN_POINT('',(-9.,-1.,0.));
#12198 = VECTOR('',#12199,1.);
#12199 = DIRECTION('',(0.,0.,1.));
#12200 = PCURVE('',#4353,#12201);
#12201 = DEFINITIONAL_REPRESENTATION('',(#12202),#12206);
#12202 = LINE('',#12203,#12204);
#12203 = CARTESIAN_POINT('',(0.,0.));
#12204 = VECTOR('',#12205,1.);
#12205 = DIRECTION('',(0.,-1.));
#12206 = ( GEOMETRIC_REPRESENTATION_CONTEXT(2) 
PARAMETRIC_REPRESENTATION_CONTEXT() REPRESENTATION_CONTEXT('2D SPACE',''
  ) );
#12207 = PCURVE('',#4379,#12208);
#12208 = DEFINITIONAL_REPRESENTATION('',(#12209),#12213);
#12209 = LINE('',#12210,#12211);
#12210 = CARTESIAN_POINT('',(2.,0.));
#12211 = VECTOR('',#12212,1.);
#12212 = DIRECTION('',(0.,-1.));
#12213 = ( GEOMETRIC_REPRESENTATION_CONTEXT(2) 
PARAMETRIC_REPRESENTATION_CONTEXT() REPRESENTATION_CONTEXT('2D SPACE',''
  ) );
#12214 = ORIENTED_EDGE('',*,*,#4338,.F.);
#12215 = ORIENTED_EDGE('',*,*,#12076,.F.);
#12216 = ADVANCED_FACE('',(#12217),#4379,.T.);
#12217 = FACE_BOUND('',#12218,.T.);
#12218 = EDGE_LOOP('',(#12219,#12240,#12241,#12242));
#12219 = ORIENTED_EDGE('',*,*,#12220,.F.);
#12220 = EDGE_CURVE('',#12123,#12172,#12221,.T.);
#12221 = SURFACE_CURVE('',#12222,(#12226,#12233),.PCURVE_S1.);
#12222 = LINE('',#12223,#12224);
#12223 = CARTESIAN_POINT('',(-9.,1.,0.));
#12224 = VECTOR('',#12225,1.);
#12225 = DIRECTION('',(0.,-1.,0.));
#12226 = PCURVE('',#4379,#12227);
#12227 = DEFINITIONAL_REPRESENTATION('',(#12228),#12232);
#12228 = LINE('',#12229,#12230);
#12229 = CARTESIAN_POINT('',(0.,0.));
#12230 = VECTOR('',#12231,1.);
#12231 = DIRECTION('',(1.,0.));
#12232 = ( GEOMETRIC_REPRESENTATION_CONTEXT(2) 
PARAMETRIC_REPRESENTATION_CONTEXT() REPRESENTATION_CONTEXT('2D SPACE',''
  ) );
#12233 = PCURVE('',#12064,#12234);
#12234 = DEFINITIONAL_REPRESENTATION('',(#12235),#12239);
#12235 = LINE('',#12236,#12237);
#12236 = CARTESIAN_POINT('',(-9.,1.));
#12237 = VECTOR('',#12238,1.);
#12238 = DIRECTION('',(0.,-1.));
#12239 = ( GEOMETRIC_REPRESENTATION_CONTEXT(2) 
PARAMETRIC_REPRESENTATION_CONTEXT() REPRESENTATION_CONTEXT('2D SPACE',''
  ) );
#12240 = ORIENTED_EDGE('',*,*,#12147,.T.);
#12241 = ORIENTED_EDGE('',*,*,#4364,.F.);
#12242 = ORIENTED_EDGE('',*,*,#12194,.F.);
#12243 = ADVANCED_FACE('',(#12244),#4437,.F.);
#12244 = FACE_BOUND('',#12245,.T.);
#12245 = EDGE_LOOP('',(#12246,#12275,#12296,#12297));
#12246 = ORIENTED_EDGE('',*,*,#12247,.F.);
#12247 = EDGE_CURVE('',#12248,#12248,#12250,.T.);
#12248 = VERTEX_POINT('',#12249);
#12249 = CARTESIAN_POINT('',(-20.6,10.2,0.9));
#12250 = SURFACE_CURVE('',#12251,(#12256,#12263),.PCURVE_S1.);
#12251 = CIRCLE('',#12252,2.6);
#12252 = AXIS2_PLACEMENT_3D('',#12253,#12254,#12255);
#12253 = CARTESIAN_POINT('',(-23.2,10.2,0.9));
#12254 = DIRECTION('',(0.,0.,1.));
#12255 = DIRECTION('',(1.,0.,0.));
#12256 = PCURVE('',#4437,#12257);
#12257 = DEFINITIONAL_REPRESENTATION('',(#12258),#12262);
#12258 = LINE('',#12259,#12260);
#12259 = CARTESIAN_POINT('',(-0.,0.));
#12260 = VECTOR('',#12261,1.);
#12261 = DIRECTION('',(-1.,0.));
#12262 = ( GEOMETRIC_REPRESENTATION_CONTEXT(2) 
PARAMETRIC_REPRESENTATION_CONTEXT() REPRESENTATION_CONTEXT('2D SPACE',''
  ) );
#12263 = PCURVE('',#12264,#12269);
#12264 = PLANE('',#12265);
#12265 = AXIS2_PLACEMENT_3D('',#12266,#12267,#12268);
#12266 = CARTESIAN_POINT('',(-23.2,10.2,0.9));
#12267 = DIRECTION('',(0.,0.,1.));
#12268 = DIRECTION('',(1.,0.,-0.));
#12269 = DEFINITIONAL_REPRESENTATION('',(#12270),#12274);
#12270 = CIRCLE('',#12271,2.6);
#12271 = AXIS2_PLACEMENT_2D('',#12272,#12273);
#12272 = CARTESIAN_POINT('',(0.,0.));
#12273 = DIRECTION('',(1.,0.));
#12274 = ( GEOMETRIC_REPRESENTATION_CONTEXT(2) 
PARAMETRIC_REPRESENTATION_CONTEXT() REPRESENTATION_CONTEXT('2D SPACE',''
  ) );
#12275 = ORIENTED_EDGE('',*,*,#12276,.T.);
#12276 = EDGE_CURVE('',#12248,#4417,#12277,.T.);
#12277 = SEAM_CURVE('',#12278,(#12282,#12289),.PCURVE_S1.);
#12278 = LINE('',#12279,#12280);
#12279 = CARTESIAN_POINT('',(-20.6,10.2,0.9));
#12280 = VECTOR('',#12281,1.);
#12281 = DIRECTION('',(0.,0.,1.));
#12282 = PCURVE('',#4437,#12283);
#12283 = DEFINITIONAL_REPRESENTATION('',(#12284),#12288);
#12284 = LINE('',#12285,#12286);
#12285 = CARTESIAN_POINT('',(-6.28318530718,0.));
#12286 = VECTOR('',#12287,1.);
#12287 = DIRECTION('',(-0.,-1.));
#12288 = ( GEOMETRIC_REPRESENTATION_CONTEXT(2) 
PARAMETRIC_REPRESENTATION_CONTEXT() REPRESENTATION_CONTEXT('2D SPACE',''
  ) );
#12289 = PCURVE('',#4437,#12290);
#12290 = DEFINITIONAL_REPRESENTATION('',(#12291),#12295);
#12291 = LINE('',#12292,#12293);
#12292 = CARTESIAN_POINT('',(-0.,0.));
#12293 = VECTOR('',#12294,1.);
#12294 = DIRECTION('',(-0.,-1.));
#12295 = ( GEOMETRIC_REPRESENTATION_CONTEXT(2) 
PARAMETRIC_REPRESENTATION_CONTEXT() REPRESENTATION_CONTEXT('2D SPACE',''
  ) );
#12296 = ORIENTED_EDGE('',*,*,#4416,.F.);
#12297 = ORIENTED_EDGE('',*,*,#12276,.F.);
#12298 = ADVANCED_FACE('',(#12299),#4468,.T.);
#12299 = FACE_BOUND('',#12300,.T.);
#12300 = EDGE_LOOP('',(#12301,#12331,#12352,#12353));
#12301 = ORIENTED_EDGE('',*,*,#12302,.F.);
#12302 = EDGE_CURVE('',#12303,#12305,#12307,.T.);
#12303 = VERTEX_POINT('',#12304);
#12304 = CARTESIAN_POINT('',(9.,4.,0.));
#12305 = VERTEX_POINT('',#12306);
#12306 = CARTESIAN_POINT('',(9.,6.,0.));
#12307 = SURFACE_CURVE('',#12308,(#12312,#12319),.PCURVE_S1.);
#12308 = LINE('',#12309,#12310);
#12309 = CARTESIAN_POINT('',(9.,4.,0.));
#12310 = VECTOR('',#12311,1.);
#12311 = DIRECTION('',(0.,1.,0.));
#12312 = PCURVE('',#4468,#12313);
#12313 = DEFINITIONAL_REPRESENTATION('',(#12314),#12318);
#12314 = LINE('',#12315,#12316);
#12315 = CARTESIAN_POINT('',(0.,0.));
#12316 = VECTOR('',#12317,1.);
#12317 = DIRECTION('',(1.,0.));
#12318 = ( GEOMETRIC_REPRESENTATION_CONTEXT(2) 
PARAMETRIC_REPRESENTATION_CONTEXT() REPRESENTATION_CONTEXT('2D SPACE',''
  ) );
#12319 = PCURVE('',#12320,#12325);
#12320 = PLANE('',#12321);
#12321 = AXIS2_PLACEMENT_3D('',#12322,#12323,#12324);
#12322 = CARTESIAN_POINT('',(0.,5.,0.));
#12323 = DIRECTION('',(0.,0.,1.));
#12324 = DIRECTION('',(1.,0.,-0.));
#12325 = DEFINITIONAL_REPRESENTATION('',(#12326),#12330);
#12326 = LINE('',#12327,#12328);
#12327 = CARTESIAN_POINT('',(9.,-1.));
#12328 = VECTOR('',#12329,1.);
#12329 = DIRECTION('',(0.,1.));
#12330 = ( GEOMETRIC_REPRESENTATION_CONTEXT(2) 
PARAMETRIC_REPRESENTATION_CONTEXT() REPRESENTATION_CONTEXT('2D SPACE',''
  ) );
#12331 = ORIENTED_EDGE('',*,*,#12332,.T.);
#12332 = EDGE_CURVE('',#12303,#4454,#12333,.T.);
#12333 = SURFACE_CURVE('',#12334,(#12338,#12345),.PCURVE_S1.);
#12334 = LINE('',#12335,#12336);
#12335 = CARTESIAN_POINT('',(9.,4.,0.));
#12336 = VECTOR('',#12337,1.);
#12337 = DIRECTION('',(0.,0.,1.));
#12338 = PCURVE('',#4468,#12339);
#12339 = DEFINITIONAL_REPRESENTATION('',(#12340),#12344);
#12340 = LINE('',#12341,#12342);
#12341 = CARTESIAN_POINT('',(0.,0.));
#12342 = VECTOR('',#12343,1.);
#12343 = DIRECTION('',(0.,-1.));
#12344 = ( GEOMETRIC_REPRESENTATION_CONTEXT(2) 
PARAMETRIC_REPRESENTATION_CONTEXT() REPRESENTATION_CONTEXT('2D SPACE',''
  ) );
#12345 = PCURVE('',#4494,#12346);
#12346 = DEFINITIONAL_REPRESENTATION('',(#12347),#12351);
#12347 = LINE('',#12348,#12349);
#12348 = CARTESIAN_POINT('',(18.,0.));
#12349 = VECTOR('',#12350,1.);
#12350 = DIRECTION('',(0.,-1.));
#12351 = ( GEOMETRIC_REPRESENTATION_CONTEXT(2) 
PARAMETRIC_REPRESENTATION_CONTEXT() REPRESENTATION_CONTEXT('2D SPACE',''
  ) );
#12352 = ORIENTED_EDGE('',*,*,#4451,.F.);
#12353 = ORIENTED_EDGE('',*,*,#12354,.F.);
#12354 = EDGE_CURVE('',#12305,#4452,#12355,.T.);
#12355 = SURFACE_CURVE('',#12356,(#12360,#12367),.PCURVE_S1.);
#12356 = LINE('',#12357,#12358);
#12357 = CARTESIAN_POINT('',(9.,6.,0.));
#12358 = VECTOR('',#12359,1.);
#12359 = DIRECTION('',(0.,0.,1.));
#12360 = PCURVE('',#4468,#12361);
#12361 = DEFINITIONAL_REPRESENTATION('',(#12362),#12366);
#12362 = LINE('',#12363,#12364);
#12363 = CARTESIAN_POINT('',(2.,0.));
#12364 = VECTOR('',#12365,1.);
#12365 = DIRECTION('',(0.,-1.));
#12366 = ( GEOMETRIC_REPRESENTATION_CONTEXT(2) 
PARAMETRIC_REPRESENTATION_CONTEXT() REPRESENTATION_CONTEXT('2D SPACE',''
  ) );
#12367 = PCURVE('',#4544,#12368);
#12368 = DEFINITIONAL_REPRESENTATION('',(#12369),#12373);
#12369 = LINE('',#12370,#12371);
#12370 = CARTESIAN_POINT('',(0.,-0.));
#12371 = VECTOR('',#12372,1.);
#12372 = DIRECTION('',(0.,-1.));
#12373 = ( GEOMETRIC_REPRESENTATION_CONTEXT(2) 
PARAMETRIC_REPRESENTATION_CONTEXT() REPRESENTATION_CONTEXT('2D SPACE',''
  ) );
#12374 = ADVANCED_FACE('',(#12375),#4544,.T.);
#12375 = FACE_BOUND('',#12376,.T.);
#12376 = EDGE_LOOP('',(#12377,#12400,#12401,#12402));
#12377 = ORIENTED_EDGE('',*,*,#12378,.F.);
#12378 = EDGE_CURVE('',#12305,#12379,#12381,.T.);
#12379 = VERTEX_POINT('',#12380);
#12380 = CARTESIAN_POINT('',(-9.,6.,0.));
#12381 = SURFACE_CURVE('',#12382,(#12386,#12393),.PCURVE_S1.);
#12382 = LINE('',#12383,#12384);
#12383 = CARTESIAN_POINT('',(9.,6.,0.));
#12384 = VECTOR('',#12385,1.);
#12385 = DIRECTION('',(-1.,0.,0.));
#12386 = PCURVE('',#4544,#12387);
#12387 = DEFINITIONAL_REPRESENTATION('',(#12388),#12392);
#12388 = LINE('',#12389,#12390);
#12389 = CARTESIAN_POINT('',(0.,-0.));
#12390 = VECTOR('',#12391,1.);
#12391 = DIRECTION('',(1.,0.));
#12392 = ( GEOMETRIC_REPRESENTATION_CONTEXT(2) 
PARAMETRIC_REPRESENTATION_CONTEXT() REPRESENTATION_CONTEXT('2D SPACE',''
  ) );
#12393 = PCURVE('',#12320,#12394);
#12394 = DEFINITIONAL_REPRESENTATION('',(#12395),#12399);
#12395 = LINE('',#12396,#12397);
#12396 = CARTESIAN_POINT('',(9.,1.));
#12397 = VECTOR('',#12398,1.);
#12398 = DIRECTION('',(-1.,0.));
#12399 = ( GEOMETRIC_REPRESENTATION_CONTEXT(2) 
PARAMETRIC_REPRESENTATION_CONTEXT() REPRESENTATION_CONTEXT('2D SPACE',''
  ) );
#12400 = ORIENTED_EDGE('',*,*,#12354,.T.);
#12401 = ORIENTED_EDGE('',*,*,#4531,.F.);
#12402 = ORIENTED_EDGE('',*,*,#12403,.F.);
#12403 = EDGE_CURVE('',#12379,#4506,#12404,.T.);
#12404 = SURFACE_CURVE('',#12405,(#12409,#12416),.PCURVE_S1.);
#12405 = LINE('',#12406,#12407);
#12406 = CARTESIAN_POINT('',(-9.,6.,0.));
#12407 = VECTOR('',#12408,1.);
#12408 = DIRECTION('',(0.,0.,1.));
#12409 = PCURVE('',#4544,#12410);
#12410 = DEFINITIONAL_REPRESENTATION('',(#12411),#12415);
#12411 = LINE('',#12412,#12413);
#12412 = CARTESIAN_POINT('',(18.,0.));
#12413 = VECTOR('',#12414,1.);
#12414 = DIRECTION('',(0.,-1.));
#12415 = ( GEOMETRIC_REPRESENTATION_CONTEXT(2) 
PARAMETRIC_REPRESENTATION_CONTEXT() REPRESENTATION_CONTEXT('2D SPACE',''
  ) );
#12416 = PCURVE('',#4520,#12417);
#12417 = DEFINITIONAL_REPRESENTATION('',(#12418),#12422);
#12418 = LINE('',#12419,#12420);
#12419 = CARTESIAN_POINT('',(0.,0.));
#12420 = VECTOR('',#12421,1.);
#12421 = DIRECTION('',(0.,-1.));
#12422 = ( GEOMETRIC_REPRESENTATION_CONTEXT(2) 
PARAMETRIC_REPRESENTATION_CONTEXT() REPRESENTATION_CONTEXT('2D SPACE',''
  ) );
#12423 = ADVANCED_FACE('',(#12424),#4494,.T.);
#12424 = FACE_BOUND('',#12425,.T.);
#12425 = EDGE_LOOP('',(#12426,#12449,#12470,#12471));
#12426 = ORIENTED_EDGE('',*,*,#12427,.F.);
#12427 = EDGE_CURVE('',#12428,#12303,#12430,.T.);
#12428 = VERTEX_POINT('',#12429);
#12429 = CARTESIAN_POINT('',(-9.,4.,0.));
#12430 = SURFACE_CURVE('',#12431,(#12435,#12442),.PCURVE_S1.);
#12431 = LINE('',#12432,#12433);
#12432 = CARTESIAN_POINT('',(-9.,4.,0.));
#12433 = VECTOR('',#12434,1.);
#12434 = DIRECTION('',(1.,0.,0.));
#12435 = PCURVE('',#4494,#12436);
#12436 = DEFINITIONAL_REPRESENTATION('',(#12437),#12441);
#12437 = LINE('',#12438,#12439);
#12438 = CARTESIAN_POINT('',(0.,0.));
#12439 = VECTOR('',#12440,1.);
#12440 = DIRECTION('',(1.,0.));
#12441 = ( GEOMETRIC_REPRESENTATION_CONTEXT(2) 
PARAMETRIC_REPRESENTATION_CONTEXT() REPRESENTATION_CONTEXT('2D SPACE',''
  ) );
#12442 = PCURVE('',#12320,#12443);
#12443 = DEFINITIONAL_REPRESENTATION('',(#12444),#12448);
#12444 = LINE('',#12445,#12446);
#12445 = CARTESIAN_POINT('',(-9.,-1.));
#12446 = VECTOR('',#12447,1.);
#12447 = DIRECTION('',(1.,0.));
#12448 = ( GEOMETRIC_REPRESENTATION_CONTEXT(2) 
PARAMETRIC_REPRESENTATION_CONTEXT() REPRESENTATION_CONTEXT('2D SPACE',''
  ) );
#12449 = ORIENTED_EDGE('',*,*,#12450,.T.);
#12450 = EDGE_CURVE('',#12428,#4480,#12451,.T.);
#12451 = SURFACE_CURVE('',#12452,(#12456,#12463),.PCURVE_S1.);
#12452 = LINE('',#12453,#12454);
#12453 = CARTESIAN_POINT('',(-9.,4.,0.));
#12454 = VECTOR('',#12455,1.);
#12455 = DIRECTION('',(0.,0.,1.));
#12456 = PCURVE('',#4494,#12457);
#12457 = DEFINITIONAL_REPRESENTATION('',(#12458),#12462);
#12458 = LINE('',#12459,#12460);
#12459 = CARTESIAN_POINT('',(0.,0.));
#12460 = VECTOR('',#12461,1.);
#12461 = DIRECTION('',(0.,-1.));
#12462 = ( GEOMETRIC_REPRESENTATION_CONTEXT(2) 
PARAMETRIC_REPRESENTATION_CONTEXT() REPRESENTATION_CONTEXT('2D SPACE',''
  ) );
#12463 = PCURVE('',#4520,#12464);
#12464 = DEFINITIONAL_REPRESENTATION('',(#12465),#12469);
#12465 = LINE('',#12466,#12467);
#12466 = CARTESIAN_POINT('',(2.,0.));
#12467 = VECTOR('',#12468,1.);
#12468 = DIRECTION('',(0.,-1.));
#12469 = ( GEOMETRIC_REPRESENTATION_CONTEXT(2) 
PARAMETRIC_REPRESENTATION_CONTEXT() REPRESENTATION_CONTEXT('2D SPACE',''
  ) );
#12470 = ORIENTED_EDGE('',*,*,#4479,.F.);
#12471 = ORIENTED_EDGE('',*,*,#12332,.F.);
#12472 = ADVANCED_FACE('',(#12473),#4520,.T.);
#12473 = FACE_BOUND('',#12474,.T.);
#12474 = EDGE_LOOP('',(#12475,#12496,#12497,#12498));
#12475 = ORIENTED_EDGE('',*,*,#12476,.F.);
#12476 = EDGE_CURVE('',#12379,#12428,#12477,.T.);
#12477 = SURFACE_CURVE('',#12478,(#12482,#12489),.PCURVE_S1.);
#12478 = LINE('',#12479,#12480);
#12479 = CARTESIAN_POINT('',(-9.,6.,0.));
#12480 = VECTOR('',#12481,1.);
#12481 = DIRECTION('',(0.,-1.,0.));
#12482 = PCURVE('',#4520,#12483);
#12483 = DEFINITIONAL_REPRESENTATION('',(#12484),#12488);
#12484 = LINE('',#12485,#12486);
#12485 = CARTESIAN_POINT('',(0.,0.));
#12486 = VECTOR('',#12487,1.);
#12487 = DIRECTION('',(1.,0.));
#12488 = ( GEOMETRIC_REPRESENTATION_CONTEXT(2) 
PARAMETRIC_REPRESENTATION_CONTEXT() REPRESENTATION_CONTEXT('2D SPACE',''
  ) );
#12489 = PCURVE('',#12320,#12490);
#12490 = DEFINITIONAL_REPRESENTATION('',(#12491),#12495);
#12491 = LINE('',#12492,#12493);
#12492 = CARTESIAN_POINT('',(-9.,1.));
#12493 = VECTOR('',#12494,1.);
#12494 = DIRECTION('',(0.,-1.));
#12495 = ( GEOMETRIC_REPRESENTATION_CONTEXT(2) 
PARAMETRIC_REPRESENTATION_CONTEXT() REPRESENTATION_CONTEXT('2D SPACE',''
  ) );
#12496 = ORIENTED_EDGE('',*,*,#12403,.T.);
#12497 = ORIENTED_EDGE('',*,*,#4505,.F.);
#12498 = ORIENTED_EDGE('',*,*,#12450,.F.);
#12499 = ADVANCED_FACE('',(#12500),#4574,.T.);
#12500 = FACE_BOUND('',#12501,.T.);
#12501 = EDGE_LOOP('',(#12502,#12532,#12553,#12554));
#12502 = ORIENTED_EDGE('',*,*,#12503,.F.);
#12503 = EDGE_CURVE('',#12504,#12506,#12508,.T.);
#12504 = VERTEX_POINT('',#12505);
#12505 = CARTESIAN_POINT('',(9.,9.,0.));
#12506 = VERTEX_POINT('',#12507);
#12507 = CARTESIAN_POINT('',(9.,11.,0.));
#12508 = SURFACE_CURVE('',#12509,(#12513,#12520),.PCURVE_S1.);
#12509 = LINE('',#12510,#12511);
#12510 = CARTESIAN_POINT('',(9.,9.,0.));
#12511 = VECTOR('',#12512,1.);
#12512 = DIRECTION('',(0.,1.,0.));
#12513 = PCURVE('',#4574,#12514);
#12514 = DEFINITIONAL_REPRESENTATION('',(#12515),#12519);
#12515 = LINE('',#12516,#12517);
#12516 = CARTESIAN_POINT('',(0.,0.));
#12517 = VECTOR('',#12518,1.);
#12518 = DIRECTION('',(1.,0.));
#12519 = ( GEOMETRIC_REPRESENTATION_CONTEXT(2) 
PARAMETRIC_REPRESENTATION_CONTEXT() REPRESENTATION_CONTEXT('2D SPACE',''
  ) );
#12520 = PCURVE('',#12521,#12526);
#12521 = PLANE('',#12522);
#12522 = AXIS2_PLACEMENT_3D('',#12523,#12524,#12525);
#12523 = CARTESIAN_POINT('',(0.,10.,0.));
#12524 = DIRECTION('',(0.,0.,1.));
#12525 = DIRECTION('',(1.,0.,-0.));
#12526 = DEFINITIONAL_REPRESENTATION('',(#12527),#12531);
#12527 = LINE('',#12528,#12529);
#12528 = CARTESIAN_POINT('',(9.,-1.));
#12529 = VECTOR('',#12530,1.);
#12530 = DIRECTION('',(0.,1.));
#12531 = ( GEOMETRIC_REPRESENTATION_CONTEXT(2) 
PARAMETRIC_REPRESENTATION_CONTEXT() REPRESENTATION_CONTEXT('2D SPACE',''
  ) );
#12532 = ORIENTED_EDGE('',*,*,#12533,.T.);
#12533 = EDGE_CURVE('',#12504,#4560,#12534,.T.);
#12534 = SURFACE_CURVE('',#12535,(#12539,#12546),.PCURVE_S1.);
#12535 = LINE('',#12536,#12537);
#12536 = CARTESIAN_POINT('',(9.,9.,0.));
#12537 = VECTOR('',#12538,1.);
#12538 = DIRECTION('',(0.,0.,1.));
#12539 = PCURVE('',#4574,#12540);
#12540 = DEFINITIONAL_REPRESENTATION('',(#12541),#12545);
#12541 = LINE('',#12542,#12543);
#12542 = CARTESIAN_POINT('',(0.,0.));
#12543 = VECTOR('',#12544,1.);
#12544 = DIRECTION('',(0.,-1.));
#12545 = ( GEOMETRIC_REPRESENTATION_CONTEXT(2) 
PARAMETRIC_REPRESENTATION_CONTEXT() REPRESENTATION_CONTEXT('2D SPACE',''
  ) );
#12546 = PCURVE('',#4600,#12547);
#12547 = DEFINITIONAL_REPRESENTATION('',(#12548),#12552);
#12548 = LINE('',#12549,#12550);
#12549 = CARTESIAN_POINT('',(18.,0.));
#12550 = VECTOR('',#12551,1.);
#12551 = DIRECTION('',(0.,-1.));
#12552 = ( GEOMETRIC_REPRESENTATION_CONTEXT(2) 
PARAMETRIC_REPRESENTATION_CONTEXT() REPRESENTATION_CONTEXT('2D SPACE',''
  ) );
#12553 = ORIENTED_EDGE('',*,*,#4557,.F.);
#12554 = ORIENTED_EDGE('',*,*,#12555,.F.);
#12555 = EDGE_CURVE('',#12506,#4558,#12556,.T.);
#12556 = SURFACE_CURVE('',#12557,(#12561,#12568),.PCURVE_S1.);
#12557 = LINE('',#12558,#12559);
#12558 = CARTESIAN_POINT('',(9.,11.,0.));
#12559 = VECTOR('',#12560,1.);
#12560 = DIRECTION('',(0.,0.,1.));
#12561 = PCURVE('',#4574,#12562);
#12562 = DEFINITIONAL_REPRESENTATION('',(#12563),#12567);
#12563 = LINE('',#12564,#12565);
#12564 = CARTESIAN_POINT('',(2.,0.));
#12565 = VECTOR('',#12566,1.);
#12566 = DIRECTION('',(0.,-1.));
#12567 = ( GEOMETRIC_REPRESENTATION_CONTEXT(2) 
PARAMETRIC_REPRESENTATION_CONTEXT() REPRESENTATION_CONTEXT('2D SPACE',''
  ) );
#12568 = PCURVE('',#4650,#12569);
#12569 = DEFINITIONAL_REPRESENTATION('',(#12570),#12574);
#12570 = LINE('',#12571,#12572);
#12571 = CARTESIAN_POINT('',(0.,-0.));
#12572 = VECTOR('',#12573,1.);
#12573 = DIRECTION('',(0.,-1.));
#12574 = ( GEOMETRIC_REPRESENTATION_CONTEXT(2) 
PARAMETRIC_REPRESENTATION_CONTEXT() REPRESENTATION_CONTEXT('2D SPACE',''
  ) );
#12575 = ADVANCED_FACE('',(#12576),#4650,.T.);
#12576 = FACE_BOUND('',#12577,.T.);
#12577 = EDGE_LOOP('',(#12578,#12601,#12602,#12603));
#12578 = ORIENTED_EDGE('',*,*,#12579,.F.);
#12579 = EDGE_CURVE('',#12506,#12580,#12582,.T.);
#12580 = VERTEX_POINT('',#12581);
#12581 = CARTESIAN_POINT('',(-9.,11.,0.));
#12582 = SURFACE_CURVE('',#12583,(#12587,#12594),.PCURVE_S1.);
#12583 = LINE('',#12584,#12585);
#12584 = CARTESIAN_POINT('',(9.,11.,0.));
#12585 = VECTOR('',#12586,1.);
#12586 = DIRECTION('',(-1.,0.,0.));
#12587 = PCURVE('',#4650,#12588);
#12588 = DEFINITIONAL_REPRESENTATION('',(#12589),#12593);
#12589 = LINE('',#12590,#12591);
#12590 = CARTESIAN_POINT('',(0.,-0.));
#12591 = VECTOR('',#12592,1.);
#12592 = DIRECTION('',(1.,0.));
#12593 = ( GEOMETRIC_REPRESENTATION_CONTEXT(2) 
PARAMETRIC_REPRESENTATION_CONTEXT() REPRESENTATION_CONTEXT('2D SPACE',''
  ) );
#12594 = PCURVE('',#12521,#12595);
#12595 = DEFINITIONAL_REPRESENTATION('',(#12596),#12600);
#12596 = LINE('',#12597,#12598);
#12597 = CARTESIAN_POINT('',(9.,1.));
#12598 = VECTOR('',#12599,1.);
#12599 = DIRECTION('',(-1.,0.));
#12600 = ( GEOMETRIC_REPRESENTATION_CONTEXT(2) 
PARAMETRIC_REPRESENTATION_CONTEXT() REPRESENTATION_CONTEXT('2D SPACE',''
  ) );
#12601 = ORIENTED_EDGE('',*,*,#12555,.T.);
#12602 = ORIENTED_EDGE('',*,*,#4637,.F.);
#12603 = ORIENTED_EDGE('',*,*,#12604,.F.);
#12604 = EDGE_CURVE('',#12580,#4612,#12605,.T.);
#12605 = SURFACE_CURVE('',#12606,(#12610,#12617),.PCURVE_S1.);
#12606 = LINE('',#12607,#12608);
#12607 = CARTESIAN_POINT('',(-9.,11.,0.));
#12608 = VECTOR('',#12609,1.);
#12609 = DIRECTION('',(0.,0.,1.));
#12610 = PCURVE('',#4650,#12611);
#12611 = DEFINITIONAL_REPRESENTATION('',(#12612),#12616);
#12612 = LINE('',#12613,#12614);
#12613 = CARTESIAN_POINT('',(18.,0.));
#12614 = VECTOR('',#12615,1.);
#12615 = DIRECTION('',(0.,-1.));
#12616 = ( GEOMETRIC_REPRESENTATION_CONTEXT(2) 
PARAMETRIC_REPRESENTATION_CONTEXT() REPRESENTATION_CONTEXT('2D SPACE',''
  ) );
#12617 = PCURVE('',#4626,#12618);
#12618 = DEFINITIONAL_REPRESENTATION('',(#12619),#12623);
#12619 = LINE('',#12620,#12621);
#12620 = CARTESIAN_POINT('',(0.,0.));
#12621 = VECTOR('',#12622,1.);
#12622 = DIRECTION('',(0.,-1.));
#12623 = ( GEOMETRIC_REPRESENTATION_CONTEXT(2) 
PARAMETRIC_REPRESENTATION_CONTEXT() REPRESENTATION_CONTEXT('2D SPACE',''
  ) );
#12624 = ADVANCED_FACE('',(#12625),#4600,.T.);
#12625 = FACE_BOUND('',#12626,.T.);
#12626 = EDGE_LOOP('',(#12627,#12650,#12671,#12672));
#12627 = ORIENTED_EDGE('',*,*,#12628,.F.);
#12628 = EDGE_CURVE('',#12629,#12504,#12631,.T.);
#12629 = VERTEX_POINT('',#12630);
#12630 = CARTESIAN_POINT('',(-9.,9.,0.));
#12631 = SURFACE_CURVE('',#12632,(#12636,#12643),.PCURVE_S1.);
#12632 = LINE('',#12633,#12634);
#12633 = CARTESIAN_POINT('',(-9.,9.,0.));
#12634 = VECTOR('',#12635,1.);
#12635 = DIRECTION('',(1.,0.,0.));
#12636 = PCURVE('',#4600,#12637);
#12637 = DEFINITIONAL_REPRESENTATION('',(#12638),#12642);
#12638 = LINE('',#12639,#12640);
#12639 = CARTESIAN_POINT('',(0.,0.));
#12640 = VECTOR('',#12641,1.);
#12641 = DIRECTION('',(1.,0.));
#12642 = ( GEOMETRIC_REPRESENTATION_CONTEXT(2) 
PARAMETRIC_REPRESENTATION_CONTEXT() REPRESENTATION_CONTEXT('2D SPACE',''
  ) );
#12643 = PCURVE('',#12521,#12644);
#12644 = DEFINITIONAL_REPRESENTATION('',(#12645),#12649);
#12645 = LINE('',#12646,#12647);
#12646 = CARTESIAN_POINT('',(-9.,-1.));
#12647 = VECTOR('',#12648,1.);
#12648 = DIRECTION('',(1.,0.));
#12649 = ( GEOMETRIC_REPRESENTATION_CONTEXT(2) 
PARAMETRIC_REPRESENTATION_CONTEXT() REPRESENTATION_CONTEXT('2D SPACE',''
  ) );
#12650 = ORIENTED_EDGE('',*,*,#12651,.T.);
#12651 = EDGE_CURVE('',#12629,#4586,#12652,.T.);
#12652 = SURFACE_CURVE('',#12653,(#12657,#12664),.PCURVE_S1.);
#12653 = LINE('',#12654,#12655);
#12654 = CARTESIAN_POINT('',(-9.,9.,0.));
#12655 = VECTOR('',#12656,1.);
#12656 = DIRECTION('',(0.,0.,1.));
#12657 = PCURVE('',#4600,#12658);
#12658 = DEFINITIONAL_REPRESENTATION('',(#12659),#12663);
#12659 = LINE('',#12660,#12661);
#12660 = CARTESIAN_POINT('',(0.,0.));
#12661 = VECTOR('',#12662,1.);
#12662 = DIRECTION('',(0.,-1.));
#12663 = ( GEOMETRIC_REPRESENTATION_CONTEXT(2) 
PARAMETRIC_REPRESENTATION_CONTEXT() REPRESENTATION_CONTEXT('2D SPACE',''
  ) );
#12664 = PCURVE('',#4626,#12665);
#12665 = DEFINITIONAL_REPRESENTATION('',(#12666),#12670);
#12666 = LINE('',#12667,#12668);
#12667 = CARTESIAN_POINT('',(2.,0.));
#12668 = VECTOR('',#12669,1.);
#12669 = DIRECTION('',(0.,-1.));
#12670 = ( GEOMETRIC_REPRESENTATION_CONTEXT(2) 
PARAMETRIC_REPRESENTATION_CONTEXT() REPRESENTATION_CONTEXT('2D SPACE',''
  ) );
#12671 = ORIENTED_EDGE('',*,*,#4585,.F.);
#12672 = ORIENTED_EDGE('',*,*,#12533,.F.);
#12673 = ADVANCED_FACE('',(#12674),#4626,.T.);
#12674 = FACE_BOUND('',#12675,.T.);
#12675 = EDGE_LOOP('',(#12676,#12697,#12698,#12699));
#12676 = ORIENTED_EDGE('',*,*,#12677,.F.);
#12677 = EDGE_CURVE('',#12580,#12629,#12678,.T.);
#12678 = SURFACE_CURVE('',#12679,(#12683,#12690),.PCURVE_S1.);
#12679 = LINE('',#12680,#12681);
#12680 = CARTESIAN_POINT('',(-9.,11.,0.));
#12681 = VECTOR('',#12682,1.);
#12682 = DIRECTION('',(0.,-1.,0.));
#12683 = PCURVE('',#4626,#12684);
#12684 = DEFINITIONAL_REPRESENTATION('',(#12685),#12689);
#12685 = LINE('',#12686,#12687);
#12686 = CARTESIAN_POINT('',(0.,0.));
#12687 = VECTOR('',#12688,1.);
#12688 = DIRECTION('',(1.,0.));
#12689 = ( GEOMETRIC_REPRESENTATION_CONTEXT(2) 
PARAMETRIC_REPRESENTATION_CONTEXT() REPRESENTATION_CONTEXT('2D SPACE',''
  ) );
#12690 = PCURVE('',#12521,#12691);
#12691 = DEFINITIONAL_REPRESENTATION('',(#12692),#12696);
#12692 = LINE('',#12693,#12694);
#12693 = CARTESIAN_POINT('',(-9.,1.));
#12694 = VECTOR('',#12695,1.);
#12695 = DIRECTION('',(0.,-1.));
#12696 = ( GEOMETRIC_REPRESENTATION_CONTEXT(2) 
PARAMETRIC_REPRESENTATION_CONTEXT() REPRESENTATION_CONTEXT('2D SPACE',''
  ) );
#12697 = ORIENTED_EDGE('',*,*,#12604,.T.);
#12698 = ORIENTED_EDGE('',*,*,#4611,.F.);
#12699 = ORIENTED_EDGE('',*,*,#12651,.F.);
#12700 = ADVANCED_FACE('',(#12701),#4684,.F.);
#12701 = FACE_BOUND('',#12702,.T.);
#12702 = EDGE_LOOP('',(#12703,#12732,#12753,#12754));
#12703 = ORIENTED_EDGE('',*,*,#12704,.F.);
#12704 = EDGE_CURVE('',#12705,#12705,#12707,.T.);
#12705 = VERTEX_POINT('',#12706);
#12706 = CARTESIAN_POINT('',(25.8,10.2,0.9));
#12707 = SURFACE_CURVE('',#12708,(#12713,#12720),.PCURVE_S1.);
#12708 = CIRCLE('',#12709,2.6);
#12709 = AXIS2_PLACEMENT_3D('',#12710,#12711,#12712);
#12710 = CARTESIAN_POINT('',(23.2,10.2,0.9));
#12711 = DIRECTION('',(0.,0.,1.));
#12712 = DIRECTION('',(1.,0.,0.));
#12713 = PCURVE('',#4684,#12714);
#12714 = DEFINITIONAL_REPRESENTATION('',(#12715),#12719);
#12715 = LINE('',#12716,#12717);
#12716 = CARTESIAN_POINT('',(-0.,0.));
#12717 = VECTOR('',#12718,1.);
#12718 = DIRECTION('',(-1.,0.));
#12719 = ( GEOMETRIC_REPRESENTATION_CONTEXT(2) 
PARAMETRIC_REPRESENTATION_CONTEXT() REPRESENTATION_CONTEXT('2D SPACE',''
  ) );
#12720 = PCURVE('',#12721,#12726);
#12721 = PLANE('',#12722);
#12722 = AXIS2_PLACEMENT_3D('',#12723,#12724,#12725);
#12723 = CARTESIAN_POINT('',(23.2,10.2,0.9));
#12724 = DIRECTION('',(0.,0.,1.));
#12725 = DIRECTION('',(1.,0.,-0.));
#12726 = DEFINITIONAL_REPRESENTATION('',(#12727),#12731);
#12727 = CIRCLE('',#12728,2.6);
#12728 = AXIS2_PLACEMENT_2D('',#12729,#12730);
#12729 = CARTESIAN_POINT('',(0.,0.));
#12730 = DIRECTION('',(1.,0.));
#12731 = ( GEOMETRIC_REPRESENTATION_CONTEXT(2) 
PARAMETRIC_REPRESENTATION_CONTEXT() REPRESENTATION_CONTEXT('2D SPACE',''
  ) );
#12732 = ORIENTED_EDGE('',*,*,#12733,.T.);
#12733 = EDGE_CURVE('',#12705,#4664,#12734,.T.);
#12734 = SEAM_CURVE('',#12735,(#12739,#12746),.PCURVE_S1.);
#12735 = LINE('',#12736,#12737);
#12736 = CARTESIAN_POINT('',(25.8,10.2,0.9));
#12737 = VECTOR('',#12738,1.);
#12738 = DIRECTION('',(0.,0.,1.));
#12739 = PCURVE('',#4684,#12740);
#12740 = DEFINITIONAL_REPRESENTATION('',(#12741),#12745);
#12741 = LINE('',#12742,#12743);
#12742 = CARTESIAN_POINT('',(-6.28318530718,0.));
#12743 = VECTOR('',#12744,1.);
#12744 = DIRECTION('',(-0.,-1.));
#12745 = ( GEOMETRIC_REPRESENTATION_CONTEXT(2) 
PARAMETRIC_REPRESENTATION_CONTEXT() REPRESENTATION_CONTEXT('2D SPACE',''
  ) );
#12746 = PCURVE('',#4684,#12747);
#12747 = DEFINITIONAL_REPRESENTATION('',(#12748),#12752);
#12748 = LINE('',#12749,#12750);
#12749 = CARTESIAN_POINT('',(-0.,0.));
#12750 = VECTOR('',#12751,1.);
#12751 = DIRECTION('',(-0.,-1.));
#12752 = ( GEOMETRIC_REPRESENTATION_CONTEXT(2) 
PARAMETRIC_REPRESENTATION_CONTEXT() REPRESENTATION_CONTEXT('2D SPACE',''
  ) );
#12753 = ORIENTED_EDGE('',*,*,#4663,.F.);
#12754 = ORIENTED_EDGE('',*,*,#12733,.F.);
#12755 = ADVANCED_FACE('',(#12756),#4832,.F.);
#12756 = FACE_BOUND('',#12757,.F.);
#12757 = EDGE_LOOP('',(#12758,#12759,#12760,#12761,#12762,#12763,#12764,
    #12765));
#12758 = ORIENTED_EDGE('',*,*,#4814,.T.);
#12759 = ORIENTED_EDGE('',*,*,#4890,.T.);
#12760 = ORIENTED_EDGE('',*,*,#4940,.T.);
#12761 = ORIENTED_EDGE('',*,*,#4989,.T.);
#12762 = ORIENTED_EDGE('',*,*,#5039,.T.);
#12763 = ORIENTED_EDGE('',*,*,#5088,.T.);
#12764 = ORIENTED_EDGE('',*,*,#5138,.T.);
#12765 = ORIENTED_EDGE('',*,*,#5187,.F.);
#12766 = ADVANCED_FACE('',(#12767,#12770),#5236,.T.);
#12767 = FACE_BOUND('',#12768,.T.);
#12768 = EDGE_LOOP('',(#12769));
#12769 = ORIENTED_EDGE('',*,*,#5219,.T.);
#12770 = FACE_BOUND('',#12771,.T.);
#12771 = EDGE_LOOP('',(#12772));
#12772 = ORIENTED_EDGE('',*,*,#12773,.T.);
#12773 = EDGE_CURVE('',#12774,#12774,#12776,.T.);
#12774 = VERTEX_POINT('',#12775);
#12775 = CARTESIAN_POINT('',(-21.8,-10.2,0.9));
#12776 = SURFACE_CURVE('',#12777,(#12782,#12793),.PCURVE_S1.);
#12777 = CIRCLE('',#12778,1.4);
#12778 = AXIS2_PLACEMENT_3D('',#12779,#12780,#12781);
#12779 = CARTESIAN_POINT('',(-23.2,-10.2,0.9));
#12780 = DIRECTION('',(0.,0.,-1.));
#12781 = DIRECTION('',(1.,0.,0.));
#12782 = PCURVE('',#5236,#12783);
#12783 = DEFINITIONAL_REPRESENTATION('',(#12784),#12792);
#12784 = ( BOUNDED_CURVE() B_SPLINE_CURVE(2,(#12785,#12786,#12787,#12788
    ,#12789,#12790,#12791),.UNSPECIFIED.,.T.,.F.) 
B_SPLINE_CURVE_WITH_KNOTS((1,2,2,2,2,1),(-2.094395102393,0.,
    2.094395102393,4.188790204786,6.28318530718,8.377580409573),
.UNSPECIFIED.) CURVE() GEOMETRIC_REPRESENTATION_ITEM() 
RATIONAL_B_SPLINE_CURVE((1.,0.5,1.,0.5,1.,0.5,1.)) REPRESENTATION_ITEM(
  '') );
#12785 = CARTESIAN_POINT('',(1.4,0.));
#12786 = CARTESIAN_POINT('',(1.4,-2.424871130596));
#12787 = CARTESIAN_POINT('',(-0.7,-1.212435565298));
#12788 = CARTESIAN_POINT('',(-2.8,-3.429011037613E-16));
#12789 = CARTESIAN_POINT('',(-0.7,1.212435565298));
#12790 = CARTESIAN_POINT('',(1.4,2.424871130596));
#12791 = CARTESIAN_POINT('',(1.4,0.));
#12792 = ( GEOMETRIC_REPRESENTATION_CONTEXT(2) 
PARAMETRIC_REPRESENTATION_CONTEXT() REPRESENTATION_CONTEXT('2D SPACE',''
  ) );
#12793 = PCURVE('',#12794,#12799);
#12794 = CYLINDRICAL_SURFACE('',#12795,1.4);
#12795 = AXIS2_PLACEMENT_3D('',#12796,#12797,#12798);
#12796 = CARTESIAN_POINT('',(-23.2,-10.2,0.));
#12797 = DIRECTION('',(-0.,-0.,-1.));
#12798 = DIRECTION('',(1.,0.,0.));
#12799 = DEFINITIONAL_REPRESENTATION('',(#12800),#12804);
#12800 = LINE('',#12801,#12802);
#12801 = CARTESIAN_POINT('',(-6.28318530718,-0.9));
#12802 = VECTOR('',#12803,1.);
#12803 = DIRECTION('',(1.,-0.));
#12804 = ( GEOMETRIC_REPRESENTATION_CONTEXT(2) 
PARAMETRIC_REPRESENTATION_CONTEXT() REPRESENTATION_CONTEXT('2D SPACE',''
  ) );
#12805 = ADVANCED_FACE('',(#12806),#5313,.T.);
#12806 = FACE_BOUND('',#12807,.F.);
#12807 = EDGE_LOOP('',(#12808,#12809,#12810,#12811,#12812,#12813,#12814,
    #12815,#12816,#12817,#12818,#12819));
#12808 = ORIENTED_EDGE('',*,*,#5841,.T.);
#12809 = ORIENTED_EDGE('',*,*,#5814,.T.);
#12810 = ORIENTED_EDGE('',*,*,#5765,.T.);
#12811 = ORIENTED_EDGE('',*,*,#5716,.T.);
#12812 = ORIENTED_EDGE('',*,*,#5667,.T.);
#12813 = ORIENTED_EDGE('',*,*,#5618,.T.);
#12814 = ORIENTED_EDGE('',*,*,#5569,.T.);
#12815 = ORIENTED_EDGE('',*,*,#5520,.T.);
#12816 = ORIENTED_EDGE('',*,*,#5471,.T.);
#12817 = ORIENTED_EDGE('',*,*,#5422,.T.);
#12818 = ORIENTED_EDGE('',*,*,#5373,.T.);
#12819 = ORIENTED_EDGE('',*,*,#5297,.T.);
#12820 = ADVANCED_FACE('',(#12821),#5934,.T.);
#12821 = FACE_BOUND('',#12822,.T.);
#12822 = EDGE_LOOP('',(#12823,#12824,#12845,#12846));
#12823 = ORIENTED_EDGE('',*,*,#5918,.T.);
#12824 = ORIENTED_EDGE('',*,*,#12825,.T.);
#12825 = EDGE_CURVE('',#5891,#6373,#12826,.T.);
#12826 = SURFACE_CURVE('',#12827,(#12831,#12838),.PCURVE_S1.);
#12827 = B_SPLINE_CURVE_WITH_KNOTS('',2,(#12828,#12829,#12830),
  .UNSPECIFIED.,.F.,.F.,(3,3),(0.,1.),.PIECEWISE_BEZIER_KNOTS.);
#12828 = CARTESIAN_POINT('',(8.55224609375,-10.54050585937,2.35));
#12829 = CARTESIAN_POINT('',(8.154296875,-10.29636523437,2.35));
#12830 = CARTESIAN_POINT('',(7.94921875,-9.874001953125,2.35));
#12831 = PCURVE('',#5934,#12832);
#12832 = DEFINITIONAL_REPRESENTATION('',(#12833),#12837);
#12833 = LINE('',#12834,#12835);
#12834 = CARTESIAN_POINT('',(0.,-0.35));
#12835 = VECTOR('',#12836,1.);
#12836 = DIRECTION('',(1.,0.));
#12837 = ( GEOMETRIC_REPRESENTATION_CONTEXT(2) 
PARAMETRIC_REPRESENTATION_CONTEXT() REPRESENTATION_CONTEXT('2D SPACE',''
  ) );
#12838 = PCURVE('',#5906,#12839);
#12839 = DEFINITIONAL_REPRESENTATION('',(#12840),#12844);
#12840 = B_SPLINE_CURVE_WITH_KNOTS('',2,(#12841,#12842,#12843),
  .UNSPECIFIED.,.F.,.F.,(3,3),(0.,1.),.PIECEWISE_BEZIER_KNOTS.);
#12841 = CARTESIAN_POINT('',(1.0498046875,0.18310546875));
#12842 = CARTESIAN_POINT('',(0.65185546875,0.42724609375));
#12843 = CARTESIAN_POINT('',(0.44677734375,0.849609375));
#12844 = ( GEOMETRIC_REPRESENTATION_CONTEXT(2) 
PARAMETRIC_REPRESENTATION_CONTEXT() REPRESENTATION_CONTEXT('2D SPACE',''
  ) );
#12845 = ORIENTED_EDGE('',*,*,#6370,.F.);
#12846 = ORIENTED_EDGE('',*,*,#12847,.F.);
#12847 = EDGE_CURVE('',#5919,#6371,#12848,.T.);
#12848 = SURFACE_CURVE('',#12849,(#12853,#12860),.PCURVE_S1.);
#12849 = B_SPLINE_CURVE_WITH_KNOTS('',2,(#12850,#12851,#12852),
  .UNSPECIFIED.,.F.,.F.,(3,3),(0.,1.),.PIECEWISE_BEZIER_KNOTS.);
#12850 = CARTESIAN_POINT('',(8.55224609375,-10.54050585937,2.));
#12851 = CARTESIAN_POINT('',(8.154296875,-10.29636523437,2.));
#12852 = CARTESIAN_POINT('',(7.94921875,-9.874001953125,2.));
#12853 = PCURVE('',#5934,#12854);
#12854 = DEFINITIONAL_REPRESENTATION('',(#12855),#12859);
#12855 = LINE('',#12856,#12857);
#12856 = CARTESIAN_POINT('',(0.,0.));
#12857 = VECTOR('',#12858,1.);
#12858 = DIRECTION('',(1.,0.));
#12859 = ( GEOMETRIC_REPRESENTATION_CONTEXT(2) 
PARAMETRIC_REPRESENTATION_CONTEXT() REPRESENTATION_CONTEXT('2D SPACE',''
  ) );
#12860 = PCURVE('',#5962,#12861);
#12861 = DEFINITIONAL_REPRESENTATION('',(#12862),#12866);
#12862 = B_SPLINE_CURVE_WITH_KNOTS('',2,(#12863,#12864,#12865),
  .UNSPECIFIED.,.F.,.F.,(3,3),(0.,1.),.PIECEWISE_BEZIER_KNOTS.);
#12863 = CARTESIAN_POINT('',(1.0498046875,0.18310546875));
#12864 = CARTESIAN_POINT('',(0.65185546875,0.42724609375));
#12865 = CARTESIAN_POINT('',(0.44677734375,0.849609375));
#12866 = ( GEOMETRIC_REPRESENTATION_CONTEXT(2) 
PARAMETRIC_REPRESENTATION_CONTEXT() REPRESENTATION_CONTEXT('2D SPACE',''
  ) );
#12867 = ADVANCED_FACE('',(#12868),#5962,.F.);
#12868 = FACE_BOUND('',#12869,.F.);
#12869 = EDGE_LOOP('',(#12870,#12871,#12872,#12873,#12874,#12875,#12905)
  );
#12870 = ORIENTED_EDGE('',*,*,#6521,.F.);
#12871 = ORIENTED_EDGE('',*,*,#6418,.F.);
#12872 = ORIENTED_EDGE('',*,*,#12847,.F.);
#12873 = ORIENTED_EDGE('',*,*,#5948,.F.);
#12874 = ORIENTED_EDGE('',*,*,#11446,.F.);
#12875 = ORIENTED_EDGE('',*,*,#12876,.F.);
#12876 = EDGE_CURVE('',#12877,#11447,#12879,.T.);
#12877 = VERTEX_POINT('',#12878);
#12878 = CARTESIAN_POINT('',(8.580322265625,-10.00705859375,2.));
#12879 = SURFACE_CURVE('',#12880,(#12884,#12891),.PCURVE_S1.);
#12880 = B_SPLINE_CURVE_WITH_KNOTS('',2,(#12881,#12882,#12883),
  .UNSPECIFIED.,.F.,.F.,(3,3),(0.,1.),.PIECEWISE_BEZIER_KNOTS.);
#12881 = CARTESIAN_POINT('',(8.580322265625,-10.00705859375,2.));
#12882 = CARTESIAN_POINT('',(8.92822265625,-10.37937304687,2.));
#12883 = CARTESIAN_POINT('',(9.453125,-10.37937304687,2.));
#12884 = PCURVE('',#5962,#12885);
#12885 = DEFINITIONAL_REPRESENTATION('',(#12886),#12890);
#12886 = B_SPLINE_CURVE_WITH_KNOTS('',2,(#12887,#12888,#12889),
  .UNSPECIFIED.,.F.,.F.,(3,3),(0.,1.),.PIECEWISE_BEZIER_KNOTS.);
#12887 = CARTESIAN_POINT('',(1.077880859375,0.716552734375));
#12888 = CARTESIAN_POINT('',(1.42578125,0.34423828125));
#12889 = CARTESIAN_POINT('',(1.95068359375,0.34423828125));
#12890 = ( GEOMETRIC_REPRESENTATION_CONTEXT(2) 
PARAMETRIC_REPRESENTATION_CONTEXT() REPRESENTATION_CONTEXT('2D SPACE',''
  ) );
#12891 = PCURVE('',#12892,#12899);
#12892 = SURFACE_OF_LINEAR_EXTRUSION('',#12893,#12897);
#12893 = B_SPLINE_CURVE_WITH_KNOTS('',2,(#12894,#12895,#12896),
  .UNSPECIFIED.,.F.,.F.,(3,3),(0.,1.),.PIECEWISE_BEZIER_KNOTS.);
#12894 = CARTESIAN_POINT('',(8.580322265625,-10.00705859375,2.));
#12895 = CARTESIAN_POINT('',(8.92822265625,-10.37937304687,2.));
#12896 = CARTESIAN_POINT('',(9.453125,-10.37937304687,2.));
#12897 = VECTOR('',#12898,1.);
#12898 = DIRECTION('',(-0.,-0.,-1.));
#12899 = DEFINITIONAL_REPRESENTATION('',(#12900),#12904);
#12900 = LINE('',#12901,#12902);
#12901 = CARTESIAN_POINT('',(0.,0.));
#12902 = VECTOR('',#12903,1.);
#12903 = DIRECTION('',(1.,0.));
#12904 = ( GEOMETRIC_REPRESENTATION_CONTEXT(2) 
PARAMETRIC_REPRESENTATION_CONTEXT() REPRESENTATION_CONTEXT('2D SPACE',''
  ) );
#12905 = ORIENTED_EDGE('',*,*,#12906,.F.);
#12906 = EDGE_CURVE('',#6496,#12877,#12907,.T.);
#12907 = SURFACE_CURVE('',#12908,(#12912,#12919),.PCURVE_S1.);
#12908 = B_SPLINE_CURVE_WITH_KNOTS('',2,(#12909,#12910,#12911),
  .UNSPECIFIED.,.F.,.F.,(3,3),(0.,1.),.PIECEWISE_BEZIER_KNOTS.);
#12909 = CARTESIAN_POINT('',(8.232421875,-8.987771484375,2.));
#12910 = CARTESIAN_POINT('',(8.232421875,-9.634744140625,2.));
#12911 = CARTESIAN_POINT('',(8.580322265625,-10.00705859375,2.));
#12912 = PCURVE('',#5962,#12913);
#12913 = DEFINITIONAL_REPRESENTATION('',(#12914),#12918);
#12914 = B_SPLINE_CURVE_WITH_KNOTS('',2,(#12915,#12916,#12917),
  .UNSPECIFIED.,.F.,.F.,(3,3),(0.,1.),.PIECEWISE_BEZIER_KNOTS.);
#12915 = CARTESIAN_POINT('',(0.72998046875,1.73583984375));
#12916 = CARTESIAN_POINT('',(0.72998046875,1.0888671875));
#12917 = CARTESIAN_POINT('',(1.077880859375,0.716552734375));
#12918 = ( GEOMETRIC_REPRESENTATION_CONTEXT(2) 
PARAMETRIC_REPRESENTATION_CONTEXT() REPRESENTATION_CONTEXT('2D SPACE',''
  ) );
#12919 = PCURVE('',#12920,#12927);
#12920 = SURFACE_OF_LINEAR_EXTRUSION('',#12921,#12925);
#12921 = B_SPLINE_CURVE_WITH_KNOTS('',2,(#12922,#12923,#12924),
  .UNSPECIFIED.,.F.,.F.,(3,3),(0.,1.),.PIECEWISE_BEZIER_KNOTS.);
#12922 = CARTESIAN_POINT('',(8.232421875,-8.987771484375,2.));
#12923 = CARTESIAN_POINT('',(8.232421875,-9.634744140625,2.));
#12924 = CARTESIAN_POINT('',(8.580322265625,-10.00705859375,2.));
#12925 = VECTOR('',#12926,1.);
#12926 = DIRECTION('',(-0.,-0.,-1.));
#12927 = DEFINITIONAL_REPRESENTATION('',(#12928),#12932);
#12928 = LINE('',#12929,#12930);
#12929 = CARTESIAN_POINT('',(0.,0.));
#12930 = VECTOR('',#12931,1.);
#12931 = DIRECTION('',(1.,0.));
#12932 = ( GEOMETRIC_REPRESENTATION_CONTEXT(2) 
PARAMETRIC_REPRESENTATION_CONTEXT() REPRESENTATION_CONTEXT('2D SPACE',''
  ) );
#12933 = ADVANCED_FACE('',(#12934,#12947),#5906,.T.);
#12934 = FACE_BOUND('',#12935,.F.);
#12935 = EDGE_LOOP('',(#12936,#12937,#12938,#12939,#12940,#12941,#12942,
    #12943,#12944,#12945,#12946));
#12936 = ORIENTED_EDGE('',*,*,#6344,.T.);
#12937 = ORIENTED_EDGE('',*,*,#6295,.T.);
#12938 = ORIENTED_EDGE('',*,*,#6246,.T.);
#12939 = ORIENTED_EDGE('',*,*,#6197,.T.);
#12940 = ORIENTED_EDGE('',*,*,#6148,.T.);
#12941 = ORIENTED_EDGE('',*,*,#6099,.T.);
#12942 = ORIENTED_EDGE('',*,*,#6050,.T.);
#12943 = ORIENTED_EDGE('',*,*,#6001,.T.);
#12944 = ORIENTED_EDGE('',*,*,#5890,.T.);
#12945 = ORIENTED_EDGE('',*,*,#12825,.T.);
#12946 = ORIENTED_EDGE('',*,*,#6395,.T.);
#12947 = FACE_BOUND('',#12948,.F.);
#12948 = EDGE_LOOP('',(#12949,#12974,#12997,#13027,#13057,#13087,#13117,
    #13147,#13177));
#12949 = ORIENTED_EDGE('',*,*,#12950,.T.);
#12950 = EDGE_CURVE('',#12951,#12953,#12955,.T.);
#12951 = VERTEX_POINT('',#12952);
#12952 = CARTESIAN_POINT('',(8.232421875,-8.987771484375,2.35));
#12953 = VERTEX_POINT('',#12954);
#12954 = CARTESIAN_POINT('',(8.580322265625,-10.00705859375,2.35));
#12955 = SURFACE_CURVE('',#12956,(#12960,#12967),.PCURVE_S1.);
#12956 = B_SPLINE_CURVE_WITH_KNOTS('',2,(#12957,#12958,#12959),
  .UNSPECIFIED.,.F.,.F.,(3,3),(0.,1.),.PIECEWISE_BEZIER_KNOTS.);
#12957 = CARTESIAN_POINT('',(8.232421875,-8.987771484375,2.35));
#12958 = CARTESIAN_POINT('',(8.232421875,-9.634744140625,2.35));
#12959 = CARTESIAN_POINT('',(8.580322265625,-10.00705859375,2.35));
#12960 = PCURVE('',#5906,#12961);
#12961 = DEFINITIONAL_REPRESENTATION('',(#12962),#12966);
#12962 = B_SPLINE_CURVE_WITH_KNOTS('',2,(#12963,#12964,#12965),
  .UNSPECIFIED.,.F.,.F.,(3,3),(0.,1.),.PIECEWISE_BEZIER_KNOTS.);
#12963 = CARTESIAN_POINT('',(0.72998046875,1.73583984375));
#12964 = CARTESIAN_POINT('',(0.72998046875,1.0888671875));
#12965 = CARTESIAN_POINT('',(1.077880859375,0.716552734375));
#12966 = ( GEOMETRIC_REPRESENTATION_CONTEXT(2) 
PARAMETRIC_REPRESENTATION_CONTEXT() REPRESENTATION_CONTEXT('2D SPACE',''
  ) );
#12967 = PCURVE('',#12920,#12968);
#12968 = DEFINITIONAL_REPRESENTATION('',(#12969),#12973);
#12969 = LINE('',#12970,#12971);
#12970 = CARTESIAN_POINT('',(0.,-0.35));
#12971 = VECTOR('',#12972,1.);
#12972 = DIRECTION('',(1.,0.));
#12973 = ( GEOMETRIC_REPRESENTATION_CONTEXT(2) 
PARAMETRIC_REPRESENTATION_CONTEXT() REPRESENTATION_CONTEXT('2D SPACE',''
  ) );
#12974 = ORIENTED_EDGE('',*,*,#12975,.T.);
#12975 = EDGE_CURVE('',#12953,#12976,#12978,.T.);
#12976 = VERTEX_POINT('',#12977);
#12977 = CARTESIAN_POINT('',(9.453125,-10.37937304687,2.35));
#12978 = SURFACE_CURVE('',#12979,(#12983,#12990),.PCURVE_S1.);
#12979 = B_SPLINE_CURVE_WITH_KNOTS('',2,(#12980,#12981,#12982),
  .UNSPECIFIED.,.F.,.F.,(3,3),(0.,1.),.PIECEWISE_BEZIER_KNOTS.);
#12980 = CARTESIAN_POINT('',(8.580322265625,-10.00705859375,2.35));
#12981 = CARTESIAN_POINT('',(8.92822265625,-10.37937304687,2.35));
#12982 = CARTESIAN_POINT('',(9.453125,-10.37937304687,2.35));
#12983 = PCURVE('',#5906,#12984);
#12984 = DEFINITIONAL_REPRESENTATION('',(#12985),#12989);
#12985 = B_SPLINE_CURVE_WITH_KNOTS('',2,(#12986,#12987,#12988),
  .UNSPECIFIED.,.F.,.F.,(3,3),(0.,1.),.PIECEWISE_BEZIER_KNOTS.);
#12986 = CARTESIAN_POINT('',(1.077880859375,0.716552734375));
#12987 = CARTESIAN_POINT('',(1.42578125,0.34423828125));
#12988 = CARTESIAN_POINT('',(1.95068359375,0.34423828125));
#12989 = ( GEOMETRIC_REPRESENTATION_CONTEXT(2) 
PARAMETRIC_REPRESENTATION_CONTEXT() REPRESENTATION_CONTEXT('2D SPACE',''
  ) );
#12990 = PCURVE('',#12892,#12991);
#12991 = DEFINITIONAL_REPRESENTATION('',(#12992),#12996);
#12992 = LINE('',#12993,#12994);
#12993 = CARTESIAN_POINT('',(0.,-0.35));
#12994 = VECTOR('',#12995,1.);
#12995 = DIRECTION('',(1.,0.));
#12996 = ( GEOMETRIC_REPRESENTATION_CONTEXT(2) 
PARAMETRIC_REPRESENTATION_CONTEXT() REPRESENTATION_CONTEXT('2D SPACE',''
  ) );
#12997 = ORIENTED_EDGE('',*,*,#12998,.T.);
#12998 = EDGE_CURVE('',#12976,#12999,#13001,.T.);
#12999 = VERTEX_POINT('',#13000);
#13000 = CARTESIAN_POINT('',(10.333251953125,-10.00339648437,2.35));
#13001 = SURFACE_CURVE('',#13002,(#13006,#13013),.PCURVE_S1.);
#13002 = B_SPLINE_CURVE_WITH_KNOTS('',2,(#13003,#13004,#13005),
  .UNSPECIFIED.,.F.,.F.,(3,3),(0.,1.),.PIECEWISE_BEZIER_KNOTS.);
#13003 = CARTESIAN_POINT('',(9.453125,-10.37937304687,2.35));
#13004 = CARTESIAN_POINT('',(9.98779296875,-10.37937304687,2.35));
#13005 = CARTESIAN_POINT('',(10.333251953125,-10.00339648437,2.35));
#13006 = PCURVE('',#5906,#13007);
#13007 = DEFINITIONAL_REPRESENTATION('',(#13008),#13012);
#13008 = B_SPLINE_CURVE_WITH_KNOTS('',2,(#13009,#13010,#13011),
  .UNSPECIFIED.,.F.,.F.,(3,3),(0.,1.),.PIECEWISE_BEZIER_KNOTS.);
#13009 = CARTESIAN_POINT('',(1.95068359375,0.34423828125));
#13010 = CARTESIAN_POINT('',(2.4853515625,0.34423828125));
#13011 = CARTESIAN_POINT('',(2.830810546875,0.72021484375));
#13012 = ( GEOMETRIC_REPRESENTATION_CONTEXT(2) 
PARAMETRIC_REPRESENTATION_CONTEXT() REPRESENTATION_CONTEXT('2D SPACE',''
  ) );
#13013 = PCURVE('',#13014,#13021);
#13014 = SURFACE_OF_LINEAR_EXTRUSION('',#13015,#13019);
#13015 = B_SPLINE_CURVE_WITH_KNOTS('',2,(#13016,#13017,#13018),
  .UNSPECIFIED.,.F.,.F.,(3,3),(0.,1.),.PIECEWISE_BEZIER_KNOTS.);
#13016 = CARTESIAN_POINT('',(9.453125,-10.37937304687,2.));
#13017 = CARTESIAN_POINT('',(9.98779296875,-10.37937304687,2.));
#13018 = CARTESIAN_POINT('',(10.333251953125,-10.00339648437,2.));
#13019 = VECTOR('',#13020,1.);
#13020 = DIRECTION('',(-0.,-0.,-1.));
#13021 = DEFINITIONAL_REPRESENTATION('',(#13022),#13026);
#13022 = LINE('',#13023,#13024);
#13023 = CARTESIAN_POINT('',(0.,-0.35));
#13024 = VECTOR('',#13025,1.);
#13025 = DIRECTION('',(1.,0.));
#13026 = ( GEOMETRIC_REPRESENTATION_CONTEXT(2) 
PARAMETRIC_REPRESENTATION_CONTEXT() REPRESENTATION_CONTEXT('2D SPACE',''
  ) );
#13027 = ORIENTED_EDGE('',*,*,#13028,.T.);
#13028 = EDGE_CURVE('',#12999,#13029,#13031,.T.);
#13029 = VERTEX_POINT('',#13030);
#13030 = CARTESIAN_POINT('',(10.6787109375,-8.936501953125,2.35));
#13031 = SURFACE_CURVE('',#13032,(#13036,#13043),.PCURVE_S1.);
#13032 = B_SPLINE_CURVE_WITH_KNOTS('',2,(#13033,#13034,#13035),
  .UNSPECIFIED.,.F.,.F.,(3,3),(0.,1.),.PIECEWISE_BEZIER_KNOTS.);
#13033 = CARTESIAN_POINT('',(10.333251953125,-10.00339648437,2.35));
#13034 = CARTESIAN_POINT('',(10.6787109375,-9.627419921875,2.35));
#13035 = CARTESIAN_POINT('',(10.6787109375,-8.936501953125,2.35));
#13036 = PCURVE('',#5906,#13037);
#13037 = DEFINITIONAL_REPRESENTATION('',(#13038),#13042);
#13038 = B_SPLINE_CURVE_WITH_KNOTS('',2,(#13039,#13040,#13041),
  .UNSPECIFIED.,.F.,.F.,(3,3),(0.,1.),.PIECEWISE_BEZIER_KNOTS.);
#13039 = CARTESIAN_POINT('',(2.830810546875,0.72021484375));
#13040 = CARTESIAN_POINT('',(3.17626953125,1.09619140625));
#13041 = CARTESIAN_POINT('',(3.17626953125,1.787109375));
#13042 = ( GEOMETRIC_REPRESENTATION_CONTEXT(2) 
PARAMETRIC_REPRESENTATION_CONTEXT() REPRESENTATION_CONTEXT('2D SPACE',''
  ) );
#13043 = PCURVE('',#13044,#13051);
#13044 = SURFACE_OF_LINEAR_EXTRUSION('',#13045,#13049);
#13045 = B_SPLINE_CURVE_WITH_KNOTS('',2,(#13046,#13047,#13048),
  .UNSPECIFIED.,.F.,.F.,(3,3),(0.,1.),.PIECEWISE_BEZIER_KNOTS.);
#13046 = CARTESIAN_POINT('',(10.333251953125,-10.00339648437,2.));
#13047 = CARTESIAN_POINT('',(10.6787109375,-9.627419921875,2.));
#13048 = CARTESIAN_POINT('',(10.6787109375,-8.936501953125,2.));
#13049 = VECTOR('',#13050,1.);
#13050 = DIRECTION('',(-0.,-0.,-1.));
#13051 = DEFINITIONAL_REPRESENTATION('',(#13052),#13056);
#13052 = LINE('',#13053,#13054);
#13053 = CARTESIAN_POINT('',(0.,-0.35));
#13054 = VECTOR('',#13055,1.);
#13055 = DIRECTION('',(1.,0.));
#13056 = ( GEOMETRIC_REPRESENTATION_CONTEXT(2) 
PARAMETRIC_REPRESENTATION_CONTEXT() REPRESENTATION_CONTEXT('2D SPACE',''
  ) );
#13057 = ORIENTED_EDGE('',*,*,#13058,.T.);
#13058 = EDGE_CURVE('',#13029,#13059,#13061,.T.);
#13059 = VERTEX_POINT('',#13060);
#13060 = CARTESIAN_POINT('',(10.531005859375,-8.1735625,2.35));
#13061 = SURFACE_CURVE('',#13062,(#13066,#13073),.PCURVE_S1.);
#13062 = B_SPLINE_CURVE_WITH_KNOTS('',2,(#13063,#13064,#13065),
  .UNSPECIFIED.,.F.,.F.,(3,3),(0.,1.),.PIECEWISE_BEZIER_KNOTS.);
#13063 = CARTESIAN_POINT('',(10.6787109375,-8.936501953125,2.35));
#13064 = CARTESIAN_POINT('',(10.6787109375,-8.499490234375,2.35));
#13065 = CARTESIAN_POINT('',(10.531005859375,-8.1735625,2.35));
#13066 = PCURVE('',#5906,#13067);
#13067 = DEFINITIONAL_REPRESENTATION('',(#13068),#13072);
#13068 = B_SPLINE_CURVE_WITH_KNOTS('',2,(#13069,#13070,#13071),
  .UNSPECIFIED.,.F.,.F.,(3,3),(0.,1.),.PIECEWISE_BEZIER_KNOTS.);
#13069 = CARTESIAN_POINT('',(3.17626953125,1.787109375));
#13070 = CARTESIAN_POINT('',(3.17626953125,2.22412109375));
#13071 = CARTESIAN_POINT('',(3.028564453125,2.550048828125));
#13072 = ( GEOMETRIC_REPRESENTATION_CONTEXT(2) 
PARAMETRIC_REPRESENTATION_CONTEXT() REPRESENTATION_CONTEXT('2D SPACE',''
  ) );
#13073 = PCURVE('',#13074,#13081);
#13074 = SURFACE_OF_LINEAR_EXTRUSION('',#13075,#13079);
#13075 = B_SPLINE_CURVE_WITH_KNOTS('',2,(#13076,#13077,#13078),
  .UNSPECIFIED.,.F.,.F.,(3,3),(0.,1.),.PIECEWISE_BEZIER_KNOTS.);
#13076 = CARTESIAN_POINT('',(10.6787109375,-8.936501953125,2.));
#13077 = CARTESIAN_POINT('',(10.6787109375,-8.499490234375,2.));
#13078 = CARTESIAN_POINT('',(10.531005859375,-8.1735625,2.));
#13079 = VECTOR('',#13080,1.);
#13080 = DIRECTION('',(-0.,-0.,-1.));
#13081 = DEFINITIONAL_REPRESENTATION('',(#13082),#13086);
#13082 = LINE('',#13083,#13084);
#13083 = CARTESIAN_POINT('',(0.,-0.35));
#13084 = VECTOR('',#13085,1.);
#13085 = DIRECTION('',(1.,0.));
#13086 = ( GEOMETRIC_REPRESENTATION_CONTEXT(2) 
PARAMETRIC_REPRESENTATION_CONTEXT() REPRESENTATION_CONTEXT('2D SPACE',''
  ) );
#13087 = ORIENTED_EDGE('',*,*,#13088,.T.);
#13088 = EDGE_CURVE('',#13059,#13089,#13091,.T.);
#13089 = VERTEX_POINT('',#13090);
#13090 = CARTESIAN_POINT('',(10.098876953125,-7.66819140625,2.35));
#13091 = SURFACE_CURVE('',#13092,(#13096,#13103),.PCURVE_S1.);
#13092 = B_SPLINE_CURVE_WITH_KNOTS('',2,(#13093,#13094,#13095),
  .UNSPECIFIED.,.F.,.F.,(3,3),(0.,1.),.PIECEWISE_BEZIER_KNOTS.);
#13093 = CARTESIAN_POINT('',(10.531005859375,-8.1735625,2.35));
#13094 = CARTESIAN_POINT('',(10.38330078125,-7.847634765625,2.35));
#13095 = CARTESIAN_POINT('',(10.098876953125,-7.66819140625,2.35));
#13096 = PCURVE('',#5906,#13097);
#13097 = DEFINITIONAL_REPRESENTATION('',(#13098),#13102);
#13098 = B_SPLINE_CURVE_WITH_KNOTS('',2,(#13099,#13100,#13101),
  .UNSPECIFIED.,.F.,.F.,(3,3),(0.,1.),.PIECEWISE_BEZIER_KNOTS.);
#13099 = CARTESIAN_POINT('',(3.028564453125,2.550048828125));
#13100 = CARTESIAN_POINT('',(2.880859375,2.8759765625));
#13101 = CARTESIAN_POINT('',(2.596435546875,3.055419921875));
#13102 = ( GEOMETRIC_REPRESENTATION_CONTEXT(2) 
PARAMETRIC_REPRESENTATION_CONTEXT() REPRESENTATION_CONTEXT('2D SPACE',''
  ) );
#13103 = PCURVE('',#13104,#13111);
#13104 = SURFACE_OF_LINEAR_EXTRUSION('',#13105,#13109);
#13105 = B_SPLINE_CURVE_WITH_KNOTS('',2,(#13106,#13107,#13108),
  .UNSPECIFIED.,.F.,.F.,(3,3),(0.,1.),.PIECEWISE_BEZIER_KNOTS.);
#13106 = CARTESIAN_POINT('',(10.531005859375,-8.1735625,2.));
#13107 = CARTESIAN_POINT('',(10.38330078125,-7.847634765625,2.));
#13108 = CARTESIAN_POINT('',(10.098876953125,-7.66819140625,2.));
#13109 = VECTOR('',#13110,1.);
#13110 = DIRECTION('',(-0.,-0.,-1.));
#13111 = DEFINITIONAL_REPRESENTATION('',(#13112),#13116);
#13112 = LINE('',#13113,#13114);
#13113 = CARTESIAN_POINT('',(0.,-0.35));
#13114 = VECTOR('',#13115,1.);
#13115 = DIRECTION('',(1.,0.));
#13116 = ( GEOMETRIC_REPRESENTATION_CONTEXT(2) 
PARAMETRIC_REPRESENTATION_CONTEXT() REPRESENTATION_CONTEXT('2D SPACE',''
  ) );
#13117 = ORIENTED_EDGE('',*,*,#13118,.T.);
#13118 = EDGE_CURVE('',#13089,#13119,#13121,.T.);
#13119 = VERTEX_POINT('',#13120);
#13120 = CARTESIAN_POINT('',(9.46044921875,-7.488748046875,2.35));
#13121 = SURFACE_CURVE('',#13122,(#13126,#13133),.PCURVE_S1.);
#13122 = B_SPLINE_CURVE_WITH_KNOTS('',2,(#13123,#13124,#13125),
  .UNSPECIFIED.,.F.,.F.,(3,3),(0.,1.),.PIECEWISE_BEZIER_KNOTS.);
#13123 = CARTESIAN_POINT('',(10.098876953125,-7.66819140625,2.35));
#13124 = CARTESIAN_POINT('',(9.814453125,-7.488748046875,2.35));
#13125 = CARTESIAN_POINT('',(9.46044921875,-7.488748046875,2.35));
#13126 = PCURVE('',#5906,#13127);
#13127 = DEFINITIONAL_REPRESENTATION('',(#13128),#13132);
#13128 = B_SPLINE_CURVE_WITH_KNOTS('',2,(#13129,#13130,#13131),
  .UNSPECIFIED.,.F.,.F.,(3,3),(0.,1.),.PIECEWISE_BEZIER_KNOTS.);
#13129 = CARTESIAN_POINT('',(2.596435546875,3.055419921875));
#13130 = CARTESIAN_POINT('',(2.31201171875,3.23486328125));
#13131 = CARTESIAN_POINT('',(1.9580078125,3.23486328125));
#13132 = ( GEOMETRIC_REPRESENTATION_CONTEXT(2) 
PARAMETRIC_REPRESENTATION_CONTEXT() REPRESENTATION_CONTEXT('2D SPACE',''
  ) );
#13133 = PCURVE('',#13134,#13141);
#13134 = SURFACE_OF_LINEAR_EXTRUSION('',#13135,#13139);
#13135 = B_SPLINE_CURVE_WITH_KNOTS('',2,(#13136,#13137,#13138),
  .UNSPECIFIED.,.F.,.F.,(3,3),(0.,1.),.PIECEWISE_BEZIER_KNOTS.);
#13136 = CARTESIAN_POINT('',(10.098876953125,-7.66819140625,2.));
#13137 = CARTESIAN_POINT('',(9.814453125,-7.488748046875,2.));
#13138 = CARTESIAN_POINT('',(9.46044921875,-7.488748046875,2.));
#13139 = VECTOR('',#13140,1.);
#13140 = DIRECTION('',(-0.,-0.,-1.));
#13141 = DEFINITIONAL_REPRESENTATION('',(#13142),#13146);
#13142 = LINE('',#13143,#13144);
#13143 = CARTESIAN_POINT('',(0.,-0.35));
#13144 = VECTOR('',#13145,1.);
#13145 = DIRECTION('',(1.,0.));
#13146 = ( GEOMETRIC_REPRESENTATION_CONTEXT(2) 
PARAMETRIC_REPRESENTATION_CONTEXT() REPRESENTATION_CONTEXT('2D SPACE',''
  ) );
#13147 = ORIENTED_EDGE('',*,*,#13148,.T.);
#13148 = EDGE_CURVE('',#13119,#13149,#13151,.T.);
#13149 = VERTEX_POINT('',#13150);
#13150 = CARTESIAN_POINT('',(8.594970703125,-7.83420703125,2.35));
#13151 = SURFACE_CURVE('',#13152,(#13156,#13163),.PCURVE_S1.);
#13152 = B_SPLINE_CURVE_WITH_KNOTS('',2,(#13153,#13154,#13155),
  .UNSPECIFIED.,.F.,.F.,(3,3),(0.,1.),.PIECEWISE_BEZIER_KNOTS.);
#13153 = CARTESIAN_POINT('',(9.46044921875,-7.488748046875,2.35));
#13154 = CARTESIAN_POINT('',(8.95751953125,-7.488748046875,2.35));
#13155 = CARTESIAN_POINT('',(8.594970703125,-7.83420703125,2.35));
#13156 = PCURVE('',#5906,#13157);
#13157 = DEFINITIONAL_REPRESENTATION('',(#13158),#13162);
#13158 = B_SPLINE_CURVE_WITH_KNOTS('',2,(#13159,#13160,#13161),
  .UNSPECIFIED.,.F.,.F.,(3,3),(0.,1.),.PIECEWISE_BEZIER_KNOTS.);
#13159 = CARTESIAN_POINT('',(1.9580078125,3.23486328125));
#13160 = CARTESIAN_POINT('',(1.455078125,3.23486328125));
#13161 = CARTESIAN_POINT('',(1.092529296875,2.889404296875));
#13162 = ( GEOMETRIC_REPRESENTATION_CONTEXT(2) 
PARAMETRIC_REPRESENTATION_CONTEXT() REPRESENTATION_CONTEXT('2D SPACE',''
  ) );
#13163 = PCURVE('',#13164,#13171);
#13164 = SURFACE_OF_LINEAR_EXTRUSION('',#13165,#13169);
#13165 = B_SPLINE_CURVE_WITH_KNOTS('',2,(#13166,#13167,#13168),
  .UNSPECIFIED.,.F.,.F.,(3,3),(0.,1.),.PIECEWISE_BEZIER_KNOTS.);
#13166 = CARTESIAN_POINT('',(9.46044921875,-7.488748046875,2.));
#13167 = CARTESIAN_POINT('',(8.95751953125,-7.488748046875,2.));
#13168 = CARTESIAN_POINT('',(8.594970703125,-7.83420703125,2.));
#13169 = VECTOR('',#13170,1.);
#13170 = DIRECTION('',(-0.,-0.,-1.));
#13171 = DEFINITIONAL_REPRESENTATION('',(#13172),#13176);
#13172 = LINE('',#13173,#13174);
#13173 = CARTESIAN_POINT('',(0.,-0.35));
#13174 = VECTOR('',#13175,1.);
#13175 = DIRECTION('',(1.,0.));
#13176 = ( GEOMETRIC_REPRESENTATION_CONTEXT(2) 
PARAMETRIC_REPRESENTATION_CONTEXT() REPRESENTATION_CONTEXT('2D SPACE',''
  ) );
#13177 = ORIENTED_EDGE('',*,*,#13178,.T.);
#13178 = EDGE_CURVE('',#13149,#12951,#13179,.T.);
#13179 = SURFACE_CURVE('',#13180,(#13184,#13191),.PCURVE_S1.);
#13180 = B_SPLINE_CURVE_WITH_KNOTS('',2,(#13181,#13182,#13183),
  .UNSPECIFIED.,.F.,.F.,(3,3),(0.,1.),.PIECEWISE_BEZIER_KNOTS.);
#13181 = CARTESIAN_POINT('',(8.594970703125,-7.83420703125,2.35));
#13182 = CARTESIAN_POINT('',(8.232421875,-8.179666015625,2.35));
#13183 = CARTESIAN_POINT('',(8.232421875,-8.987771484375,2.35));
#13184 = PCURVE('',#5906,#13185);
#13185 = DEFINITIONAL_REPRESENTATION('',(#13186),#13190);
#13186 = B_SPLINE_CURVE_WITH_KNOTS('',2,(#13187,#13188,#13189),
  .UNSPECIFIED.,.F.,.F.,(3,3),(0.,1.),.PIECEWISE_BEZIER_KNOTS.);
#13187 = CARTESIAN_POINT('',(1.092529296875,2.889404296875));
#13188 = CARTESIAN_POINT('',(0.72998046875,2.5439453125));
#13189 = CARTESIAN_POINT('',(0.72998046875,1.73583984375));
#13190 = ( GEOMETRIC_REPRESENTATION_CONTEXT(2) 
PARAMETRIC_REPRESENTATION_CONTEXT() REPRESENTATION_CONTEXT('2D SPACE',''
  ) );
#13191 = PCURVE('',#13192,#13199);
#13192 = SURFACE_OF_LINEAR_EXTRUSION('',#13193,#13197);
#13193 = B_SPLINE_CURVE_WITH_KNOTS('',2,(#13194,#13195,#13196),
  .UNSPECIFIED.,.F.,.F.,(3,3),(0.,1.),.PIECEWISE_BEZIER_KNOTS.);
#13194 = CARTESIAN_POINT('',(8.594970703125,-7.83420703125,2.));
#13195 = CARTESIAN_POINT('',(8.232421875,-8.179666015625,2.));
#13196 = CARTESIAN_POINT('',(8.232421875,-8.987771484375,2.));
#13197 = VECTOR('',#13198,1.);
#13198 = DIRECTION('',(-0.,-0.,-1.));
#13199 = DEFINITIONAL_REPRESENTATION('',(#13200),#13204);
#13200 = LINE('',#13201,#13202);
#13201 = CARTESIAN_POINT('',(0.,-0.35));
#13202 = VECTOR('',#13203,1.);
#13203 = DIRECTION('',(1.,0.));
#13204 = ( GEOMETRIC_REPRESENTATION_CONTEXT(2) 
PARAMETRIC_REPRESENTATION_CONTEXT() REPRESENTATION_CONTEXT('2D SPACE',''
  ) );
#13205 = ADVANCED_FACE('',(#13206),#6460,.T.);
#13206 = FACE_BOUND('',#13207,.T.);
#13207 = EDGE_LOOP('',(#13208,#13209,#13210,#13211));
#13208 = ORIENTED_EDGE('',*,*,#11374,.T.);
#13209 = ORIENTED_EDGE('',*,*,#11423,.T.);
#13210 = ORIENTED_EDGE('',*,*,#6442,.T.);
#13211 = ORIENTED_EDGE('',*,*,#10761,.T.);
#13212 = ADVANCED_FACE('',(#13213),#6809,.F.);
#13213 = FACE_BOUND('',#13214,.F.);
#13214 = EDGE_LOOP('',(#13215,#13216,#13217,#13240,#13270,#13291,#13292,
    #13293,#13294,#13295,#13318,#13348,#13378,#13399));
#13215 = ORIENTED_EDGE('',*,*,#10806,.F.);
#13216 = ORIENTED_EDGE('',*,*,#11350,.F.);
#13217 = ORIENTED_EDGE('',*,*,#13218,.F.);
#13218 = EDGE_CURVE('',#13219,#11296,#13221,.T.);
#13219 = VERTEX_POINT('',#13220);
#13220 = CARTESIAN_POINT('',(-7.92724609375,-10.25119921875,2.));
#13221 = SURFACE_CURVE('',#13222,(#13226,#13233),.PCURVE_S1.);
#13222 = B_SPLINE_CURVE_WITH_KNOTS('',2,(#13223,#13224,#13225),
  .UNSPECIFIED.,.F.,.F.,(3,3),(0.,1.),.PIECEWISE_BEZIER_KNOTS.);
#13223 = CARTESIAN_POINT('',(-7.92724609375,-10.25119921875,2.));
#13224 = CARTESIAN_POINT('',(-8.0908203125,-10.50388476562,2.));
#13225 = CARTESIAN_POINT('',(-8.397216796875,-10.644265625,2.));
#13226 = PCURVE('',#6809,#13227);
#13227 = DEFINITIONAL_REPRESENTATION('',(#13228),#13232);
#13228 = B_SPLINE_CURVE_WITH_KNOTS('',2,(#13229,#13230,#13231),
  .UNSPECIFIED.,.F.,.F.,(3,3),(0.,1.),.PIECEWISE_BEZIER_KNOTS.);
#13229 = CARTESIAN_POINT('',(2.91015625,0.472412109375));
#13230 = CARTESIAN_POINT('',(2.74658203125,0.2197265625));
#13231 = CARTESIAN_POINT('',(2.440185546875,7.9345703125E-02));
#13232 = ( GEOMETRIC_REPRESENTATION_CONTEXT(2) 
PARAMETRIC_REPRESENTATION_CONTEXT() REPRESENTATION_CONTEXT('2D SPACE',''
  ) );
#13233 = PCURVE('',#11313,#13234);
#13234 = DEFINITIONAL_REPRESENTATION('',(#13235),#13239);
#13235 = LINE('',#13236,#13237);
#13236 = CARTESIAN_POINT('',(0.,0.));
#13237 = VECTOR('',#13238,1.);
#13238 = DIRECTION('',(1.,0.));
#13239 = ( GEOMETRIC_REPRESENTATION_CONTEXT(2) 
PARAMETRIC_REPRESENTATION_CONTEXT() REPRESENTATION_CONTEXT('2D SPACE',''
  ) );
#13240 = ORIENTED_EDGE('',*,*,#13241,.F.);
#13241 = EDGE_CURVE('',#13242,#13219,#13244,.T.);
#13242 = VERTEX_POINT('',#13243);
#13243 = CARTESIAN_POINT('',(-7.763671875,-9.712869140625,2.));
#13244 = SURFACE_CURVE('',#13245,(#13249,#13256),.PCURVE_S1.);
#13245 = B_SPLINE_CURVE_WITH_KNOTS('',2,(#13246,#13247,#13248),
  .UNSPECIFIED.,.F.,.F.,(3,3),(0.,1.),.PIECEWISE_BEZIER_KNOTS.);
#13246 = CARTESIAN_POINT('',(-7.763671875,-9.712869140625,2.));
#13247 = CARTESIAN_POINT('',(-7.763671875,-9.998513671875,2.));
#13248 = CARTESIAN_POINT('',(-7.92724609375,-10.25119921875,2.));
#13249 = PCURVE('',#6809,#13250);
#13250 = DEFINITIONAL_REPRESENTATION('',(#13251),#13255);
#13251 = B_SPLINE_CURVE_WITH_KNOTS('',2,(#13252,#13253,#13254),
  .UNSPECIFIED.,.F.,.F.,(3,3),(0.,1.),.PIECEWISE_BEZIER_KNOTS.);
#13252 = CARTESIAN_POINT('',(3.07373046875,1.0107421875));
#13253 = CARTESIAN_POINT('',(3.07373046875,0.72509765625));
#13254 = CARTESIAN_POINT('',(2.91015625,0.472412109375));
#13255 = ( GEOMETRIC_REPRESENTATION_CONTEXT(2) 
PARAMETRIC_REPRESENTATION_CONTEXT() REPRESENTATION_CONTEXT('2D SPACE',''
  ) );
#13256 = PCURVE('',#13257,#13264);
#13257 = SURFACE_OF_LINEAR_EXTRUSION('',#13258,#13262);
#13258 = B_SPLINE_CURVE_WITH_KNOTS('',2,(#13259,#13260,#13261),
  .UNSPECIFIED.,.F.,.F.,(3,3),(0.,1.),.PIECEWISE_BEZIER_KNOTS.);
#13259 = CARTESIAN_POINT('',(-7.763671875,-9.712869140625,2.));
#13260 = CARTESIAN_POINT('',(-7.763671875,-9.998513671875,2.));
#13261 = CARTESIAN_POINT('',(-7.92724609375,-10.25119921875,2.));
#13262 = VECTOR('',#13263,1.);
#13263 = DIRECTION('',(-0.,-0.,-1.));
#13264 = DEFINITIONAL_REPRESENTATION('',(#13265),#13269);
#13265 = LINE('',#13266,#13267);
#13266 = CARTESIAN_POINT('',(0.,0.));
#13267 = VECTOR('',#13268,1.);
#13268 = DIRECTION('',(1.,0.));
#13269 = ( GEOMETRIC_REPRESENTATION_CONTEXT(2) 
PARAMETRIC_REPRESENTATION_CONTEXT() REPRESENTATION_CONTEXT('2D SPACE',''
  ) );
#13270 = ORIENTED_EDGE('',*,*,#13271,.F.);
#13271 = EDGE_CURVE('',#9795,#13242,#13272,.T.);
#13272 = SURFACE_CURVE('',#13273,(#13277,#13284),.PCURVE_S1.);
#13273 = B_SPLINE_CURVE_WITH_KNOTS('',2,(#13274,#13275,#13276),
  .UNSPECIFIED.,.F.,.F.,(3,3),(0.,1.),.PIECEWISE_BEZIER_KNOTS.);
#13274 = CARTESIAN_POINT('',(-7.91259765625,-9.2038359375,2.));
#13275 = CARTESIAN_POINT('',(-7.763671875,-9.424783203125,2.));
#13276 = CARTESIAN_POINT('',(-7.763671875,-9.712869140625,2.));
#13277 = PCURVE('',#6809,#13278);
#13278 = DEFINITIONAL_REPRESENTATION('',(#13279),#13283);
#13279 = B_SPLINE_CURVE_WITH_KNOTS('',2,(#13280,#13281,#13282),
  .UNSPECIFIED.,.F.,.F.,(3,3),(0.,1.),.PIECEWISE_BEZIER_KNOTS.);
#13280 = CARTESIAN_POINT('',(2.9248046875,1.519775390625));
#13281 = CARTESIAN_POINT('',(3.07373046875,1.298828125));
#13282 = CARTESIAN_POINT('',(3.07373046875,1.0107421875));
#13283 = ( GEOMETRIC_REPRESENTATION_CONTEXT(2) 
PARAMETRIC_REPRESENTATION_CONTEXT() REPRESENTATION_CONTEXT('2D SPACE',''
  ) );
#13284 = PCURVE('',#9810,#13285);
#13285 = DEFINITIONAL_REPRESENTATION('',(#13286),#13290);
#13286 = LINE('',#13287,#13288);
#13287 = CARTESIAN_POINT('',(0.,0.));
#13288 = VECTOR('',#13289,1.);
#13289 = DIRECTION('',(1.,0.));
#13290 = ( GEOMETRIC_REPRESENTATION_CONTEXT(2) 
PARAMETRIC_REPRESENTATION_CONTEXT() REPRESENTATION_CONTEXT('2D SPACE',''
  ) );
#13291 = ORIENTED_EDGE('',*,*,#9824,.F.);
#13292 = ORIENTED_EDGE('',*,*,#6794,.F.);
#13293 = ORIENTED_EDGE('',*,*,#10785,.F.);
#13294 = ORIENTED_EDGE('',*,*,#10737,.F.);
#13295 = ORIENTED_EDGE('',*,*,#13296,.F.);
#13296 = EDGE_CURVE('',#13297,#10683,#13299,.T.);
#13297 = VERTEX_POINT('',#13298);
#13298 = CARTESIAN_POINT('',(-8.31787109375,-9.4577421875,2.));
#13299 = SURFACE_CURVE('',#13300,(#13304,#13311),.PCURVE_S1.);
#13300 = B_SPLINE_CURVE_WITH_KNOTS('',2,(#13301,#13302,#13303),
  .UNSPECIFIED.,.F.,.F.,(3,3),(0.,1.),.PIECEWISE_BEZIER_KNOTS.);
#13301 = CARTESIAN_POINT('',(-8.31787109375,-9.4577421875,2.));
#13302 = CARTESIAN_POINT('',(-8.41552734375,-9.332009765625,2.));
#13303 = CARTESIAN_POINT('',(-8.64013671875,-9.246560546875,2.));
#13304 = PCURVE('',#6809,#13305);
#13305 = DEFINITIONAL_REPRESENTATION('',(#13306),#13310);
#13306 = B_SPLINE_CURVE_WITH_KNOTS('',2,(#13307,#13308,#13309),
  .UNSPECIFIED.,.F.,.F.,(3,3),(0.,1.),.PIECEWISE_BEZIER_KNOTS.);
#13307 = CARTESIAN_POINT('',(2.51953125,1.265869140625));
#13308 = CARTESIAN_POINT('',(2.421875,1.3916015625));
#13309 = CARTESIAN_POINT('',(2.197265625,1.47705078125));
#13310 = ( GEOMETRIC_REPRESENTATION_CONTEXT(2) 
PARAMETRIC_REPRESENTATION_CONTEXT() REPRESENTATION_CONTEXT('2D SPACE',''
  ) );
#13311 = PCURVE('',#10700,#13312);
#13312 = DEFINITIONAL_REPRESENTATION('',(#13313),#13317);
#13313 = LINE('',#13314,#13315);
#13314 = CARTESIAN_POINT('',(0.,0.));
#13315 = VECTOR('',#13316,1.);
#13316 = DIRECTION('',(1.,0.));
#13317 = ( GEOMETRIC_REPRESENTATION_CONTEXT(2) 
PARAMETRIC_REPRESENTATION_CONTEXT() REPRESENTATION_CONTEXT('2D SPACE',''
  ) );
#13318 = ORIENTED_EDGE('',*,*,#13319,.F.);
#13319 = EDGE_CURVE('',#13320,#13297,#13322,.T.);
#13320 = VERTEX_POINT('',#13321);
#13321 = CARTESIAN_POINT('',(-8.22021484375,-9.751931640625,2.));
#13322 = SURFACE_CURVE('',#13323,(#13327,#13334),.PCURVE_S1.);
#13323 = B_SPLINE_CURVE_WITH_KNOTS('',2,(#13324,#13325,#13326),
  .UNSPECIFIED.,.F.,.F.,(3,3),(0.,1.),.PIECEWISE_BEZIER_KNOTS.);
#13324 = CARTESIAN_POINT('',(-8.22021484375,-9.751931640625,2.));
#13325 = CARTESIAN_POINT('',(-8.22021484375,-9.583474609375,2.));
#13326 = CARTESIAN_POINT('',(-8.31787109375,-9.4577421875,2.));
#13327 = PCURVE('',#6809,#13328);
#13328 = DEFINITIONAL_REPRESENTATION('',(#13329),#13333);
#13329 = B_SPLINE_CURVE_WITH_KNOTS('',2,(#13330,#13331,#13332),
  .UNSPECIFIED.,.F.,.F.,(3,3),(0.,1.),.PIECEWISE_BEZIER_KNOTS.);
#13330 = CARTESIAN_POINT('',(2.6171875,0.9716796875));
#13331 = CARTESIAN_POINT('',(2.6171875,1.14013671875));
#13332 = CARTESIAN_POINT('',(2.51953125,1.265869140625));
#13333 = ( GEOMETRIC_REPRESENTATION_CONTEXT(2) 
PARAMETRIC_REPRESENTATION_CONTEXT() REPRESENTATION_CONTEXT('2D SPACE',''
  ) );
#13334 = PCURVE('',#13335,#13342);
#13335 = SURFACE_OF_LINEAR_EXTRUSION('',#13336,#13340);
#13336 = B_SPLINE_CURVE_WITH_KNOTS('',2,(#13337,#13338,#13339),
  .UNSPECIFIED.,.F.,.F.,(3,3),(0.,1.),.PIECEWISE_BEZIER_KNOTS.);
#13337 = CARTESIAN_POINT('',(-8.22021484375,-9.751931640625,2.));
#13338 = CARTESIAN_POINT('',(-8.22021484375,-9.583474609375,2.));
#13339 = CARTESIAN_POINT('',(-8.31787109375,-9.4577421875,2.));
#13340 = VECTOR('',#13341,1.);
#13341 = DIRECTION('',(-0.,-0.,-1.));
#13342 = DEFINITIONAL_REPRESENTATION('',(#13343),#13347);
#13343 = LINE('',#13344,#13345);
#13344 = CARTESIAN_POINT('',(0.,0.));
#13345 = VECTOR('',#13346,1.);
#13346 = DIRECTION('',(1.,0.));
#13347 = ( GEOMETRIC_REPRESENTATION_CONTEXT(2) 
PARAMETRIC_REPRESENTATION_CONTEXT() REPRESENTATION_CONTEXT('2D SPACE',''
  ) );
#13348 = ORIENTED_EDGE('',*,*,#13349,.F.);
#13349 = EDGE_CURVE('',#13350,#13320,#13352,.T.);
#13350 = VERTEX_POINT('',#13351);
#13351 = CARTESIAN_POINT('',(-8.321533203125,-10.058328125,2.));
#13352 = SURFACE_CURVE('',#13353,(#13357,#13364),.PCURVE_S1.);
#13353 = B_SPLINE_CURVE_WITH_KNOTS('',2,(#13354,#13355,#13356),
  .UNSPECIFIED.,.F.,.F.,(3,3),(0.,1.),.PIECEWISE_BEZIER_KNOTS.);
#13354 = CARTESIAN_POINT('',(-8.321533203125,-10.058328125,2.));
#13355 = CARTESIAN_POINT('',(-8.22021484375,-9.917947265625,2.));
#13356 = CARTESIAN_POINT('',(-8.22021484375,-9.751931640625,2.));
#13357 = PCURVE('',#6809,#13358);
#13358 = DEFINITIONAL_REPRESENTATION('',(#13359),#13363);
#13359 = B_SPLINE_CURVE_WITH_KNOTS('',2,(#13360,#13361,#13362),
  .UNSPECIFIED.,.F.,.F.,(3,3),(0.,1.),.PIECEWISE_BEZIER_KNOTS.);
#13360 = CARTESIAN_POINT('',(2.515869140625,0.665283203125));
#13361 = CARTESIAN_POINT('',(2.6171875,0.8056640625));
#13362 = CARTESIAN_POINT('',(2.6171875,0.9716796875));
#13363 = ( GEOMETRIC_REPRESENTATION_CONTEXT(2) 
PARAMETRIC_REPRESENTATION_CONTEXT() REPRESENTATION_CONTEXT('2D SPACE',''
  ) );
#13364 = PCURVE('',#13365,#13372);
#13365 = SURFACE_OF_LINEAR_EXTRUSION('',#13366,#13370);
#13366 = B_SPLINE_CURVE_WITH_KNOTS('',2,(#13367,#13368,#13369),
  .UNSPECIFIED.,.F.,.F.,(3,3),(0.,1.),.PIECEWISE_BEZIER_KNOTS.);
#13367 = CARTESIAN_POINT('',(-8.321533203125,-10.058328125,2.));
#13368 = CARTESIAN_POINT('',(-8.22021484375,-9.917947265625,2.));
#13369 = CARTESIAN_POINT('',(-8.22021484375,-9.751931640625,2.));
#13370 = VECTOR('',#13371,1.);
#13371 = DIRECTION('',(-0.,-0.,-1.));
#13372 = DEFINITIONAL_REPRESENTATION('',(#13373),#13377);
#13373 = LINE('',#13374,#13375);
#13374 = CARTESIAN_POINT('',(0.,0.));
#13375 = VECTOR('',#13376,1.);
#13376 = DIRECTION('',(1.,0.));
#13377 = ( GEOMETRIC_REPRESENTATION_CONTEXT(2) 
PARAMETRIC_REPRESENTATION_CONTEXT() REPRESENTATION_CONTEXT('2D SPACE',''
  ) );
#13378 = ORIENTED_EDGE('',*,*,#13379,.F.);
#13379 = EDGE_CURVE('',#10898,#13350,#13380,.T.);
#13380 = SURFACE_CURVE('',#13381,(#13385,#13392),.PCURVE_S1.);
#13381 = B_SPLINE_CURVE_WITH_KNOTS('',2,(#13382,#13383,#13384),
  .UNSPECIFIED.,.F.,.F.,(3,3),(0.,1.),.PIECEWISE_BEZIER_KNOTS.);
#13382 = CARTESIAN_POINT('',(-8.63037109375,-10.27927539062,2.));
#13383 = CARTESIAN_POINT('',(-8.4228515625,-10.19870898437,2.));
#13384 = CARTESIAN_POINT('',(-8.321533203125,-10.058328125,2.));
#13385 = PCURVE('',#6809,#13386);
#13386 = DEFINITIONAL_REPRESENTATION('',(#13387),#13391);
#13387 = B_SPLINE_CURVE_WITH_KNOTS('',2,(#13388,#13389,#13390),
  .UNSPECIFIED.,.F.,.F.,(3,3),(0.,1.),.PIECEWISE_BEZIER_KNOTS.);
#13388 = CARTESIAN_POINT('',(2.20703125,0.4443359375));
#13389 = CARTESIAN_POINT('',(2.41455078125,0.52490234375));
#13390 = CARTESIAN_POINT('',(2.515869140625,0.665283203125));
#13391 = ( GEOMETRIC_REPRESENTATION_CONTEXT(2) 
PARAMETRIC_REPRESENTATION_CONTEXT() REPRESENTATION_CONTEXT('2D SPACE',''
  ) );
#13392 = PCURVE('',#10913,#13393);
#13393 = DEFINITIONAL_REPRESENTATION('',(#13394),#13398);
#13394 = LINE('',#13395,#13396);
#13395 = CARTESIAN_POINT('',(0.,0.));
#13396 = VECTOR('',#13397,1.);
#13397 = DIRECTION('',(1.,0.));
#13398 = ( GEOMETRIC_REPRESENTATION_CONTEXT(2) 
PARAMETRIC_REPRESENTATION_CONTEXT() REPRESENTATION_CONTEXT('2D SPACE',''
  ) );
#13399 = ORIENTED_EDGE('',*,*,#10927,.F.);
#13400 = ADVANCED_FACE('',(#13401),#6781,.F.);
#13401 = FACE_BOUND('',#13402,.F.);
#13402 = EDGE_LOOP('',(#13403,#13426,#13454,#13475,#13476,#13477));
#13403 = ORIENTED_EDGE('',*,*,#13404,.F.);
#13404 = EDGE_CURVE('',#13405,#9667,#13407,.T.);
#13405 = VERTEX_POINT('',#13406);
#13406 = CARTESIAN_POINT('',(-6.64306640625,-10.72361132812,2.));
#13407 = SURFACE_CURVE('',#13408,(#13412,#13419),.PCURVE_S1.);
#13408 = LINE('',#13409,#13410);
#13409 = CARTESIAN_POINT('',(-6.64306640625,-10.72361132812,2.));
#13410 = VECTOR('',#13411,1.);
#13411 = DIRECTION('',(-1.,0.,0.));
#13412 = PCURVE('',#6781,#13413);
#13413 = DEFINITIONAL_REPRESENTATION('',(#13414),#13418);
#13414 = LINE('',#13415,#13416);
#13415 = CARTESIAN_POINT('',(0.859375,0.));
#13416 = VECTOR('',#13417,1.);
#13417 = DIRECTION('',(-1.,0.));
#13418 = ( GEOMETRIC_REPRESENTATION_CONTEXT(2) 
PARAMETRIC_REPRESENTATION_CONTEXT() REPRESENTATION_CONTEXT('2D SPACE',''
  ) );
#13419 = PCURVE('',#9684,#13420);
#13420 = DEFINITIONAL_REPRESENTATION('',(#13421),#13425);
#13421 = LINE('',#13422,#13423);
#13422 = CARTESIAN_POINT('',(0.,-0.));
#13423 = VECTOR('',#13424,1.);
#13424 = DIRECTION('',(1.,0.));
#13425 = ( GEOMETRIC_REPRESENTATION_CONTEXT(2) 
PARAMETRIC_REPRESENTATION_CONTEXT() REPRESENTATION_CONTEXT('2D SPACE',''
  ) );
#13426 = ORIENTED_EDGE('',*,*,#13427,.F.);
#13427 = EDGE_CURVE('',#13428,#13405,#13430,.T.);
#13428 = VERTEX_POINT('',#13429);
#13429 = CARTESIAN_POINT('',(-6.64306640625,-9.268533203125,2.));
#13430 = SURFACE_CURVE('',#13431,(#13435,#13442),.PCURVE_S1.);
#13431 = LINE('',#13432,#13433);
#13432 = CARTESIAN_POINT('',(-6.64306640625,-9.268533203125,2.));
#13433 = VECTOR('',#13434,1.);
#13434 = DIRECTION('',(0.,-1.,0.));
#13435 = PCURVE('',#6781,#13436);
#13436 = DEFINITIONAL_REPRESENTATION('',(#13437),#13441);
#13437 = LINE('',#13438,#13439);
#13438 = CARTESIAN_POINT('',(0.859375,1.455078125));
#13439 = VECTOR('',#13440,1.);
#13440 = DIRECTION('',(0.,-1.));
#13441 = ( GEOMETRIC_REPRESENTATION_CONTEXT(2) 
PARAMETRIC_REPRESENTATION_CONTEXT() REPRESENTATION_CONTEXT('2D SPACE',''
  ) );
#13442 = PCURVE('',#13443,#13448);
#13443 = PLANE('',#13444);
#13444 = AXIS2_PLACEMENT_3D('',#13445,#13446,#13447);
#13445 = CARTESIAN_POINT('',(-6.64306640625,-9.268533203125,2.));
#13446 = DIRECTION('',(1.,0.,0.));
#13447 = DIRECTION('',(0.,-1.,0.));
#13448 = DEFINITIONAL_REPRESENTATION('',(#13449),#13453);
#13449 = LINE('',#13450,#13451);
#13450 = CARTESIAN_POINT('',(0.,0.));
#13451 = VECTOR('',#13452,1.);
#13452 = DIRECTION('',(1.,0.));
#13453 = ( GEOMETRIC_REPRESENTATION_CONTEXT(2) 
PARAMETRIC_REPRESENTATION_CONTEXT() REPRESENTATION_CONTEXT('2D SPACE',''
  ) );
#13454 = ORIENTED_EDGE('',*,*,#13455,.F.);
#13455 = EDGE_CURVE('',#9320,#13428,#13456,.T.);
#13456 = SURFACE_CURVE('',#13457,(#13461,#13468),.PCURVE_S1.);
#13457 = LINE('',#13458,#13459);
#13458 = CARTESIAN_POINT('',(-5.72509765625,-9.268533203125,2.));
#13459 = VECTOR('',#13460,1.);
#13460 = DIRECTION('',(-1.,0.,0.));
#13461 = PCURVE('',#6781,#13462);
#13462 = DEFINITIONAL_REPRESENTATION('',(#13463),#13467);
#13463 = LINE('',#13464,#13465);
#13464 = CARTESIAN_POINT('',(1.77734375,1.455078125));
#13465 = VECTOR('',#13466,1.);
#13466 = DIRECTION('',(-1.,0.));
#13467 = ( GEOMETRIC_REPRESENTATION_CONTEXT(2) 
PARAMETRIC_REPRESENTATION_CONTEXT() REPRESENTATION_CONTEXT('2D SPACE',''
  ) );
#13468 = PCURVE('',#9335,#13469);
#13469 = DEFINITIONAL_REPRESENTATION('',(#13470),#13474);
#13470 = LINE('',#13471,#13472);
#13471 = CARTESIAN_POINT('',(0.,-0.));
#13472 = VECTOR('',#13473,1.);
#13473 = DIRECTION('',(1.,0.));
#13474 = ( GEOMETRIC_REPRESENTATION_CONTEXT(2) 
PARAMETRIC_REPRESENTATION_CONTEXT() REPRESENTATION_CONTEXT('2D SPACE',''
  ) );
#13475 = ORIENTED_EDGE('',*,*,#9347,.F.);
#13476 = ORIENTED_EDGE('',*,*,#6768,.F.);
#13477 = ORIENTED_EDGE('',*,*,#9719,.F.);
#13478 = ADVANCED_FACE('',(#13479),#6755,.F.);
#13479 = FACE_BOUND('',#13480,.F.);
#13480 = EDGE_LOOP('',(#13481,#13502,#13503));
#13481 = ORIENTED_EDGE('',*,*,#13482,.F.);
#13482 = EDGE_CURVE('',#6717,#9190,#13483,.T.);
#13483 = SURFACE_CURVE('',#13484,(#13488,#13495),.PCURVE_S1.);
#13484 = B_SPLINE_CURVE_WITH_KNOTS('',2,(#13485,#13486,#13487),
  .UNSPECIFIED.,.F.,.F.,(3,3),(0.,1.),.PIECEWISE_BEZIER_KNOTS.);
#13485 = CARTESIAN_POINT('',(-2.78076171875,-8.980447265625,2.));
#13486 = CARTESIAN_POINT('',(-2.9052734375,-8.980447265625,2.));
#13487 = CARTESIAN_POINT('',(-3.0908203125,-9.029275390625,2.));
#13488 = PCURVE('',#6755,#13489);
#13489 = DEFINITIONAL_REPRESENTATION('',(#13490),#13494);
#13490 = B_SPLINE_CURVE_WITH_KNOTS('',2,(#13491,#13492,#13493),
  .UNSPECIFIED.,.F.,.F.,(3,3),(0.,1.),.PIECEWISE_BEZIER_KNOTS.);
#13491 = CARTESIAN_POINT('',(1.38671875,1.7431640625));
#13492 = CARTESIAN_POINT('',(1.26220703125,1.7431640625));
#13493 = CARTESIAN_POINT('',(1.07666015625,1.6943359375));
#13494 = ( GEOMETRIC_REPRESENTATION_CONTEXT(2) 
PARAMETRIC_REPRESENTATION_CONTEXT() REPRESENTATION_CONTEXT('2D SPACE',''
  ) );
#13495 = PCURVE('',#9207,#13496);
#13496 = DEFINITIONAL_REPRESENTATION('',(#13497),#13501);
#13497 = LINE('',#13498,#13499);
#13498 = CARTESIAN_POINT('',(0.,0.));
#13499 = VECTOR('',#13500,1.);
#13500 = DIRECTION('',(1.,0.));
#13501 = ( GEOMETRIC_REPRESENTATION_CONTEXT(2) 
PARAMETRIC_REPRESENTATION_CONTEXT() REPRESENTATION_CONTEXT('2D SPACE',''
  ) );
#13502 = ORIENTED_EDGE('',*,*,#6742,.F.);
#13503 = ORIENTED_EDGE('',*,*,#9244,.F.);
#13504 = ADVANCED_FACE('',(#13505),#6731,.T.);
#13505 = FACE_BOUND('',#13506,.T.);
#13506 = EDGE_LOOP('',(#13507,#13530,#13531));
#13507 = ORIENTED_EDGE('',*,*,#13508,.T.);
#13508 = EDGE_CURVE('',#13509,#6717,#13511,.T.);
#13509 = VERTEX_POINT('',#13510);
#13510 = CARTESIAN_POINT('',(-2.78076171875,-8.980447265625,2.));
#13511 = SURFACE_CURVE('',#13512,(#13516,#13523),.PCURVE_S1.);
#13512 = B_SPLINE_CURVE_WITH_KNOTS('',2,(#13513,#13514,#13515),
  .UNSPECIFIED.,.F.,.F.,(3,3),(0.,1.),.PIECEWISE_BEZIER_KNOTS.);
#13513 = CARTESIAN_POINT('',(-2.78076171875,-8.980447265625,2.));
#13514 = CARTESIAN_POINT('',(-2.9052734375,-8.980447265625,2.));
#13515 = CARTESIAN_POINT('',(-3.0908203125,-9.029275390625,2.));
#13516 = PCURVE('',#6731,#13517);
#13517 = DEFINITIONAL_REPRESENTATION('',(#13518),#13522);
#13518 = B_SPLINE_CURVE_WITH_KNOTS('',2,(#13519,#13520,#13521),
  .UNSPECIFIED.,.F.,.F.,(3,3),(0.,1.),.PIECEWISE_BEZIER_KNOTS.);
#13519 = CARTESIAN_POINT('',(-2.78076171875,-8.980447265625));
#13520 = CARTESIAN_POINT('',(-2.9052734375,-8.980447265625));
#13521 = CARTESIAN_POINT('',(-3.0908203125,-9.029275390625));
#13522 = ( GEOMETRIC_REPRESENTATION_CONTEXT(2) 
PARAMETRIC_REPRESENTATION_CONTEXT() REPRESENTATION_CONTEXT('2D SPACE',''
  ) );
#13523 = PCURVE('',#9207,#13524);
#13524 = DEFINITIONAL_REPRESENTATION('',(#13525),#13529);
#13525 = LINE('',#13526,#13527);
#13526 = CARTESIAN_POINT('',(0.,0.));
#13527 = VECTOR('',#13528,1.);
#13528 = DIRECTION('',(1.,0.));
#13529 = ( GEOMETRIC_REPRESENTATION_CONTEXT(2) 
PARAMETRIC_REPRESENTATION_CONTEXT() REPRESENTATION_CONTEXT('2D SPACE',''
  ) );
#13530 = ORIENTED_EDGE('',*,*,#6716,.T.);
#13531 = ORIENTED_EDGE('',*,*,#13532,.T.);
#13532 = EDGE_CURVE('',#6690,#13509,#13533,.T.);
#13533 = SURFACE_CURVE('',#13534,(#13538,#13545),.PCURVE_S1.);
#13534 = B_SPLINE_CURVE_WITH_KNOTS('',2,(#13535,#13536,#13537),
  .UNSPECIFIED.,.F.,.F.,(3,3),(0.,1.),.PIECEWISE_BEZIER_KNOTS.);
#13535 = CARTESIAN_POINT('',(-2.27783203125,-9.17698046875,2.));
#13536 = CARTESIAN_POINT('',(-2.4755859375,-8.980447265625,2.));
#13537 = CARTESIAN_POINT('',(-2.78076171875,-8.980447265625,2.));
#13538 = PCURVE('',#6731,#13539);
#13539 = DEFINITIONAL_REPRESENTATION('',(#13540),#13544);
#13540 = B_SPLINE_CURVE_WITH_KNOTS('',2,(#13541,#13542,#13543),
  .UNSPECIFIED.,.F.,.F.,(3,3),(0.,1.),.PIECEWISE_BEZIER_KNOTS.);
#13541 = CARTESIAN_POINT('',(-2.27783203125,-9.17698046875));
#13542 = CARTESIAN_POINT('',(-2.4755859375,-8.980447265625));
#13543 = CARTESIAN_POINT('',(-2.78076171875,-8.980447265625));
#13544 = ( GEOMETRIC_REPRESENTATION_CONTEXT(2) 
PARAMETRIC_REPRESENTATION_CONTEXT() REPRESENTATION_CONTEXT('2D SPACE',''
  ) );
#13545 = PCURVE('',#13546,#13553);
#13546 = SURFACE_OF_LINEAR_EXTRUSION('',#13547,#13551);
#13547 = B_SPLINE_CURVE_WITH_KNOTS('',2,(#13548,#13549,#13550),
  .UNSPECIFIED.,.F.,.F.,(3,3),(0.,1.),.PIECEWISE_BEZIER_KNOTS.);
#13548 = CARTESIAN_POINT('',(-2.27783203125,-9.17698046875,2.));
#13549 = CARTESIAN_POINT('',(-2.4755859375,-8.980447265625,2.));
#13550 = CARTESIAN_POINT('',(-2.78076171875,-8.980447265625,2.));
#13551 = VECTOR('',#13552,1.);
#13552 = DIRECTION('',(-0.,-0.,-1.));
#13553 = DEFINITIONAL_REPRESENTATION('',(#13554),#13558);
#13554 = LINE('',#13555,#13556);
#13555 = CARTESIAN_POINT('',(0.,0.));
#13556 = VECTOR('',#13557,1.);
#13557 = DIRECTION('',(1.,0.));
#13558 = ( GEOMETRIC_REPRESENTATION_CONTEXT(2) 
PARAMETRIC_REPRESENTATION_CONTEXT() REPRESENTATION_CONTEXT('2D SPACE',''
  ) );
#13559 = ADVANCED_FACE('',(#13560),#6704,.F.);
#13560 = FACE_BOUND('',#13561,.F.);
#13561 = EDGE_LOOP('',(#13562,#13592,#13622,#13652,#13682,#13712,#13733,
    #13734,#13735,#13758,#13788,#13818,#13848,#13878));
#13562 = ORIENTED_EDGE('',*,*,#13563,.F.);
#13563 = EDGE_CURVE('',#13564,#13566,#13568,.T.);
#13564 = VERTEX_POINT('',#13565);
#13565 = CARTESIAN_POINT('',(-3.95751953125,-9.778787109375,2.));
#13566 = VERTEX_POINT('',#13567);
#13567 = CARTESIAN_POINT('',(-3.51806640625,-9.720193359375,2.));
#13568 = SURFACE_CURVE('',#13569,(#13573,#13580),.PCURVE_S1.);
#13569 = LINE('',#13570,#13571);
#13570 = CARTESIAN_POINT('',(-3.95751953125,-9.778787109375,2.));
#13571 = VECTOR('',#13572,1.);
#13572 = DIRECTION('',(0.991227900683,0.132163720091,0.));
#13573 = PCURVE('',#6704,#13574);
#13574 = DEFINITIONAL_REPRESENTATION('',(#13575),#13579);
#13575 = LINE('',#13576,#13577);
#13576 = CARTESIAN_POINT('',(0.2099609375,0.94482421875));
#13577 = VECTOR('',#13578,1.);
#13578 = DIRECTION('',(0.991227900683,0.132163720091));
#13579 = ( GEOMETRIC_REPRESENTATION_CONTEXT(2) 
PARAMETRIC_REPRESENTATION_CONTEXT() REPRESENTATION_CONTEXT('2D SPACE',''
  ) );
#13580 = PCURVE('',#13581,#13586);
#13581 = PLANE('',#13582);
#13582 = AXIS2_PLACEMENT_3D('',#13583,#13584,#13585);
#13583 = CARTESIAN_POINT('',(-3.95751953125,-9.778787109375,2.));
#13584 = DIRECTION('',(-0.132163720091,0.991227900683,0.));
#13585 = DIRECTION('',(0.991227900683,0.132163720091,0.));
#13586 = DEFINITIONAL_REPRESENTATION('',(#13587),#13591);
#13587 = LINE('',#13588,#13589);
#13588 = CARTESIAN_POINT('',(0.,0.));
#13589 = VECTOR('',#13590,1.);
#13590 = DIRECTION('',(1.,0.));
#13591 = ( GEOMETRIC_REPRESENTATION_CONTEXT(2) 
PARAMETRIC_REPRESENTATION_CONTEXT() REPRESENTATION_CONTEXT('2D SPACE',''
  ) );
#13592 = ORIENTED_EDGE('',*,*,#13593,.F.);
#13593 = EDGE_CURVE('',#13594,#13564,#13596,.T.);
#13594 = VERTEX_POINT('',#13595);
#13595 = CARTESIAN_POINT('',(-3.602294921875,-10.50632617187,2.));
#13596 = SURFACE_CURVE('',#13597,(#13601,#13608),.PCURVE_S1.);
#13597 = B_SPLINE_CURVE_WITH_KNOTS('',2,(#13598,#13599,#13600),
  .UNSPECIFIED.,.F.,.F.,(3,3),(0.,1.),.PIECEWISE_BEZIER_KNOTS.);
#13598 = CARTESIAN_POINT('',(-3.602294921875,-10.50632617187,2.));
#13599 = CARTESIAN_POINT('',(-3.91357421875,-10.22556445312,2.));
#13600 = CARTESIAN_POINT('',(-3.95751953125,-9.778787109375,2.));
#13601 = PCURVE('',#6704,#13602);
#13602 = DEFINITIONAL_REPRESENTATION('',(#13603),#13607);
#13603 = B_SPLINE_CURVE_WITH_KNOTS('',2,(#13604,#13605,#13606),
  .UNSPECIFIED.,.F.,.F.,(3,3),(0.,1.),.PIECEWISE_BEZIER_KNOTS.);
#13604 = CARTESIAN_POINT('',(0.565185546875,0.21728515625));
#13605 = CARTESIAN_POINT('',(0.25390625,0.498046875));
#13606 = CARTESIAN_POINT('',(0.2099609375,0.94482421875));
#13607 = ( GEOMETRIC_REPRESENTATION_CONTEXT(2) 
PARAMETRIC_REPRESENTATION_CONTEXT() REPRESENTATION_CONTEXT('2D SPACE',''
  ) );
#13608 = PCURVE('',#13609,#13616);
#13609 = SURFACE_OF_LINEAR_EXTRUSION('',#13610,#13614);
#13610 = B_SPLINE_CURVE_WITH_KNOTS('',2,(#13611,#13612,#13613),
  .UNSPECIFIED.,.F.,.F.,(3,3),(0.,1.),.PIECEWISE_BEZIER_KNOTS.);
#13611 = CARTESIAN_POINT('',(-3.602294921875,-10.50632617187,2.));
#13612 = CARTESIAN_POINT('',(-3.91357421875,-10.22556445312,2.));
#13613 = CARTESIAN_POINT('',(-3.95751953125,-9.778787109375,2.));
#13614 = VECTOR('',#13615,1.);
#13615 = DIRECTION('',(-0.,-0.,-1.));
#13616 = DEFINITIONAL_REPRESENTATION('',(#13617),#13621);
#13617 = LINE('',#13618,#13619);
#13618 = CARTESIAN_POINT('',(0.,0.));
#13619 = VECTOR('',#13620,1.);
#13620 = DIRECTION('',(1.,0.));
#13621 = ( GEOMETRIC_REPRESENTATION_CONTEXT(2) 
PARAMETRIC_REPRESENTATION_CONTEXT() REPRESENTATION_CONTEXT('2D SPACE',''
  ) );
#13622 = ORIENTED_EDGE('',*,*,#13623,.F.);
#13623 = EDGE_CURVE('',#13624,#13594,#13626,.T.);
#13624 = VERTEX_POINT('',#13625);
#13625 = CARTESIAN_POINT('',(-2.81982421875,-10.78708789062,2.));
#13626 = SURFACE_CURVE('',#13627,(#13631,#13638),.PCURVE_S1.);
#13627 = B_SPLINE_CURVE_WITH_KNOTS('',2,(#13628,#13629,#13630),
  .UNSPECIFIED.,.F.,.F.,(3,3),(0.,1.),.PIECEWISE_BEZIER_KNOTS.);
#13628 = CARTESIAN_POINT('',(-2.81982421875,-10.78708789062,2.));
#13629 = CARTESIAN_POINT('',(-3.291015625,-10.78708789062,2.));
#13630 = CARTESIAN_POINT('',(-3.602294921875,-10.50632617187,2.));
#13631 = PCURVE('',#6704,#13632);
#13632 = DEFINITIONAL_REPRESENTATION('',(#13633),#13637);
#13633 = B_SPLINE_CURVE_WITH_KNOTS('',2,(#13634,#13635,#13636),
  .UNSPECIFIED.,.F.,.F.,(3,3),(0.,1.),.PIECEWISE_BEZIER_KNOTS.);
#13634 = CARTESIAN_POINT('',(1.34765625,-6.34765625E-02));
#13635 = CARTESIAN_POINT('',(0.87646484375,-6.34765625E-02));
#13636 = CARTESIAN_POINT('',(0.565185546875,0.21728515625));
#13637 = ( GEOMETRIC_REPRESENTATION_CONTEXT(2) 
PARAMETRIC_REPRESENTATION_CONTEXT() REPRESENTATION_CONTEXT('2D SPACE',''
  ) );
#13638 = PCURVE('',#13639,#13646);
#13639 = SURFACE_OF_LINEAR_EXTRUSION('',#13640,#13644);
#13640 = B_SPLINE_CURVE_WITH_KNOTS('',2,(#13641,#13642,#13643),
  .UNSPECIFIED.,.F.,.F.,(3,3),(0.,1.),.PIECEWISE_BEZIER_KNOTS.);
#13641 = CARTESIAN_POINT('',(-2.81982421875,-10.78708789062,2.));
#13642 = CARTESIAN_POINT('',(-3.291015625,-10.78708789062,2.));
#13643 = CARTESIAN_POINT('',(-3.602294921875,-10.50632617187,2.));
#13644 = VECTOR('',#13645,1.);
#13645 = DIRECTION('',(-0.,-0.,-1.));
#13646 = DEFINITIONAL_REPRESENTATION('',(#13647),#13651);
#13647 = LINE('',#13648,#13649);
#13648 = CARTESIAN_POINT('',(0.,0.));
#13649 = VECTOR('',#13650,1.);
#13650 = DIRECTION('',(1.,0.));
#13651 = ( GEOMETRIC_REPRESENTATION_CONTEXT(2) 
PARAMETRIC_REPRESENTATION_CONTEXT() REPRESENTATION_CONTEXT('2D SPACE',''
  ) );
#13652 = ORIENTED_EDGE('',*,*,#13653,.F.);
#13653 = EDGE_CURVE('',#13654,#13624,#13656,.T.);
#13654 = VERTEX_POINT('',#13655);
#13655 = CARTESIAN_POINT('',(-1.95556640625,-10.46116015625,2.));
#13656 = SURFACE_CURVE('',#13657,(#13661,#13668),.PCURVE_S1.);
#13657 = B_SPLINE_CURVE_WITH_KNOTS('',2,(#13658,#13659,#13660),
  .UNSPECIFIED.,.F.,.F.,(3,3),(0.,1.),.PIECEWISE_BEZIER_KNOTS.);
#13658 = CARTESIAN_POINT('',(-1.95556640625,-10.46116015625,2.));
#13659 = CARTESIAN_POINT('',(-2.29736328125,-10.78708789062,2.));
#13660 = CARTESIAN_POINT('',(-2.81982421875,-10.78708789062,2.));
#13661 = PCURVE('',#6704,#13662);
#13662 = DEFINITIONAL_REPRESENTATION('',(#13663),#13667);
#13663 = B_SPLINE_CURVE_WITH_KNOTS('',2,(#13664,#13665,#13666),
  .UNSPECIFIED.,.F.,.F.,(3,3),(0.,1.),.PIECEWISE_BEZIER_KNOTS.);
#13664 = CARTESIAN_POINT('',(2.2119140625,0.262451171875));
#13665 = CARTESIAN_POINT('',(1.8701171875,-6.34765625E-02));
#13666 = CARTESIAN_POINT('',(1.34765625,-6.34765625E-02));
#13667 = ( GEOMETRIC_REPRESENTATION_CONTEXT(2) 
PARAMETRIC_REPRESENTATION_CONTEXT() REPRESENTATION_CONTEXT('2D SPACE',''
  ) );
#13668 = PCURVE('',#13669,#13676);
#13669 = SURFACE_OF_LINEAR_EXTRUSION('',#13670,#13674);
#13670 = B_SPLINE_CURVE_WITH_KNOTS('',2,(#13671,#13672,#13673),
  .UNSPECIFIED.,.F.,.F.,(3,3),(0.,1.),.PIECEWISE_BEZIER_KNOTS.);
#13671 = CARTESIAN_POINT('',(-1.95556640625,-10.46116015625,2.));
#13672 = CARTESIAN_POINT('',(-2.29736328125,-10.78708789062,2.));
#13673 = CARTESIAN_POINT('',(-2.81982421875,-10.78708789062,2.));
#13674 = VECTOR('',#13675,1.);
#13675 = DIRECTION('',(-0.,-0.,-1.));
#13676 = DEFINITIONAL_REPRESENTATION('',(#13677),#13681);
#13677 = LINE('',#13678,#13679);
#13678 = CARTESIAN_POINT('',(0.,0.));
#13679 = VECTOR('',#13680,1.);
#13680 = DIRECTION('',(1.,0.));
#13681 = ( GEOMETRIC_REPRESENTATION_CONTEXT(2) 
PARAMETRIC_REPRESENTATION_CONTEXT() REPRESENTATION_CONTEXT('2D SPACE',''
  ) );
#13682 = ORIENTED_EDGE('',*,*,#13683,.F.);
#13683 = EDGE_CURVE('',#13684,#13654,#13686,.T.);
#13684 = VERTEX_POINT('',#13685);
#13685 = CARTESIAN_POINT('',(-1.61376953125,-9.666482421875,2.));
#13686 = SURFACE_CURVE('',#13687,(#13691,#13698),.PCURVE_S1.);
#13687 = B_SPLINE_CURVE_WITH_KNOTS('',2,(#13688,#13689,#13690),
  .UNSPECIFIED.,.F.,.F.,(3,3),(0.,1.),.PIECEWISE_BEZIER_KNOTS.);
#13688 = CARTESIAN_POINT('',(-1.61376953125,-9.666482421875,2.));
#13689 = CARTESIAN_POINT('',(-1.61376953125,-10.13523242187,2.));
#13690 = CARTESIAN_POINT('',(-1.95556640625,-10.46116015625,2.));
#13691 = PCURVE('',#6704,#13692);
#13692 = DEFINITIONAL_REPRESENTATION('',(#13693),#13697);
#13693 = B_SPLINE_CURVE_WITH_KNOTS('',2,(#13694,#13695,#13696),
  .UNSPECIFIED.,.F.,.F.,(3,3),(0.,1.),.PIECEWISE_BEZIER_KNOTS.);
#13694 = CARTESIAN_POINT('',(2.5537109375,1.05712890625));
#13695 = CARTESIAN_POINT('',(2.5537109375,0.58837890625));
#13696 = CARTESIAN_POINT('',(2.2119140625,0.262451171875));
#13697 = ( GEOMETRIC_REPRESENTATION_CONTEXT(2) 
PARAMETRIC_REPRESENTATION_CONTEXT() REPRESENTATION_CONTEXT('2D SPACE',''
  ) );
#13698 = PCURVE('',#13699,#13706);
#13699 = SURFACE_OF_LINEAR_EXTRUSION('',#13700,#13704);
#13700 = B_SPLINE_CURVE_WITH_KNOTS('',2,(#13701,#13702,#13703),
  .UNSPECIFIED.,.F.,.F.,(3,3),(0.,1.),.PIECEWISE_BEZIER_KNOTS.);
#13701 = CARTESIAN_POINT('',(-1.61376953125,-9.666482421875,2.));
#13702 = CARTESIAN_POINT('',(-1.61376953125,-10.13523242187,2.));
#13703 = CARTESIAN_POINT('',(-1.95556640625,-10.46116015625,2.));
#13704 = VECTOR('',#13705,1.);
#13705 = DIRECTION('',(-0.,-0.,-1.));
#13706 = DEFINITIONAL_REPRESENTATION('',(#13707),#13711);
#13707 = LINE('',#13708,#13709);
#13708 = CARTESIAN_POINT('',(0.,0.));
#13709 = VECTOR('',#13710,1.);
#13710 = DIRECTION('',(1.,0.));
#13711 = ( GEOMETRIC_REPRESENTATION_CONTEXT(2) 
PARAMETRIC_REPRESENTATION_CONTEXT() REPRESENTATION_CONTEXT('2D SPACE',''
  ) );
#13712 = ORIENTED_EDGE('',*,*,#13713,.F.);
#13713 = EDGE_CURVE('',#8400,#13684,#13714,.T.);
#13714 = SURFACE_CURVE('',#13715,(#13719,#13726),.PCURVE_S1.);
#13715 = B_SPLINE_CURVE_WITH_KNOTS('',2,(#13716,#13717,#13718),
  .UNSPECIFIED.,.F.,.F.,(3,3),(0.,1.),.PIECEWISE_BEZIER_KNOTS.);
#13716 = CARTESIAN_POINT('',(-1.78955078125,-9.08908984375,2.));
#13717 = CARTESIAN_POINT('',(-1.61376953125,-9.319802734375,2.));
#13718 = CARTESIAN_POINT('',(-1.61376953125,-9.666482421875,2.));
#13719 = PCURVE('',#6704,#13720);
#13720 = DEFINITIONAL_REPRESENTATION('',(#13721),#13725);
#13721 = B_SPLINE_CURVE_WITH_KNOTS('',2,(#13722,#13723,#13724),
  .UNSPECIFIED.,.F.,.F.,(3,3),(0.,1.),.PIECEWISE_BEZIER_KNOTS.);
#13722 = CARTESIAN_POINT('',(2.3779296875,1.634521484375));
#13723 = CARTESIAN_POINT('',(2.5537109375,1.40380859375));
#13724 = CARTESIAN_POINT('',(2.5537109375,1.05712890625));
#13725 = ( GEOMETRIC_REPRESENTATION_CONTEXT(2) 
PARAMETRIC_REPRESENTATION_CONTEXT() REPRESENTATION_CONTEXT('2D SPACE',''
  ) );
#13726 = PCURVE('',#8415,#13727);
#13727 = DEFINITIONAL_REPRESENTATION('',(#13728),#13732);
#13728 = LINE('',#13729,#13730);
#13729 = CARTESIAN_POINT('',(0.,0.));
#13730 = VECTOR('',#13731,1.);
#13731 = DIRECTION('',(1.,0.));
#13732 = ( GEOMETRIC_REPRESENTATION_CONTEXT(2) 
PARAMETRIC_REPRESENTATION_CONTEXT() REPRESENTATION_CONTEXT('2D SPACE',''
  ) );
#13733 = ORIENTED_EDGE('',*,*,#8429,.F.);
#13734 = ORIENTED_EDGE('',*,*,#6689,.F.);
#13735 = ORIENTED_EDGE('',*,*,#13736,.F.);
#13736 = EDGE_CURVE('',#13737,#6690,#13739,.T.);
#13737 = VERTEX_POINT('',#13738);
#13738 = CARTESIAN_POINT('',(-2.27783203125,-9.17698046875,2.));
#13739 = SURFACE_CURVE('',#13740,(#13744,#13751),.PCURVE_S1.);
#13740 = B_SPLINE_CURVE_WITH_KNOTS('',2,(#13741,#13742,#13743),
  .UNSPECIFIED.,.F.,.F.,(3,3),(0.,1.),.PIECEWISE_BEZIER_KNOTS.);
#13741 = CARTESIAN_POINT('',(-2.27783203125,-9.17698046875,2.));
#13742 = CARTESIAN_POINT('',(-2.4755859375,-8.980447265625,2.));
#13743 = CARTESIAN_POINT('',(-2.78076171875,-8.980447265625,2.));
#13744 = PCURVE('',#6704,#13745);
#13745 = DEFINITIONAL_REPRESENTATION('',(#13746),#13750);
#13746 = B_SPLINE_CURVE_WITH_KNOTS('',2,(#13747,#13748,#13749),
  .UNSPECIFIED.,.F.,.F.,(3,3),(0.,1.),.PIECEWISE_BEZIER_KNOTS.);
#13747 = CARTESIAN_POINT('',(1.8896484375,1.546630859375));
#13748 = CARTESIAN_POINT('',(1.69189453125,1.7431640625));
#13749 = CARTESIAN_POINT('',(1.38671875,1.7431640625));
#13750 = ( GEOMETRIC_REPRESENTATION_CONTEXT(2) 
PARAMETRIC_REPRESENTATION_CONTEXT() REPRESENTATION_CONTEXT('2D SPACE',''
  ) );
#13751 = PCURVE('',#13546,#13752);
#13752 = DEFINITIONAL_REPRESENTATION('',(#13753),#13757);
#13753 = LINE('',#13754,#13755);
#13754 = CARTESIAN_POINT('',(0.,0.));
#13755 = VECTOR('',#13756,1.);
#13756 = DIRECTION('',(1.,0.));
#13757 = ( GEOMETRIC_REPRESENTATION_CONTEXT(2) 
PARAMETRIC_REPRESENTATION_CONTEXT() REPRESENTATION_CONTEXT('2D SPACE',''
  ) );
#13758 = ORIENTED_EDGE('',*,*,#13759,.F.);
#13759 = EDGE_CURVE('',#13760,#13737,#13762,.T.);
#13760 = VERTEX_POINT('',#13761);
#13761 = CARTESIAN_POINT('',(-2.080078125,-9.676248046875,2.));
#13762 = SURFACE_CURVE('',#13763,(#13767,#13774),.PCURVE_S1.);
#13763 = B_SPLINE_CURVE_WITH_KNOTS('',2,(#13764,#13765,#13766),
  .UNSPECIFIED.,.F.,.F.,(3,3),(0.,1.),.PIECEWISE_BEZIER_KNOTS.);
#13764 = CARTESIAN_POINT('',(-2.080078125,-9.676248046875,2.));
#13765 = CARTESIAN_POINT('',(-2.080078125,-9.373513671875,2.));
#13766 = CARTESIAN_POINT('',(-2.27783203125,-9.17698046875,2.));
#13767 = PCURVE('',#6704,#13768);
#13768 = DEFINITIONAL_REPRESENTATION('',(#13769),#13773);
#13769 = B_SPLINE_CURVE_WITH_KNOTS('',2,(#13770,#13771,#13772),
  .UNSPECIFIED.,.F.,.F.,(3,3),(0.,1.),.PIECEWISE_BEZIER_KNOTS.);
#13770 = CARTESIAN_POINT('',(2.08740234375,1.04736328125));
#13771 = CARTESIAN_POINT('',(2.08740234375,1.35009765625));
#13772 = CARTESIAN_POINT('',(1.8896484375,1.546630859375));
#13773 = ( GEOMETRIC_REPRESENTATION_CONTEXT(2) 
PARAMETRIC_REPRESENTATION_CONTEXT() REPRESENTATION_CONTEXT('2D SPACE',''
  ) );
#13774 = PCURVE('',#13775,#13782);
#13775 = SURFACE_OF_LINEAR_EXTRUSION('',#13776,#13780);
#13776 = B_SPLINE_CURVE_WITH_KNOTS('',2,(#13777,#13778,#13779),
  .UNSPECIFIED.,.F.,.F.,(3,3),(0.,1.),.PIECEWISE_BEZIER_KNOTS.);
#13777 = CARTESIAN_POINT('',(-2.080078125,-9.676248046875,2.));
#13778 = CARTESIAN_POINT('',(-2.080078125,-9.373513671875,2.));
#13779 = CARTESIAN_POINT('',(-2.27783203125,-9.17698046875,2.));
#13780 = VECTOR('',#13781,1.);
#13781 = DIRECTION('',(-0.,-0.,-1.));
#13782 = DEFINITIONAL_REPRESENTATION('',(#13783),#13787);
#13783 = LINE('',#13784,#13785);
#13784 = CARTESIAN_POINT('',(0.,0.));
#13785 = VECTOR('',#13786,1.);
#13786 = DIRECTION('',(1.,0.));
#13787 = ( GEOMETRIC_REPRESENTATION_CONTEXT(2) 
PARAMETRIC_REPRESENTATION_CONTEXT() REPRESENTATION_CONTEXT('2D SPACE',''
  ) );
#13788 = ORIENTED_EDGE('',*,*,#13789,.F.);
#13789 = EDGE_CURVE('',#13790,#13760,#13792,.T.);
#13790 = VERTEX_POINT('',#13791);
#13791 = CARTESIAN_POINT('',(-2.293701171875,-10.20847460937,2.));
#13792 = SURFACE_CURVE('',#13793,(#13797,#13804),.PCURVE_S1.);
#13793 = B_SPLINE_CURVE_WITH_KNOTS('',2,(#13794,#13795,#13796),
  .UNSPECIFIED.,.F.,.F.,(3,3),(0.,1.),.PIECEWISE_BEZIER_KNOTS.);
#13794 = CARTESIAN_POINT('',(-2.293701171875,-10.20847460937,2.));
#13795 = CARTESIAN_POINT('',(-2.080078125,-9.993630859375,2.));
#13796 = CARTESIAN_POINT('',(-2.080078125,-9.676248046875,2.));
#13797 = PCURVE('',#6704,#13798);
#13798 = DEFINITIONAL_REPRESENTATION('',(#13799),#13803);
#13799 = B_SPLINE_CURVE_WITH_KNOTS('',2,(#13800,#13801,#13802),
  .UNSPECIFIED.,.F.,.F.,(3,3),(0.,1.),.PIECEWISE_BEZIER_KNOTS.);
#13800 = CARTESIAN_POINT('',(1.873779296875,0.51513671875));
#13801 = CARTESIAN_POINT('',(2.08740234375,0.72998046875));
#13802 = CARTESIAN_POINT('',(2.08740234375,1.04736328125));
#13803 = ( GEOMETRIC_REPRESENTATION_CONTEXT(2) 
PARAMETRIC_REPRESENTATION_CONTEXT() REPRESENTATION_CONTEXT('2D SPACE',''
  ) );
#13804 = PCURVE('',#13805,#13812);
#13805 = SURFACE_OF_LINEAR_EXTRUSION('',#13806,#13810);
#13806 = B_SPLINE_CURVE_WITH_KNOTS('',2,(#13807,#13808,#13809),
  .UNSPECIFIED.,.F.,.F.,(3,3),(0.,1.),.PIECEWISE_BEZIER_KNOTS.);
#13807 = CARTESIAN_POINT('',(-2.293701171875,-10.20847460937,2.));
#13808 = CARTESIAN_POINT('',(-2.080078125,-9.993630859375,2.));
#13809 = CARTESIAN_POINT('',(-2.080078125,-9.676248046875,2.));
#13810 = VECTOR('',#13811,1.);
#13811 = DIRECTION('',(-0.,-0.,-1.));
#13812 = DEFINITIONAL_REPRESENTATION('',(#13813),#13817);
#13813 = LINE('',#13814,#13815);
#13814 = CARTESIAN_POINT('',(0.,0.));
#13815 = VECTOR('',#13816,1.);
#13816 = DIRECTION('',(1.,0.));
#13817 = ( GEOMETRIC_REPRESENTATION_CONTEXT(2) 
PARAMETRIC_REPRESENTATION_CONTEXT() REPRESENTATION_CONTEXT('2D SPACE',''
  ) );
#13818 = ORIENTED_EDGE('',*,*,#13819,.F.);
#13819 = EDGE_CURVE('',#13820,#13790,#13822,.T.);
#13820 = VERTEX_POINT('',#13821);
#13821 = CARTESIAN_POINT('',(-2.8173828125,-10.42331835937,2.));
#13822 = SURFACE_CURVE('',#13823,(#13827,#13834),.PCURVE_S1.);
#13823 = B_SPLINE_CURVE_WITH_KNOTS('',2,(#13824,#13825,#13826),
  .UNSPECIFIED.,.F.,.F.,(3,3),(0.,1.),.PIECEWISE_BEZIER_KNOTS.);
#13824 = CARTESIAN_POINT('',(-2.8173828125,-10.42331835937,2.));
#13825 = CARTESIAN_POINT('',(-2.50732421875,-10.42331835937,2.));
#13826 = CARTESIAN_POINT('',(-2.293701171875,-10.20847460937,2.));
#13827 = PCURVE('',#6704,#13828);
#13828 = DEFINITIONAL_REPRESENTATION('',(#13829),#13833);
#13829 = B_SPLINE_CURVE_WITH_KNOTS('',2,(#13830,#13831,#13832),
  .UNSPECIFIED.,.F.,.F.,(3,3),(0.,1.),.PIECEWISE_BEZIER_KNOTS.);
#13830 = CARTESIAN_POINT('',(1.35009765625,0.30029296875));
#13831 = CARTESIAN_POINT('',(1.66015625,0.30029296875));
#13832 = CARTESIAN_POINT('',(1.873779296875,0.51513671875));
#13833 = ( GEOMETRIC_REPRESENTATION_CONTEXT(2) 
PARAMETRIC_REPRESENTATION_CONTEXT() REPRESENTATION_CONTEXT('2D SPACE',''
  ) );
#13834 = PCURVE('',#13835,#13842);
#13835 = SURFACE_OF_LINEAR_EXTRUSION('',#13836,#13840);
#13836 = B_SPLINE_CURVE_WITH_KNOTS('',2,(#13837,#13838,#13839),
  .UNSPECIFIED.,.F.,.F.,(3,3),(0.,1.),.PIECEWISE_BEZIER_KNOTS.);
#13837 = CARTESIAN_POINT('',(-2.8173828125,-10.42331835937,2.));
#13838 = CARTESIAN_POINT('',(-2.50732421875,-10.42331835937,2.));
#13839 = CARTESIAN_POINT('',(-2.293701171875,-10.20847460937,2.));
#13840 = VECTOR('',#13841,1.);
#13841 = DIRECTION('',(-0.,-0.,-1.));
#13842 = DEFINITIONAL_REPRESENTATION('',(#13843),#13847);
#13843 = LINE('',#13844,#13845);
#13844 = CARTESIAN_POINT('',(0.,0.));
#13845 = VECTOR('',#13846,1.);
#13846 = DIRECTION('',(1.,0.));
#13847 = ( GEOMETRIC_REPRESENTATION_CONTEXT(2) 
PARAMETRIC_REPRESENTATION_CONTEXT() REPRESENTATION_CONTEXT('2D SPACE',''
  ) );
#13848 = ORIENTED_EDGE('',*,*,#13849,.F.);
#13849 = EDGE_CURVE('',#13850,#13820,#13852,.T.);
#13850 = VERTEX_POINT('',#13851);
#13851 = CARTESIAN_POINT('',(-3.260498046875,-10.2585234375,2.));
#13852 = SURFACE_CURVE('',#13853,(#13857,#13864),.PCURVE_S1.);
#13853 = B_SPLINE_CURVE_WITH_KNOTS('',2,(#13854,#13855,#13856),
  .UNSPECIFIED.,.F.,.F.,(3,3),(0.,1.),.PIECEWISE_BEZIER_KNOTS.);
#13854 = CARTESIAN_POINT('',(-3.260498046875,-10.2585234375,2.));
#13855 = CARTESIAN_POINT('',(-3.07861328125,-10.42331835937,2.));
#13856 = CARTESIAN_POINT('',(-2.8173828125,-10.42331835937,2.));
#13857 = PCURVE('',#6704,#13858);
#13858 = DEFINITIONAL_REPRESENTATION('',(#13859),#13863);
#13859 = B_SPLINE_CURVE_WITH_KNOTS('',2,(#13860,#13861,#13862),
  .UNSPECIFIED.,.F.,.F.,(3,3),(0.,1.),.PIECEWISE_BEZIER_KNOTS.);
#13860 = CARTESIAN_POINT('',(0.906982421875,0.465087890625));
#13861 = CARTESIAN_POINT('',(1.0888671875,0.30029296875));
#13862 = CARTESIAN_POINT('',(1.35009765625,0.30029296875));
#13863 = ( GEOMETRIC_REPRESENTATION_CONTEXT(2) 
PARAMETRIC_REPRESENTATION_CONTEXT() REPRESENTATION_CONTEXT('2D SPACE',''
  ) );
#13864 = PCURVE('',#13865,#13872);
#13865 = SURFACE_OF_LINEAR_EXTRUSION('',#13866,#13870);
#13866 = B_SPLINE_CURVE_WITH_KNOTS('',2,(#13867,#13868,#13869),
  .UNSPECIFIED.,.F.,.F.,(3,3),(0.,1.),.PIECEWISE_BEZIER_KNOTS.);
#13867 = CARTESIAN_POINT('',(-3.260498046875,-10.2585234375,2.));
#13868 = CARTESIAN_POINT('',(-3.07861328125,-10.42331835937,2.));
#13869 = CARTESIAN_POINT('',(-2.8173828125,-10.42331835937,2.));
#13870 = VECTOR('',#13871,1.);
#13871 = DIRECTION('',(-0.,-0.,-1.));
#13872 = DEFINITIONAL_REPRESENTATION('',(#13873),#13877);
#13873 = LINE('',#13874,#13875);
#13874 = CARTESIAN_POINT('',(0.,0.));
#13875 = VECTOR('',#13876,1.);
#13876 = DIRECTION('',(1.,0.));
#13877 = ( GEOMETRIC_REPRESENTATION_CONTEXT(2) 
PARAMETRIC_REPRESENTATION_CONTEXT() REPRESENTATION_CONTEXT('2D SPACE',''
  ) );
#13878 = ORIENTED_EDGE('',*,*,#13879,.F.);
#13879 = EDGE_CURVE('',#13566,#13850,#13880,.T.);
#13880 = SURFACE_CURVE('',#13881,(#13885,#13892),.PCURVE_S1.);
#13881 = B_SPLINE_CURVE_WITH_KNOTS('',2,(#13882,#13883,#13884),
  .UNSPECIFIED.,.F.,.F.,(3,3),(0.,1.),.PIECEWISE_BEZIER_KNOTS.);
#13882 = CARTESIAN_POINT('',(-3.51806640625,-9.720193359375,2.));
#13883 = CARTESIAN_POINT('',(-3.4423828125,-10.09372851562,2.));
#13884 = CARTESIAN_POINT('',(-3.260498046875,-10.2585234375,2.));
#13885 = PCURVE('',#6704,#13886);
#13886 = DEFINITIONAL_REPRESENTATION('',(#13887),#13891);
#13887 = B_SPLINE_CURVE_WITH_KNOTS('',2,(#13888,#13889,#13890),
  .UNSPECIFIED.,.F.,.F.,(3,3),(0.,1.),.PIECEWISE_BEZIER_KNOTS.);
#13888 = CARTESIAN_POINT('',(0.6494140625,1.00341796875));
#13889 = CARTESIAN_POINT('',(0.72509765625,0.6298828125));
#13890 = CARTESIAN_POINT('',(0.906982421875,0.465087890625));
#13891 = ( GEOMETRIC_REPRESENTATION_CONTEXT(2) 
PARAMETRIC_REPRESENTATION_CONTEXT() REPRESENTATION_CONTEXT('2D SPACE',''
  ) );
#13892 = PCURVE('',#13893,#13900);
#13893 = SURFACE_OF_LINEAR_EXTRUSION('',#13894,#13898);
#13894 = B_SPLINE_CURVE_WITH_KNOTS('',2,(#13895,#13896,#13897),
  .UNSPECIFIED.,.F.,.F.,(3,3),(0.,1.),.PIECEWISE_BEZIER_KNOTS.);
#13895 = CARTESIAN_POINT('',(-3.51806640625,-9.720193359375,2.));
#13896 = CARTESIAN_POINT('',(-3.4423828125,-10.09372851562,2.));
#13897 = CARTESIAN_POINT('',(-3.260498046875,-10.2585234375,2.));
#13898 = VECTOR('',#13899,1.);
#13899 = DIRECTION('',(-0.,-0.,-1.));
#13900 = DEFINITIONAL_REPRESENTATION('',(#13901),#13905);
#13901 = LINE('',#13902,#13903);
#13902 = CARTESIAN_POINT('',(0.,0.));
#13903 = VECTOR('',#13904,1.);
#13904 = DIRECTION('',(1.,0.));
#13905 = ( GEOMETRIC_REPRESENTATION_CONTEXT(2) 
PARAMETRIC_REPRESENTATION_CONTEXT() REPRESENTATION_CONTEXT('2D SPACE',''
  ) );
#13906 = ADVANCED_FACE('',(#13907),#6676,.F.);
#13907 = FACE_BOUND('',#13908,.F.);
#13908 = EDGE_LOOP('',(#13909,#13939,#13969,#13990,#13991,#13992,#13993,
    #14016,#14046,#14076,#14104));
#13909 = ORIENTED_EDGE('',*,*,#13910,.F.);
#13910 = EDGE_CURVE('',#13911,#13913,#13915,.T.);
#13911 = VERTEX_POINT('',#13912);
#13912 = CARTESIAN_POINT('',(-0.625,-10.30124804687,2.));
#13913 = VERTEX_POINT('',#13914);
#13914 = CARTESIAN_POINT('',(1.13037109375,-10.30124804687,2.));
#13915 = SURFACE_CURVE('',#13916,(#13920,#13927),.PCURVE_S1.);
#13916 = LINE('',#13917,#13918);
#13917 = CARTESIAN_POINT('',(-0.625,-10.30124804687,2.));
#13918 = VECTOR('',#13919,1.);
#13919 = DIRECTION('',(1.,0.,0.));
#13920 = PCURVE('',#6676,#13921);
#13921 = DEFINITIONAL_REPRESENTATION('',(#13922),#13926);
#13922 = LINE('',#13923,#13924);
#13923 = CARTESIAN_POINT('',(0.76171875,0.42236328125));
#13924 = VECTOR('',#13925,1.);
#13925 = DIRECTION('',(1.,0.));
#13926 = ( GEOMETRIC_REPRESENTATION_CONTEXT(2) 
PARAMETRIC_REPRESENTATION_CONTEXT() REPRESENTATION_CONTEXT('2D SPACE',''
  ) );
#13927 = PCURVE('',#13928,#13933);
#13928 = PLANE('',#13929);
#13929 = AXIS2_PLACEMENT_3D('',#13930,#13931,#13932);
#13930 = CARTESIAN_POINT('',(-0.625,-10.30124804687,2.));
#13931 = DIRECTION('',(0.,1.,0.));
#13932 = DIRECTION('',(1.,0.,0.));
#13933 = DEFINITIONAL_REPRESENTATION('',(#13934),#13938);
#13934 = LINE('',#13935,#13936);
#13935 = CARTESIAN_POINT('',(0.,0.));
#13936 = VECTOR('',#13937,1.);
#13937 = DIRECTION('',(1.,0.));
#13938 = ( GEOMETRIC_REPRESENTATION_CONTEXT(2) 
PARAMETRIC_REPRESENTATION_CONTEXT() REPRESENTATION_CONTEXT('2D SPACE',''
  ) );
#13939 = ORIENTED_EDGE('',*,*,#13940,.F.);
#13940 = EDGE_CURVE('',#13941,#13911,#13943,.T.);
#13941 = VERTEX_POINT('',#13942);
#13942 = CARTESIAN_POINT('',(-0.439453125,-10.0632109375,2.));
#13943 = SURFACE_CURVE('',#13944,(#13948,#13955),.PCURVE_S1.);
#13944 = B_SPLINE_CURVE_WITH_KNOTS('',2,(#13945,#13946,#13947),
  .UNSPECIFIED.,.F.,.F.,(3,3),(0.,1.),.PIECEWISE_BEZIER_KNOTS.);
#13945 = CARTESIAN_POINT('',(-0.439453125,-10.0632109375,2.));
#13946 = CARTESIAN_POINT('',(-0.5517578125,-10.18161914062,2.));
#13947 = CARTESIAN_POINT('',(-0.625,-10.30124804687,2.));
#13948 = PCURVE('',#6676,#13949);
#13949 = DEFINITIONAL_REPRESENTATION('',(#13950),#13954);
#13950 = B_SPLINE_CURVE_WITH_KNOTS('',2,(#13951,#13952,#13953),
  .UNSPECIFIED.,.F.,.F.,(3,3),(0.,1.),.PIECEWISE_BEZIER_KNOTS.);
#13951 = CARTESIAN_POINT('',(0.947265625,0.660400390625));
#13952 = CARTESIAN_POINT('',(0.8349609375,0.5419921875));
#13953 = CARTESIAN_POINT('',(0.76171875,0.42236328125));
#13954 = ( GEOMETRIC_REPRESENTATION_CONTEXT(2) 
PARAMETRIC_REPRESENTATION_CONTEXT() REPRESENTATION_CONTEXT('2D SPACE',''
  ) );
#13955 = PCURVE('',#13956,#13963);
#13956 = SURFACE_OF_LINEAR_EXTRUSION('',#13957,#13961);
#13957 = B_SPLINE_CURVE_WITH_KNOTS('',2,(#13958,#13959,#13960),
  .UNSPECIFIED.,.F.,.F.,(3,3),(0.,1.),.PIECEWISE_BEZIER_KNOTS.);
#13958 = CARTESIAN_POINT('',(-0.439453125,-10.0632109375,2.));
#13959 = CARTESIAN_POINT('',(-0.5517578125,-10.18161914062,2.));
#13960 = CARTESIAN_POINT('',(-0.625,-10.30124804687,2.));
#13961 = VECTOR('',#13962,1.);
#13962 = DIRECTION('',(-0.,-0.,-1.));
#13963 = DEFINITIONAL_REPRESENTATION('',(#13964),#13968);
#13964 = LINE('',#13965,#13966);
#13965 = CARTESIAN_POINT('',(0.,0.));
#13966 = VECTOR('',#13967,1.);
#13967 = DIRECTION('',(1.,0.));
#13968 = ( GEOMETRIC_REPRESENTATION_CONTEXT(2) 
PARAMETRIC_REPRESENTATION_CONTEXT() REPRESENTATION_CONTEXT('2D SPACE',''
  ) );
#13969 = ORIENTED_EDGE('',*,*,#13970,.F.);
#13970 = EDGE_CURVE('',#7627,#13941,#13971,.T.);
#13971 = SURFACE_CURVE('',#13972,(#13976,#13983),.PCURVE_S1.);
#13972 = B_SPLINE_CURVE_WITH_KNOTS('',2,(#13973,#13974,#13975),
  .UNSPECIFIED.,.F.,.F.,(3,3),(0.,1.),.PIECEWISE_BEZIER_KNOTS.);
#13973 = CARTESIAN_POINT('',(6.8359375E-02,-9.612771484375,2.));
#13974 = CARTESIAN_POINT('',(-0.3271484375,-9.944802734375,2.));
#13975 = CARTESIAN_POINT('',(-0.439453125,-10.0632109375,2.));
#13976 = PCURVE('',#6676,#13977);
#13977 = DEFINITIONAL_REPRESENTATION('',(#13978),#13982);
#13978 = B_SPLINE_CURVE_WITH_KNOTS('',2,(#13979,#13980,#13981),
  .UNSPECIFIED.,.F.,.F.,(3,3),(0.,1.),.PIECEWISE_BEZIER_KNOTS.);
#13979 = CARTESIAN_POINT('',(1.455078125,1.11083984375));
#13980 = CARTESIAN_POINT('',(1.0595703125,0.77880859375));
#13981 = CARTESIAN_POINT('',(0.947265625,0.660400390625));
#13982 = ( GEOMETRIC_REPRESENTATION_CONTEXT(2) 
PARAMETRIC_REPRESENTATION_CONTEXT() REPRESENTATION_CONTEXT('2D SPACE',''
  ) );
#13983 = PCURVE('',#7642,#13984);
#13984 = DEFINITIONAL_REPRESENTATION('',(#13985),#13989);
#13985 = LINE('',#13986,#13987);
#13986 = CARTESIAN_POINT('',(0.,0.));
#13987 = VECTOR('',#13988,1.);
#13988 = DIRECTION('',(1.,0.));
#13989 = ( GEOMETRIC_REPRESENTATION_CONTEXT(2) 
PARAMETRIC_REPRESENTATION_CONTEXT() REPRESENTATION_CONTEXT('2D SPACE',''
  ) );
#13990 = ORIENTED_EDGE('',*,*,#7656,.F.);
#13991 = ORIENTED_EDGE('',*,*,#6663,.F.);
#13992 = ORIENTED_EDGE('',*,*,#8324,.F.);
#13993 = ORIENTED_EDGE('',*,*,#13994,.F.);
#13994 = EDGE_CURVE('',#13995,#8270,#13997,.T.);
#13995 = VERTEX_POINT('',#13996);
#13996 = CARTESIAN_POINT('',(-0.894775390625,-9.942361328125,2.));
#13997 = SURFACE_CURVE('',#13998,(#14002,#14009),.PCURVE_S1.);
#13998 = B_SPLINE_CURVE_WITH_KNOTS('',2,(#13999,#14000,#14001),
  .UNSPECIFIED.,.F.,.F.,(3,3),(0.,1.),.PIECEWISE_BEZIER_KNOTS.);
#13999 = CARTESIAN_POINT('',(-0.894775390625,-9.942361328125,2.));
#14000 = CARTESIAN_POINT('',(-0.69580078125,-9.707986328125,2.));
#14001 = CARTESIAN_POINT('',(-0.31982421875,-9.400369140625,2.));
#14002 = PCURVE('',#6676,#14003);
#14003 = DEFINITIONAL_REPRESENTATION('',(#14004),#14008);
#14004 = B_SPLINE_CURVE_WITH_KNOTS('',2,(#14005,#14006,#14007),
  .UNSPECIFIED.,.F.,.F.,(3,3),(0.,1.),.PIECEWISE_BEZIER_KNOTS.);
#14005 = CARTESIAN_POINT('',(0.491943359375,0.78125));
#14006 = CARTESIAN_POINT('',(0.69091796875,1.015625));
#14007 = CARTESIAN_POINT('',(1.06689453125,1.3232421875));
#14008 = ( GEOMETRIC_REPRESENTATION_CONTEXT(2) 
PARAMETRIC_REPRESENTATION_CONTEXT() REPRESENTATION_CONTEXT('2D SPACE',''
  ) );
#14009 = PCURVE('',#8287,#14010);
#14010 = DEFINITIONAL_REPRESENTATION('',(#14011),#14015);
#14011 = LINE('',#14012,#14013);
#14012 = CARTESIAN_POINT('',(0.,0.));
#14013 = VECTOR('',#14014,1.);
#14014 = DIRECTION('',(1.,0.));
#14015 = ( GEOMETRIC_REPRESENTATION_CONTEXT(2) 
PARAMETRIC_REPRESENTATION_CONTEXT() REPRESENTATION_CONTEXT('2D SPACE',''
  ) );
#14016 = ORIENTED_EDGE('',*,*,#14017,.F.);
#14017 = EDGE_CURVE('',#14018,#13995,#14020,.T.);
#14018 = VERTEX_POINT('',#14019);
#14019 = CARTESIAN_POINT('',(-1.18408203125,-10.41843554687,2.));
#14020 = SURFACE_CURVE('',#14021,(#14025,#14032),.PCURVE_S1.);
#14021 = B_SPLINE_CURVE_WITH_KNOTS('',2,(#14022,#14023,#14024),
  .UNSPECIFIED.,.F.,.F.,(3,3),(0.,1.),.PIECEWISE_BEZIER_KNOTS.);
#14022 = CARTESIAN_POINT('',(-1.18408203125,-10.41843554687,2.));
#14023 = CARTESIAN_POINT('',(-1.09375,-10.17673632812,2.));
#14024 = CARTESIAN_POINT('',(-0.894775390625,-9.942361328125,2.));
#14025 = PCURVE('',#6676,#14026);
#14026 = DEFINITIONAL_REPRESENTATION('',(#14027),#14031);
#14027 = B_SPLINE_CURVE_WITH_KNOTS('',2,(#14028,#14029,#14030),
  .UNSPECIFIED.,.F.,.F.,(3,3),(0.,1.),.PIECEWISE_BEZIER_KNOTS.);
#14028 = CARTESIAN_POINT('',(0.20263671875,0.30517578125));
#14029 = CARTESIAN_POINT('',(0.29296875,0.546875));
#14030 = CARTESIAN_POINT('',(0.491943359375,0.78125));
#14031 = ( GEOMETRIC_REPRESENTATION_CONTEXT(2) 
PARAMETRIC_REPRESENTATION_CONTEXT() REPRESENTATION_CONTEXT('2D SPACE',''
  ) );
#14032 = PCURVE('',#14033,#14040);
#14033 = SURFACE_OF_LINEAR_EXTRUSION('',#14034,#14038);
#14034 = B_SPLINE_CURVE_WITH_KNOTS('',2,(#14035,#14036,#14037),
  .UNSPECIFIED.,.F.,.F.,(3,3),(0.,1.),.PIECEWISE_BEZIER_KNOTS.);
#14035 = CARTESIAN_POINT('',(-1.18408203125,-10.41843554687,2.));
#14036 = CARTESIAN_POINT('',(-1.09375,-10.17673632812,2.));
#14037 = CARTESIAN_POINT('',(-0.894775390625,-9.942361328125,2.));
#14038 = VECTOR('',#14039,1.);
#14039 = DIRECTION('',(-0.,-0.,-1.));
#14040 = DEFINITIONAL_REPRESENTATION('',(#14041),#14045);
#14041 = LINE('',#14042,#14043);
#14042 = CARTESIAN_POINT('',(0.,0.));
#14043 = VECTOR('',#14044,1.);
#14044 = DIRECTION('',(1.,0.));
#14045 = ( GEOMETRIC_REPRESENTATION_CONTEXT(2) 
PARAMETRIC_REPRESENTATION_CONTEXT() REPRESENTATION_CONTEXT('2D SPACE',''
  ) );
#14046 = ORIENTED_EDGE('',*,*,#14047,.F.);
#14047 = EDGE_CURVE('',#14048,#14018,#14050,.T.);
#14048 = VERTEX_POINT('',#14049);
#14049 = CARTESIAN_POINT('',(-1.2353515625,-10.72361132812,2.));
#14050 = SURFACE_CURVE('',#14051,(#14055,#14062),.PCURVE_S1.);
#14051 = B_SPLINE_CURVE_WITH_KNOTS('',2,(#14052,#14053,#14054),
  .UNSPECIFIED.,.F.,.F.,(3,3),(0.,1.),.PIECEWISE_BEZIER_KNOTS.);
#14052 = CARTESIAN_POINT('',(-1.2353515625,-10.72361132812,2.));
#14053 = CARTESIAN_POINT('',(-1.240234375,-10.56491992187,2.));
#14054 = CARTESIAN_POINT('',(-1.18408203125,-10.41843554687,2.));
#14055 = PCURVE('',#6676,#14056);
#14056 = DEFINITIONAL_REPRESENTATION('',(#14057),#14061);
#14057 = B_SPLINE_CURVE_WITH_KNOTS('',2,(#14058,#14059,#14060),
  .UNSPECIFIED.,.F.,.F.,(3,3),(0.,1.),.PIECEWISE_BEZIER_KNOTS.);
#14058 = CARTESIAN_POINT('',(0.1513671875,0.));
#14059 = CARTESIAN_POINT('',(0.146484375,0.15869140625));
#14060 = CARTESIAN_POINT('',(0.20263671875,0.30517578125));
#14061 = ( GEOMETRIC_REPRESENTATION_CONTEXT(2) 
PARAMETRIC_REPRESENTATION_CONTEXT() REPRESENTATION_CONTEXT('2D SPACE',''
  ) );
#14062 = PCURVE('',#14063,#14070);
#14063 = SURFACE_OF_LINEAR_EXTRUSION('',#14064,#14068);
#14064 = B_SPLINE_CURVE_WITH_KNOTS('',2,(#14065,#14066,#14067),
  .UNSPECIFIED.,.F.,.F.,(3,3),(0.,1.),.PIECEWISE_BEZIER_KNOTS.);
#14065 = CARTESIAN_POINT('',(-1.2353515625,-10.72361132812,2.));
#14066 = CARTESIAN_POINT('',(-1.240234375,-10.56491992187,2.));
#14067 = CARTESIAN_POINT('',(-1.18408203125,-10.41843554687,2.));
#14068 = VECTOR('',#14069,1.);
#14069 = DIRECTION('',(-0.,-0.,-1.));
#14070 = DEFINITIONAL_REPRESENTATION('',(#14071),#14075);
#14071 = LINE('',#14072,#14073);
#14072 = CARTESIAN_POINT('',(0.,0.));
#14073 = VECTOR('',#14074,1.);
#14074 = DIRECTION('',(1.,0.));
#14075 = ( GEOMETRIC_REPRESENTATION_CONTEXT(2) 
PARAMETRIC_REPRESENTATION_CONTEXT() REPRESENTATION_CONTEXT('2D SPACE',''
  ) );
#14076 = ORIENTED_EDGE('',*,*,#14077,.F.);
#14077 = EDGE_CURVE('',#14078,#14048,#14080,.T.);
#14078 = VERTEX_POINT('',#14079);
#14079 = CARTESIAN_POINT('',(1.13037109375,-10.72361132812,2.));
#14080 = SURFACE_CURVE('',#14081,(#14085,#14092),.PCURVE_S1.);
#14081 = LINE('',#14082,#14083);
#14082 = CARTESIAN_POINT('',(1.13037109375,-10.72361132812,2.));
#14083 = VECTOR('',#14084,1.);
#14084 = DIRECTION('',(-1.,0.,0.));
#14085 = PCURVE('',#6676,#14086);
#14086 = DEFINITIONAL_REPRESENTATION('',(#14087),#14091);
#14087 = LINE('',#14088,#14089);
#14088 = CARTESIAN_POINT('',(2.51708984375,0.));
#14089 = VECTOR('',#14090,1.);
#14090 = DIRECTION('',(-1.,0.));
#14091 = ( GEOMETRIC_REPRESENTATION_CONTEXT(2) 
PARAMETRIC_REPRESENTATION_CONTEXT() REPRESENTATION_CONTEXT('2D SPACE',''
  ) );
#14092 = PCURVE('',#14093,#14098);
#14093 = PLANE('',#14094);
#14094 = AXIS2_PLACEMENT_3D('',#14095,#14096,#14097);
#14095 = CARTESIAN_POINT('',(1.13037109375,-10.72361132812,2.));
#14096 = DIRECTION('',(0.,-1.,0.));
#14097 = DIRECTION('',(-1.,0.,0.));
#14098 = DEFINITIONAL_REPRESENTATION('',(#14099),#14103);
#14099 = LINE('',#14100,#14101);
#14100 = CARTESIAN_POINT('',(0.,-0.));
#14101 = VECTOR('',#14102,1.);
#14102 = DIRECTION('',(1.,0.));
#14103 = ( GEOMETRIC_REPRESENTATION_CONTEXT(2) 
PARAMETRIC_REPRESENTATION_CONTEXT() REPRESENTATION_CONTEXT('2D SPACE',''
  ) );
#14104 = ORIENTED_EDGE('',*,*,#14105,.F.);
#14105 = EDGE_CURVE('',#13913,#14078,#14106,.T.);
#14106 = SURFACE_CURVE('',#14107,(#14111,#14118),.PCURVE_S1.);
#14107 = LINE('',#14108,#14109);
#14108 = CARTESIAN_POINT('',(1.13037109375,-10.30124804687,2.));
#14109 = VECTOR('',#14110,1.);
#14110 = DIRECTION('',(0.,-1.,0.));
#14111 = PCURVE('',#6676,#14112);
#14112 = DEFINITIONAL_REPRESENTATION('',(#14113),#14117);
#14113 = LINE('',#14114,#14115);
#14114 = CARTESIAN_POINT('',(2.51708984375,0.42236328125));
#14115 = VECTOR('',#14116,1.);
#14116 = DIRECTION('',(0.,-1.));
#14117 = ( GEOMETRIC_REPRESENTATION_CONTEXT(2) 
PARAMETRIC_REPRESENTATION_CONTEXT() REPRESENTATION_CONTEXT('2D SPACE',''
  ) );
#14118 = PCURVE('',#14119,#14124);
#14119 = PLANE('',#14120);
#14120 = AXIS2_PLACEMENT_3D('',#14121,#14122,#14123);
#14121 = CARTESIAN_POINT('',(1.13037109375,-10.30124804687,2.));
#14122 = DIRECTION('',(1.,0.,0.));
#14123 = DIRECTION('',(0.,-1.,0.));
#14124 = DEFINITIONAL_REPRESENTATION('',(#14125),#14129);
#14125 = LINE('',#14126,#14127);
#14126 = CARTESIAN_POINT('',(0.,0.));
#14127 = VECTOR('',#14128,1.);
#14128 = DIRECTION('',(1.,0.));
#14129 = ( GEOMETRIC_REPRESENTATION_CONTEXT(2) 
PARAMETRIC_REPRESENTATION_CONTEXT() REPRESENTATION_CONTEXT('2D SPACE',''
  ) );
#14130 = ADVANCED_FACE('',(#14131),#6629,.F.);
#14131 = FACE_BOUND('',#14132,.F.);
#14132 = EDGE_LOOP('',(#14133,#14156,#14182,#14183,#14184,#14207,#14228,
    #14229,#14230));
#14133 = ORIENTED_EDGE('',*,*,#14134,.F.);
#14134 = EDGE_CURVE('',#14135,#7499,#14137,.T.);
#14135 = VERTEX_POINT('',#14136);
#14136 = CARTESIAN_POINT('',(4.27734375,-10.72361132812,2.));
#14137 = SURFACE_CURVE('',#14138,(#14142,#14149),.PCURVE_S1.);
#14138 = LINE('',#14139,#14140);
#14139 = CARTESIAN_POINT('',(4.27734375,-10.72361132812,2.));
#14140 = VECTOR('',#14141,1.);
#14141 = DIRECTION('',(-1.,0.,0.));
#14142 = PCURVE('',#6629,#14143);
#14143 = DEFINITIONAL_REPRESENTATION('',(#14144),#14148);
#14144 = LINE('',#14145,#14146);
#14145 = CARTESIAN_POINT('',(1.494140625,0.));
#14146 = VECTOR('',#14147,1.);
#14147 = DIRECTION('',(-1.,0.));
#14148 = ( GEOMETRIC_REPRESENTATION_CONTEXT(2) 
PARAMETRIC_REPRESENTATION_CONTEXT() REPRESENTATION_CONTEXT('2D SPACE',''
  ) );
#14149 = PCURVE('',#7516,#14150);
#14150 = DEFINITIONAL_REPRESENTATION('',(#14151),#14155);
#14151 = LINE('',#14152,#14153);
#14152 = CARTESIAN_POINT('',(0.,-0.));
#14153 = VECTOR('',#14154,1.);
#14154 = DIRECTION('',(1.,0.));
#14155 = ( GEOMETRIC_REPRESENTATION_CONTEXT(2) 
PARAMETRIC_REPRESENTATION_CONTEXT() REPRESENTATION_CONTEXT('2D SPACE',''
  ) );
#14156 = ORIENTED_EDGE('',*,*,#14157,.F.);
#14157 = EDGE_CURVE('',#6591,#14135,#14158,.T.);
#14158 = SURFACE_CURVE('',#14159,(#14163,#14170),.PCURVE_S1.);
#14159 = LINE('',#14160,#14161);
#14160 = CARTESIAN_POINT('',(5.03662109375,-7.996560546875,2.));
#14161 = VECTOR('',#14162,1.);
#14162 = DIRECTION('',(-0.268222077464,-0.963357107806,0.));
#14163 = PCURVE('',#6629,#14164);
#14164 = DEFINITIONAL_REPRESENTATION('',(#14165),#14169);
#14165 = LINE('',#14166,#14167);
#14166 = CARTESIAN_POINT('',(2.25341796875,2.72705078125));
#14167 = VECTOR('',#14168,1.);
#14168 = DIRECTION('',(-0.268222077464,-0.963357107806));
#14169 = ( GEOMETRIC_REPRESENTATION_CONTEXT(2) 
PARAMETRIC_REPRESENTATION_CONTEXT() REPRESENTATION_CONTEXT('2D SPACE',''
  ) );
#14170 = PCURVE('',#14171,#14176);
#14171 = PLANE('',#14172);
#14172 = AXIS2_PLACEMENT_3D('',#14173,#14174,#14175);
#14173 = CARTESIAN_POINT('',(5.03662109375,-7.996560546875,2.));
#14174 = DIRECTION('',(0.963357107806,-0.268222077464,0.));
#14175 = DIRECTION('',(-0.268222077464,-0.963357107806,0.));
#14176 = DEFINITIONAL_REPRESENTATION('',(#14177),#14181);
#14177 = LINE('',#14178,#14179);
#14178 = CARTESIAN_POINT('',(0.,0.));
#14179 = VECTOR('',#14180,1.);
#14180 = DIRECTION('',(1.,0.));
#14181 = ( GEOMETRIC_REPRESENTATION_CONTEXT(2) 
PARAMETRIC_REPRESENTATION_CONTEXT() REPRESENTATION_CONTEXT('2D SPACE',''
  ) );
#14182 = ORIENTED_EDGE('',*,*,#6616,.F.);
#14183 = ORIENTED_EDGE('',*,*,#7324,.F.);
#14184 = ORIENTED_EDGE('',*,*,#14185,.F.);
#14185 = EDGE_CURVE('',#14186,#7270,#14188,.T.);
#14186 = VERTEX_POINT('',#14187);
#14187 = CARTESIAN_POINT('',(4.02587890625,-10.22312304687,2.));
#14188 = SURFACE_CURVE('',#14189,(#14193,#14200),.PCURVE_S1.);
#14189 = B_SPLINE_CURVE_WITH_KNOTS('',2,(#14190,#14191,#14192),
  .UNSPECIFIED.,.F.,.F.,(3,3),(0.,1.),.PIECEWISE_BEZIER_KNOTS.);
#14190 = CARTESIAN_POINT('',(4.02587890625,-10.22312304687,2.));
#14191 = CARTESIAN_POINT('',(4.16259765625,-9.649392578125,2.));
#14192 = CARTESIAN_POINT('',(4.18701171875,-9.561501953125,2.));
#14193 = PCURVE('',#6629,#14194);
#14194 = DEFINITIONAL_REPRESENTATION('',(#14195),#14199);
#14195 = B_SPLINE_CURVE_WITH_KNOTS('',2,(#14196,#14197,#14198),
  .UNSPECIFIED.,.F.,.F.,(3,3),(0.,1.),.PIECEWISE_BEZIER_KNOTS.);
#14196 = CARTESIAN_POINT('',(1.24267578125,0.50048828125));
#14197 = CARTESIAN_POINT('',(1.37939453125,1.07421875));
#14198 = CARTESIAN_POINT('',(1.40380859375,1.162109375));
#14199 = ( GEOMETRIC_REPRESENTATION_CONTEXT(2) 
PARAMETRIC_REPRESENTATION_CONTEXT() REPRESENTATION_CONTEXT('2D SPACE',''
  ) );
#14200 = PCURVE('',#7287,#14201);
#14201 = DEFINITIONAL_REPRESENTATION('',(#14202),#14206);
#14202 = LINE('',#14203,#14204);
#14203 = CARTESIAN_POINT('',(0.,0.));
#14204 = VECTOR('',#14205,1.);
#14205 = DIRECTION('',(1.,0.));
#14206 = ( GEOMETRIC_REPRESENTATION_CONTEXT(2) 
PARAMETRIC_REPRESENTATION_CONTEXT() REPRESENTATION_CONTEXT('2D SPACE',''
  ) );
#14207 = ORIENTED_EDGE('',*,*,#14208,.F.);
#14208 = EDGE_CURVE('',#7395,#14186,#14209,.T.);
#14209 = SURFACE_CURVE('',#14210,(#14214,#14221),.PCURVE_S1.);
#14210 = B_SPLINE_CURVE_WITH_KNOTS('',2,(#14211,#14212,#14213),
  .UNSPECIFIED.,.F.,.F.,(3,3),(0.,1.),.PIECEWISE_BEZIER_KNOTS.);
#14211 = CARTESIAN_POINT('',(3.87451171875,-9.490701171875,2.));
#14212 = CARTESIAN_POINT('',(3.96240234375,-9.859353515625,2.));
#14213 = CARTESIAN_POINT('',(4.02587890625,-10.22312304687,2.));
#14214 = PCURVE('',#6629,#14215);
#14215 = DEFINITIONAL_REPRESENTATION('',(#14216),#14220);
#14216 = B_SPLINE_CURVE_WITH_KNOTS('',2,(#14217,#14218,#14219),
  .UNSPECIFIED.,.F.,.F.,(3,3),(0.,1.),.PIECEWISE_BEZIER_KNOTS.);
#14217 = CARTESIAN_POINT('',(1.09130859375,1.23291015625));
#14218 = CARTESIAN_POINT('',(1.17919921875,0.8642578125));
#14219 = CARTESIAN_POINT('',(1.24267578125,0.50048828125));
#14220 = ( GEOMETRIC_REPRESENTATION_CONTEXT(2) 
PARAMETRIC_REPRESENTATION_CONTEXT() REPRESENTATION_CONTEXT('2D SPACE',''
  ) );
#14221 = PCURVE('',#7410,#14222);
#14222 = DEFINITIONAL_REPRESENTATION('',(#14223),#14227);
#14223 = LINE('',#14224,#14225);
#14224 = CARTESIAN_POINT('',(0.,0.));
#14225 = VECTOR('',#14226,1.);
#14226 = DIRECTION('',(1.,0.));
#14227 = ( GEOMETRIC_REPRESENTATION_CONTEXT(2) 
PARAMETRIC_REPRESENTATION_CONTEXT() REPRESENTATION_CONTEXT('2D SPACE',''
  ) );
#14228 = ORIENTED_EDGE('',*,*,#7424,.F.);
#14229 = ORIENTED_EDGE('',*,*,#6642,.F.);
#14230 = ORIENTED_EDGE('',*,*,#7551,.F.);
#14231 = ADVANCED_FACE('',(#14232),#6605,.T.);
#14232 = FACE_BOUND('',#14233,.T.);
#14233 = EDGE_LOOP('',(#14234,#14235,#14263,#14293,#14323));
#14234 = ORIENTED_EDGE('',*,*,#6590,.T.);
#14235 = ORIENTED_EDGE('',*,*,#14236,.T.);
#14236 = EDGE_CURVE('',#6569,#14237,#14239,.T.);
#14237 = VERTEX_POINT('',#14238);
#14238 = CARTESIAN_POINT('',(5.25390625,-7.996560546875,2.));
#14239 = SURFACE_CURVE('',#14240,(#14244,#14251),.PCURVE_S1.);
#14240 = LINE('',#14241,#14242);
#14241 = CARTESIAN_POINT('',(6.00830078125,-10.72361132812,2.));
#14242 = VECTOR('',#14243,1.);
#14243 = DIRECTION('',(-0.26662016192,0.963801685648,0.));
#14244 = PCURVE('',#6605,#14245);
#14245 = DEFINITIONAL_REPRESENTATION('',(#14246),#14250);
#14246 = LINE('',#14247,#14248);
#14247 = CARTESIAN_POINT('',(6.00830078125,-10.72361132812));
#14248 = VECTOR('',#14249,1.);
#14249 = DIRECTION('',(-0.26662016192,0.963801685648));
#14250 = ( GEOMETRIC_REPRESENTATION_CONTEXT(2) 
PARAMETRIC_REPRESENTATION_CONTEXT() REPRESENTATION_CONTEXT('2D SPACE',''
  ) );
#14251 = PCURVE('',#14252,#14257);
#14252 = PLANE('',#14253);
#14253 = AXIS2_PLACEMENT_3D('',#14254,#14255,#14256);
#14254 = CARTESIAN_POINT('',(6.00830078125,-10.72361132812,2.));
#14255 = DIRECTION('',(-0.963801685648,-0.26662016192,0.));
#14256 = DIRECTION('',(-0.26662016192,0.963801685648,0.));
#14257 = DEFINITIONAL_REPRESENTATION('',(#14258),#14262);
#14258 = LINE('',#14259,#14260);
#14259 = CARTESIAN_POINT('',(0.,0.));
#14260 = VECTOR('',#14261,1.);
#14261 = DIRECTION('',(1.,0.));
#14262 = ( GEOMETRIC_REPRESENTATION_CONTEXT(2) 
PARAMETRIC_REPRESENTATION_CONTEXT() REPRESENTATION_CONTEXT('2D SPACE',''
  ) );
#14263 = ORIENTED_EDGE('',*,*,#14264,.T.);
#14264 = EDGE_CURVE('',#14237,#14265,#14267,.T.);
#14265 = VERTEX_POINT('',#14266);
#14266 = CARTESIAN_POINT('',(5.1416015625,-7.576638671875,2.));
#14267 = SURFACE_CURVE('',#14268,(#14272,#14279),.PCURVE_S1.);
#14268 = B_SPLINE_CURVE_WITH_KNOTS('',2,(#14269,#14270,#14271),
  .UNSPECIFIED.,.F.,.F.,(3,3),(0.,1.),.PIECEWISE_BEZIER_KNOTS.);
#14269 = CARTESIAN_POINT('',(5.25390625,-7.996560546875,2.));
#14270 = CARTESIAN_POINT('',(5.15869140625,-7.654763671875,2.));
#14271 = CARTESIAN_POINT('',(5.1416015625,-7.576638671875,2.));
#14272 = PCURVE('',#6605,#14273);
#14273 = DEFINITIONAL_REPRESENTATION('',(#14274),#14278);
#14274 = B_SPLINE_CURVE_WITH_KNOTS('',2,(#14275,#14276,#14277),
  .UNSPECIFIED.,.F.,.F.,(3,3),(0.,1.),.PIECEWISE_BEZIER_KNOTS.);
#14275 = CARTESIAN_POINT('',(5.25390625,-7.996560546875));
#14276 = CARTESIAN_POINT('',(5.15869140625,-7.654763671875));
#14277 = CARTESIAN_POINT('',(5.1416015625,-7.576638671875));
#14278 = ( GEOMETRIC_REPRESENTATION_CONTEXT(2) 
PARAMETRIC_REPRESENTATION_CONTEXT() REPRESENTATION_CONTEXT('2D SPACE',''
  ) );
#14279 = PCURVE('',#14280,#14287);
#14280 = SURFACE_OF_LINEAR_EXTRUSION('',#14281,#14285);
#14281 = B_SPLINE_CURVE_WITH_KNOTS('',2,(#14282,#14283,#14284),
  .UNSPECIFIED.,.F.,.F.,(3,3),(0.,1.),.PIECEWISE_BEZIER_KNOTS.);
#14282 = CARTESIAN_POINT('',(5.25390625,-7.996560546875,2.));
#14283 = CARTESIAN_POINT('',(5.15869140625,-7.654763671875,2.));
#14284 = CARTESIAN_POINT('',(5.1416015625,-7.576638671875,2.));
#14285 = VECTOR('',#14286,1.);
#14286 = DIRECTION('',(-0.,-0.,-1.));
#14287 = DEFINITIONAL_REPRESENTATION('',(#14288),#14292);
#14288 = LINE('',#14289,#14290);
#14289 = CARTESIAN_POINT('',(0.,0.));
#14290 = VECTOR('',#14291,1.);
#14291 = DIRECTION('',(1.,0.));
#14292 = ( GEOMETRIC_REPRESENTATION_CONTEXT(2) 
PARAMETRIC_REPRESENTATION_CONTEXT() REPRESENTATION_CONTEXT('2D SPACE',''
  ) );
#14293 = ORIENTED_EDGE('',*,*,#14294,.T.);
#14294 = EDGE_CURVE('',#14265,#14295,#14297,.T.);
#14295 = VERTEX_POINT('',#14296);
#14296 = CARTESIAN_POINT('',(5.03662109375,-7.996560546875,2.));
#14297 = SURFACE_CURVE('',#14298,(#14302,#14309),.PCURVE_S1.);
#14298 = B_SPLINE_CURVE_WITH_KNOTS('',2,(#14299,#14300,#14301),
  .UNSPECIFIED.,.F.,.F.,(3,3),(0.,1.),.PIECEWISE_BEZIER_KNOTS.);
#14299 = CARTESIAN_POINT('',(5.1416015625,-7.576638671875,2.));
#14300 = CARTESIAN_POINT('',(5.08544921875,-7.823220703125,2.));
#14301 = CARTESIAN_POINT('',(5.03662109375,-7.996560546875,2.));
#14302 = PCURVE('',#6605,#14303);
#14303 = DEFINITIONAL_REPRESENTATION('',(#14304),#14308);
#14304 = B_SPLINE_CURVE_WITH_KNOTS('',2,(#14305,#14306,#14307),
  .UNSPECIFIED.,.F.,.F.,(3,3),(0.,1.),.PIECEWISE_BEZIER_KNOTS.);
#14305 = CARTESIAN_POINT('',(5.1416015625,-7.576638671875));
#14306 = CARTESIAN_POINT('',(5.08544921875,-7.823220703125));
#14307 = CARTESIAN_POINT('',(5.03662109375,-7.996560546875));
#14308 = ( GEOMETRIC_REPRESENTATION_CONTEXT(2) 
PARAMETRIC_REPRESENTATION_CONTEXT() REPRESENTATION_CONTEXT('2D SPACE',''
  ) );
#14309 = PCURVE('',#14310,#14317);
#14310 = SURFACE_OF_LINEAR_EXTRUSION('',#14311,#14315);
#14311 = B_SPLINE_CURVE_WITH_KNOTS('',2,(#14312,#14313,#14314),
  .UNSPECIFIED.,.F.,.F.,(3,3),(0.,1.),.PIECEWISE_BEZIER_KNOTS.);
#14312 = CARTESIAN_POINT('',(5.1416015625,-7.576638671875,2.));
#14313 = CARTESIAN_POINT('',(5.08544921875,-7.823220703125,2.));
#14314 = CARTESIAN_POINT('',(5.03662109375,-7.996560546875,2.));
#14315 = VECTOR('',#14316,1.);
#14316 = DIRECTION('',(-0.,-0.,-1.));
#14317 = DEFINITIONAL_REPRESENTATION('',(#14318),#14322);
#14318 = LINE('',#14319,#14320);
#14319 = CARTESIAN_POINT('',(0.,0.));
#14320 = VECTOR('',#14321,1.);
#14321 = DIRECTION('',(1.,0.));
#14322 = ( GEOMETRIC_REPRESENTATION_CONTEXT(2) 
PARAMETRIC_REPRESENTATION_CONTEXT() REPRESENTATION_CONTEXT('2D SPACE',''
  ) );
#14323 = ORIENTED_EDGE('',*,*,#14324,.T.);
#14324 = EDGE_CURVE('',#14295,#6591,#14325,.T.);
#14325 = SURFACE_CURVE('',#14326,(#14330,#14337),.PCURVE_S1.);
#14326 = LINE('',#14327,#14328);
#14327 = CARTESIAN_POINT('',(5.03662109375,-7.996560546875,2.));
#14328 = VECTOR('',#14329,1.);
#14329 = DIRECTION('',(-0.268222077464,-0.963357107806,0.));
#14330 = PCURVE('',#6605,#14331);
#14331 = DEFINITIONAL_REPRESENTATION('',(#14332),#14336);
#14332 = LINE('',#14333,#14334);
#14333 = CARTESIAN_POINT('',(5.03662109375,-7.996560546875));
#14334 = VECTOR('',#14335,1.);
#14335 = DIRECTION('',(-0.268222077464,-0.963357107806));
#14336 = ( GEOMETRIC_REPRESENTATION_CONTEXT(2) 
PARAMETRIC_REPRESENTATION_CONTEXT() REPRESENTATION_CONTEXT('2D SPACE',''
  ) );
#14337 = PCURVE('',#14171,#14338);
#14338 = DEFINITIONAL_REPRESENTATION('',(#14339),#14343);
#14339 = LINE('',#14340,#14341);
#14340 = CARTESIAN_POINT('',(0.,0.));
#14341 = VECTOR('',#14342,1.);
#14342 = DIRECTION('',(1.,0.));
#14343 = ( GEOMETRIC_REPRESENTATION_CONTEXT(2) 
PARAMETRIC_REPRESENTATION_CONTEXT() REPRESENTATION_CONTEXT('2D SPACE',''
  ) );
#14344 = ADVANCED_FACE('',(#14345),#6555,.F.);
#14345 = FACE_BOUND('',#14346,.F.);
#14346 = EDGE_LOOP('',(#14347,#14348,#14371,#14392,#14393,#14394,#14395,
    #14416));
#14347 = ORIENTED_EDGE('',*,*,#6568,.F.);
#14348 = ORIENTED_EDGE('',*,*,#14349,.F.);
#14349 = EDGE_CURVE('',#14350,#6569,#14352,.T.);
#14350 = VERTEX_POINT('',#14351);
#14351 = CARTESIAN_POINT('',(6.00830078125,-10.72361132812,2.));
#14352 = SURFACE_CURVE('',#14353,(#14357,#14364),.PCURVE_S1.);
#14353 = LINE('',#14354,#14355);
#14354 = CARTESIAN_POINT('',(6.00830078125,-10.72361132812,2.));
#14355 = VECTOR('',#14356,1.);
#14356 = DIRECTION('',(-0.26662016192,0.963801685648,0.));
#14357 = PCURVE('',#6555,#14358);
#14358 = DEFINITIONAL_REPRESENTATION('',(#14359),#14363);
#14359 = LINE('',#14360,#14361);
#14360 = CARTESIAN_POINT('',(3.22509765625,0.));
#14361 = VECTOR('',#14362,1.);
#14362 = DIRECTION('',(-0.26662016192,0.963801685648));
#14363 = ( GEOMETRIC_REPRESENTATION_CONTEXT(2) 
PARAMETRIC_REPRESENTATION_CONTEXT() REPRESENTATION_CONTEXT('2D SPACE',''
  ) );
#14364 = PCURVE('',#14252,#14365);
#14365 = DEFINITIONAL_REPRESENTATION('',(#14366),#14370);
#14366 = LINE('',#14367,#14368);
#14367 = CARTESIAN_POINT('',(0.,0.));
#14368 = VECTOR('',#14369,1.);
#14369 = DIRECTION('',(1.,0.));
#14370 = ( GEOMETRIC_REPRESENTATION_CONTEXT(2) 
PARAMETRIC_REPRESENTATION_CONTEXT() REPRESENTATION_CONTEXT('2D SPACE',''
  ) );
#14371 = ORIENTED_EDGE('',*,*,#14372,.F.);
#14372 = EDGE_CURVE('',#6897,#14350,#14373,.T.);
#14373 = SURFACE_CURVE('',#14374,(#14378,#14385),.PCURVE_S1.);
#14374 = LINE('',#14375,#14376);
#14375 = CARTESIAN_POINT('',(6.46484375,-10.72361132812,2.));
#14376 = VECTOR('',#14377,1.);
#14377 = DIRECTION('',(-1.,0.,0.));
#14378 = PCURVE('',#6555,#14379);
#14379 = DEFINITIONAL_REPRESENTATION('',(#14380),#14384);
#14380 = LINE('',#14381,#14382);
#14381 = CARTESIAN_POINT('',(3.681640625,0.));
#14382 = VECTOR('',#14383,1.);
#14383 = DIRECTION('',(-1.,0.));
#14384 = ( GEOMETRIC_REPRESENTATION_CONTEXT(2) 
PARAMETRIC_REPRESENTATION_CONTEXT() REPRESENTATION_CONTEXT('2D SPACE',''
  ) );
#14385 = PCURVE('',#6912,#14386);
#14386 = DEFINITIONAL_REPRESENTATION('',(#14387),#14391);
#14387 = LINE('',#14388,#14389);
#14388 = CARTESIAN_POINT('',(0.,-0.));
#14389 = VECTOR('',#14390,1.);
#14390 = DIRECTION('',(1.,0.));
#14391 = ( GEOMETRIC_REPRESENTATION_CONTEXT(2) 
PARAMETRIC_REPRESENTATION_CONTEXT() REPRESENTATION_CONTEXT('2D SPACE',''
  ) );
#14392 = ORIENTED_EDGE('',*,*,#6924,.F.);
#14393 = ORIENTED_EDGE('',*,*,#6542,.F.);
#14394 = ORIENTED_EDGE('',*,*,#7053,.F.);
#14395 = ORIENTED_EDGE('',*,*,#14396,.F.);
#14396 = EDGE_CURVE('',#7124,#6999,#14397,.T.);
#14397 = SURFACE_CURVE('',#14398,(#14402,#14409),.PCURVE_S1.);
#14398 = B_SPLINE_CURVE_WITH_KNOTS('',2,(#14399,#14400,#14401),
  .UNSPECIFIED.,.F.,.F.,(3,3),(0.,1.),.PIECEWISE_BEZIER_KNOTS.);
#14399 = CARTESIAN_POINT('',(6.23046875,-10.22312304687,2.));
#14400 = CARTESIAN_POINT('',(6.298828125,-9.883767578125,2.));
#14401 = CARTESIAN_POINT('',(6.40869140625,-9.444314453125,2.));
#14402 = PCURVE('',#6555,#14403);
#14403 = DEFINITIONAL_REPRESENTATION('',(#14404),#14408);
#14404 = B_SPLINE_CURVE_WITH_KNOTS('',2,(#14405,#14406,#14407),
  .UNSPECIFIED.,.F.,.F.,(3,3),(0.,1.),.PIECEWISE_BEZIER_KNOTS.);
#14405 = CARTESIAN_POINT('',(3.447265625,0.50048828125));
#14406 = CARTESIAN_POINT('',(3.515625,0.83984375));
#14407 = CARTESIAN_POINT('',(3.62548828125,1.279296875));
#14408 = ( GEOMETRIC_REPRESENTATION_CONTEXT(2) 
PARAMETRIC_REPRESENTATION_CONTEXT() REPRESENTATION_CONTEXT('2D SPACE',''
  ) );
#14409 = PCURVE('',#7016,#14410);
#14410 = DEFINITIONAL_REPRESENTATION('',(#14411),#14415);
#14411 = LINE('',#14412,#14413);
#14412 = CARTESIAN_POINT('',(0.,0.));
#14413 = VECTOR('',#14414,1.);
#14414 = DIRECTION('',(1.,0.));
#14415 = ( GEOMETRIC_REPRESENTATION_CONTEXT(2) 
PARAMETRIC_REPRESENTATION_CONTEXT() REPRESENTATION_CONTEXT('2D SPACE',''
  ) );
#14416 = ORIENTED_EDGE('',*,*,#7146,.F.);
#14417 = ADVANCED_FACE('',(#14418),#6510,.T.);
#14418 = FACE_BOUND('',#14419,.T.);
#14419 = EDGE_LOOP('',(#14420,#14421,#14422,#14445,#14468,#14491,#14514,
    #14537,#14560,#14583,#14606));
#14420 = ORIENTED_EDGE('',*,*,#6495,.T.);
#14421 = ORIENTED_EDGE('',*,*,#11468,.T.);
#14422 = ORIENTED_EDGE('',*,*,#14423,.T.);
#14423 = EDGE_CURVE('',#11447,#14424,#14426,.T.);
#14424 = VERTEX_POINT('',#14425);
#14425 = CARTESIAN_POINT('',(9.453125,-10.37937304687,2.));
#14426 = SURFACE_CURVE('',#14427,(#14431,#14438),.PCURVE_S1.);
#14427 = B_SPLINE_CURVE_WITH_KNOTS('',2,(#14428,#14429,#14430),
  .UNSPECIFIED.,.F.,.F.,(3,3),(0.,1.),.PIECEWISE_BEZIER_KNOTS.);
#14428 = CARTESIAN_POINT('',(8.580322265625,-10.00705859375,2.));
#14429 = CARTESIAN_POINT('',(8.92822265625,-10.37937304687,2.));
#14430 = CARTESIAN_POINT('',(9.453125,-10.37937304687,2.));
#14431 = PCURVE('',#6510,#14432);
#14432 = DEFINITIONAL_REPRESENTATION('',(#14433),#14437);
#14433 = B_SPLINE_CURVE_WITH_KNOTS('',2,(#14434,#14435,#14436),
  .UNSPECIFIED.,.F.,.F.,(3,3),(0.,1.),.PIECEWISE_BEZIER_KNOTS.);
#14434 = CARTESIAN_POINT('',(8.580322265625,-10.00705859375));
#14435 = CARTESIAN_POINT('',(8.92822265625,-10.37937304687));
#14436 = CARTESIAN_POINT('',(9.453125,-10.37937304687));
#14437 = ( GEOMETRIC_REPRESENTATION_CONTEXT(2) 
PARAMETRIC_REPRESENTATION_CONTEXT() REPRESENTATION_CONTEXT('2D SPACE',''
  ) );
#14438 = PCURVE('',#12892,#14439);
#14439 = DEFINITIONAL_REPRESENTATION('',(#14440),#14444);
#14440 = LINE('',#14441,#14442);
#14441 = CARTESIAN_POINT('',(0.,0.));
#14442 = VECTOR('',#14443,1.);
#14443 = DIRECTION('',(1.,0.));
#14444 = ( GEOMETRIC_REPRESENTATION_CONTEXT(2) 
PARAMETRIC_REPRESENTATION_CONTEXT() REPRESENTATION_CONTEXT('2D SPACE',''
  ) );
#14445 = ORIENTED_EDGE('',*,*,#14446,.T.);
#14446 = EDGE_CURVE('',#14424,#14447,#14449,.T.);
#14447 = VERTEX_POINT('',#14448);
#14448 = CARTESIAN_POINT('',(10.333251953125,-10.00339648437,2.));
#14449 = SURFACE_CURVE('',#14450,(#14454,#14461),.PCURVE_S1.);
#14450 = B_SPLINE_CURVE_WITH_KNOTS('',2,(#14451,#14452,#14453),
  .UNSPECIFIED.,.F.,.F.,(3,3),(0.,1.),.PIECEWISE_BEZIER_KNOTS.);
#14451 = CARTESIAN_POINT('',(9.453125,-10.37937304687,2.));
#14452 = CARTESIAN_POINT('',(9.98779296875,-10.37937304687,2.));
#14453 = CARTESIAN_POINT('',(10.333251953125,-10.00339648437,2.));
#14454 = PCURVE('',#6510,#14455);
#14455 = DEFINITIONAL_REPRESENTATION('',(#14456),#14460);
#14456 = B_SPLINE_CURVE_WITH_KNOTS('',2,(#14457,#14458,#14459),
  .UNSPECIFIED.,.F.,.F.,(3,3),(0.,1.),.PIECEWISE_BEZIER_KNOTS.);
#14457 = CARTESIAN_POINT('',(9.453125,-10.37937304687));
#14458 = CARTESIAN_POINT('',(9.98779296875,-10.37937304687));
#14459 = CARTESIAN_POINT('',(10.333251953125,-10.00339648437));
#14460 = ( GEOMETRIC_REPRESENTATION_CONTEXT(2) 
PARAMETRIC_REPRESENTATION_CONTEXT() REPRESENTATION_CONTEXT('2D SPACE',''
  ) );
#14461 = PCURVE('',#13014,#14462);
#14462 = DEFINITIONAL_REPRESENTATION('',(#14463),#14467);
#14463 = LINE('',#14464,#14465);
#14464 = CARTESIAN_POINT('',(0.,0.));
#14465 = VECTOR('',#14466,1.);
#14466 = DIRECTION('',(1.,0.));
#14467 = ( GEOMETRIC_REPRESENTATION_CONTEXT(2) 
PARAMETRIC_REPRESENTATION_CONTEXT() REPRESENTATION_CONTEXT('2D SPACE',''
  ) );
#14468 = ORIENTED_EDGE('',*,*,#14469,.T.);
#14469 = EDGE_CURVE('',#14447,#14470,#14472,.T.);
#14470 = VERTEX_POINT('',#14471);
#14471 = CARTESIAN_POINT('',(10.6787109375,-8.936501953125,2.));
#14472 = SURFACE_CURVE('',#14473,(#14477,#14484),.PCURVE_S1.);
#14473 = B_SPLINE_CURVE_WITH_KNOTS('',2,(#14474,#14475,#14476),
  .UNSPECIFIED.,.F.,.F.,(3,3),(0.,1.),.PIECEWISE_BEZIER_KNOTS.);
#14474 = CARTESIAN_POINT('',(10.333251953125,-10.00339648437,2.));
#14475 = CARTESIAN_POINT('',(10.6787109375,-9.627419921875,2.));
#14476 = CARTESIAN_POINT('',(10.6787109375,-8.936501953125,2.));
#14477 = PCURVE('',#6510,#14478);
#14478 = DEFINITIONAL_REPRESENTATION('',(#14479),#14483);
#14479 = B_SPLINE_CURVE_WITH_KNOTS('',2,(#14480,#14481,#14482),
  .UNSPECIFIED.,.F.,.F.,(3,3),(0.,1.),.PIECEWISE_BEZIER_KNOTS.);
#14480 = CARTESIAN_POINT('',(10.333251953125,-10.00339648437));
#14481 = CARTESIAN_POINT('',(10.6787109375,-9.627419921875));
#14482 = CARTESIAN_POINT('',(10.6787109375,-8.936501953125));
#14483 = ( GEOMETRIC_REPRESENTATION_CONTEXT(2) 
PARAMETRIC_REPRESENTATION_CONTEXT() REPRESENTATION_CONTEXT('2D SPACE',''
  ) );
#14484 = PCURVE('',#13044,#14485);
#14485 = DEFINITIONAL_REPRESENTATION('',(#14486),#14490);
#14486 = LINE('',#14487,#14488);
#14487 = CARTESIAN_POINT('',(0.,0.));
#14488 = VECTOR('',#14489,1.);
#14489 = DIRECTION('',(1.,0.));
#14490 = ( GEOMETRIC_REPRESENTATION_CONTEXT(2) 
PARAMETRIC_REPRESENTATION_CONTEXT() REPRESENTATION_CONTEXT('2D SPACE',''
  ) );
#14491 = ORIENTED_EDGE('',*,*,#14492,.T.);
#14492 = EDGE_CURVE('',#14470,#14493,#14495,.T.);
#14493 = VERTEX_POINT('',#14494);
#14494 = CARTESIAN_POINT('',(10.531005859375,-8.1735625,2.));
#14495 = SURFACE_CURVE('',#14496,(#14500,#14507),.PCURVE_S1.);
#14496 = B_SPLINE_CURVE_WITH_KNOTS('',2,(#14497,#14498,#14499),
  .UNSPECIFIED.,.F.,.F.,(3,3),(0.,1.),.PIECEWISE_BEZIER_KNOTS.);
#14497 = CARTESIAN_POINT('',(10.6787109375,-8.936501953125,2.));
#14498 = CARTESIAN_POINT('',(10.6787109375,-8.499490234375,2.));
#14499 = CARTESIAN_POINT('',(10.531005859375,-8.1735625,2.));
#14500 = PCURVE('',#6510,#14501);
#14501 = DEFINITIONAL_REPRESENTATION('',(#14502),#14506);
#14502 = B_SPLINE_CURVE_WITH_KNOTS('',2,(#14503,#14504,#14505),
  .UNSPECIFIED.,.F.,.F.,(3,3),(0.,1.),.PIECEWISE_BEZIER_KNOTS.);
#14503 = CARTESIAN_POINT('',(10.6787109375,-8.936501953125));
#14504 = CARTESIAN_POINT('',(10.6787109375,-8.499490234375));
#14505 = CARTESIAN_POINT('',(10.531005859375,-8.1735625));
#14506 = ( GEOMETRIC_REPRESENTATION_CONTEXT(2) 
PARAMETRIC_REPRESENTATION_CONTEXT() REPRESENTATION_CONTEXT('2D SPACE',''
  ) );
#14507 = PCURVE('',#13074,#14508);
#14508 = DEFINITIONAL_REPRESENTATION('',(#14509),#14513);
#14509 = LINE('',#14510,#14511);
#14510 = CARTESIAN_POINT('',(0.,0.));
#14511 = VECTOR('',#14512,1.);
#14512 = DIRECTION('',(1.,0.));
#14513 = ( GEOMETRIC_REPRESENTATION_CONTEXT(2) 
PARAMETRIC_REPRESENTATION_CONTEXT() REPRESENTATION_CONTEXT('2D SPACE',''
  ) );
#14514 = ORIENTED_EDGE('',*,*,#14515,.T.);
#14515 = EDGE_CURVE('',#14493,#14516,#14518,.T.);
#14516 = VERTEX_POINT('',#14517);
#14517 = CARTESIAN_POINT('',(10.098876953125,-7.66819140625,2.));
#14518 = SURFACE_CURVE('',#14519,(#14523,#14530),.PCURVE_S1.);
#14519 = B_SPLINE_CURVE_WITH_KNOTS('',2,(#14520,#14521,#14522),
  .UNSPECIFIED.,.F.,.F.,(3,3),(0.,1.),.PIECEWISE_BEZIER_KNOTS.);
#14520 = CARTESIAN_POINT('',(10.531005859375,-8.1735625,2.));
#14521 = CARTESIAN_POINT('',(10.38330078125,-7.847634765625,2.));
#14522 = CARTESIAN_POINT('',(10.098876953125,-7.66819140625,2.));
#14523 = PCURVE('',#6510,#14524);
#14524 = DEFINITIONAL_REPRESENTATION('',(#14525),#14529);
#14525 = B_SPLINE_CURVE_WITH_KNOTS('',2,(#14526,#14527,#14528),
  .UNSPECIFIED.,.F.,.F.,(3,3),(0.,1.),.PIECEWISE_BEZIER_KNOTS.);
#14526 = CARTESIAN_POINT('',(10.531005859375,-8.1735625));
#14527 = CARTESIAN_POINT('',(10.38330078125,-7.847634765625));
#14528 = CARTESIAN_POINT('',(10.098876953125,-7.66819140625));
#14529 = ( GEOMETRIC_REPRESENTATION_CONTEXT(2) 
PARAMETRIC_REPRESENTATION_CONTEXT() REPRESENTATION_CONTEXT('2D SPACE',''
  ) );
#14530 = PCURVE('',#13104,#14531);
#14531 = DEFINITIONAL_REPRESENTATION('',(#14532),#14536);
#14532 = LINE('',#14533,#14534);
#14533 = CARTESIAN_POINT('',(0.,0.));
#14534 = VECTOR('',#14535,1.);
#14535 = DIRECTION('',(1.,0.));
#14536 = ( GEOMETRIC_REPRESENTATION_CONTEXT(2) 
PARAMETRIC_REPRESENTATION_CONTEXT() REPRESENTATION_CONTEXT('2D SPACE',''
  ) );
#14537 = ORIENTED_EDGE('',*,*,#14538,.T.);
#14538 = EDGE_CURVE('',#14516,#14539,#14541,.T.);
#14539 = VERTEX_POINT('',#14540);
#14540 = CARTESIAN_POINT('',(9.46044921875,-7.488748046875,2.));
#14541 = SURFACE_CURVE('',#14542,(#14546,#14553),.PCURVE_S1.);
#14542 = B_SPLINE_CURVE_WITH_KNOTS('',2,(#14543,#14544,#14545),
  .UNSPECIFIED.,.F.,.F.,(3,3),(0.,1.),.PIECEWISE_BEZIER_KNOTS.);
#14543 = CARTESIAN_POINT('',(10.098876953125,-7.66819140625,2.));
#14544 = CARTESIAN_POINT('',(9.814453125,-7.488748046875,2.));
#14545 = CARTESIAN_POINT('',(9.46044921875,-7.488748046875,2.));
#14546 = PCURVE('',#6510,#14547);
#14547 = DEFINITIONAL_REPRESENTATION('',(#14548),#14552);
#14548 = B_SPLINE_CURVE_WITH_KNOTS('',2,(#14549,#14550,#14551),
  .UNSPECIFIED.,.F.,.F.,(3,3),(0.,1.),.PIECEWISE_BEZIER_KNOTS.);
#14549 = CARTESIAN_POINT('',(10.098876953125,-7.66819140625));
#14550 = CARTESIAN_POINT('',(9.814453125,-7.488748046875));
#14551 = CARTESIAN_POINT('',(9.46044921875,-7.488748046875));
#14552 = ( GEOMETRIC_REPRESENTATION_CONTEXT(2) 
PARAMETRIC_REPRESENTATION_CONTEXT() REPRESENTATION_CONTEXT('2D SPACE',''
  ) );
#14553 = PCURVE('',#13134,#14554);
#14554 = DEFINITIONAL_REPRESENTATION('',(#14555),#14559);
#14555 = LINE('',#14556,#14557);
#14556 = CARTESIAN_POINT('',(0.,0.));
#14557 = VECTOR('',#14558,1.);
#14558 = DIRECTION('',(1.,0.));
#14559 = ( GEOMETRIC_REPRESENTATION_CONTEXT(2) 
PARAMETRIC_REPRESENTATION_CONTEXT() REPRESENTATION_CONTEXT('2D SPACE',''
  ) );
#14560 = ORIENTED_EDGE('',*,*,#14561,.T.);
#14561 = EDGE_CURVE('',#14539,#14562,#14564,.T.);
#14562 = VERTEX_POINT('',#14563);
#14563 = CARTESIAN_POINT('',(8.594970703125,-7.83420703125,2.));
#14564 = SURFACE_CURVE('',#14565,(#14569,#14576),.PCURVE_S1.);
#14565 = B_SPLINE_CURVE_WITH_KNOTS('',2,(#14566,#14567,#14568),
  .UNSPECIFIED.,.F.,.F.,(3,3),(0.,1.),.PIECEWISE_BEZIER_KNOTS.);
#14566 = CARTESIAN_POINT('',(9.46044921875,-7.488748046875,2.));
#14567 = CARTESIAN_POINT('',(8.95751953125,-7.488748046875,2.));
#14568 = CARTESIAN_POINT('',(8.594970703125,-7.83420703125,2.));
#14569 = PCURVE('',#6510,#14570);
#14570 = DEFINITIONAL_REPRESENTATION('',(#14571),#14575);
#14571 = B_SPLINE_CURVE_WITH_KNOTS('',2,(#14572,#14573,#14574),
  .UNSPECIFIED.,.F.,.F.,(3,3),(0.,1.),.PIECEWISE_BEZIER_KNOTS.);
#14572 = CARTESIAN_POINT('',(9.46044921875,-7.488748046875));
#14573 = CARTESIAN_POINT('',(8.95751953125,-7.488748046875));
#14574 = CARTESIAN_POINT('',(8.594970703125,-7.83420703125));
#14575 = ( GEOMETRIC_REPRESENTATION_CONTEXT(2) 
PARAMETRIC_REPRESENTATION_CONTEXT() REPRESENTATION_CONTEXT('2D SPACE',''
  ) );
#14576 = PCURVE('',#13164,#14577);
#14577 = DEFINITIONAL_REPRESENTATION('',(#14578),#14582);
#14578 = LINE('',#14579,#14580);
#14579 = CARTESIAN_POINT('',(0.,0.));
#14580 = VECTOR('',#14581,1.);
#14581 = DIRECTION('',(1.,0.));
#14582 = ( GEOMETRIC_REPRESENTATION_CONTEXT(2) 
PARAMETRIC_REPRESENTATION_CONTEXT() REPRESENTATION_CONTEXT('2D SPACE',''
  ) );
#14583 = ORIENTED_EDGE('',*,*,#14584,.T.);
#14584 = EDGE_CURVE('',#14562,#14585,#14587,.T.);
#14585 = VERTEX_POINT('',#14586);
#14586 = CARTESIAN_POINT('',(8.232421875,-8.987771484375,2.));
#14587 = SURFACE_CURVE('',#14588,(#14592,#14599),.PCURVE_S1.);
#14588 = B_SPLINE_CURVE_WITH_KNOTS('',2,(#14589,#14590,#14591),
  .UNSPECIFIED.,.F.,.F.,(3,3),(0.,1.),.PIECEWISE_BEZIER_KNOTS.);
#14589 = CARTESIAN_POINT('',(8.594970703125,-7.83420703125,2.));
#14590 = CARTESIAN_POINT('',(8.232421875,-8.179666015625,2.));
#14591 = CARTESIAN_POINT('',(8.232421875,-8.987771484375,2.));
#14592 = PCURVE('',#6510,#14593);
#14593 = DEFINITIONAL_REPRESENTATION('',(#14594),#14598);
#14594 = B_SPLINE_CURVE_WITH_KNOTS('',2,(#14595,#14596,#14597),
  .UNSPECIFIED.,.F.,.F.,(3,3),(0.,1.),.PIECEWISE_BEZIER_KNOTS.);
#14595 = CARTESIAN_POINT('',(8.594970703125,-7.83420703125));
#14596 = CARTESIAN_POINT('',(8.232421875,-8.179666015625));
#14597 = CARTESIAN_POINT('',(8.232421875,-8.987771484375));
#14598 = ( GEOMETRIC_REPRESENTATION_CONTEXT(2) 
PARAMETRIC_REPRESENTATION_CONTEXT() REPRESENTATION_CONTEXT('2D SPACE',''
  ) );
#14599 = PCURVE('',#13192,#14600);
#14600 = DEFINITIONAL_REPRESENTATION('',(#14601),#14605);
#14601 = LINE('',#14602,#14603);
#14602 = CARTESIAN_POINT('',(0.,0.));
#14603 = VECTOR('',#14604,1.);
#14604 = DIRECTION('',(1.,0.));
#14605 = ( GEOMETRIC_REPRESENTATION_CONTEXT(2) 
PARAMETRIC_REPRESENTATION_CONTEXT() REPRESENTATION_CONTEXT('2D SPACE',''
  ) );
#14606 = ORIENTED_EDGE('',*,*,#14607,.T.);
#14607 = EDGE_CURVE('',#14585,#6496,#14608,.T.);
#14608 = SURFACE_CURVE('',#14609,(#14613,#14620),.PCURVE_S1.);
#14609 = B_SPLINE_CURVE_WITH_KNOTS('',2,(#14610,#14611,#14612),
  .UNSPECIFIED.,.F.,.F.,(3,3),(0.,1.),.PIECEWISE_BEZIER_KNOTS.);
#14610 = CARTESIAN_POINT('',(8.232421875,-8.987771484375,2.));
#14611 = CARTESIAN_POINT('',(8.232421875,-9.634744140625,2.));
#14612 = CARTESIAN_POINT('',(8.580322265625,-10.00705859375,2.));
#14613 = PCURVE('',#6510,#14614);
#14614 = DEFINITIONAL_REPRESENTATION('',(#14615),#14619);
#14615 = B_SPLINE_CURVE_WITH_KNOTS('',2,(#14616,#14617,#14618),
  .UNSPECIFIED.,.F.,.F.,(3,3),(0.,1.),.PIECEWISE_BEZIER_KNOTS.);
#14616 = CARTESIAN_POINT('',(8.232421875,-8.987771484375));
#14617 = CARTESIAN_POINT('',(8.232421875,-9.634744140625));
#14618 = CARTESIAN_POINT('',(8.580322265625,-10.00705859375));
#14619 = ( GEOMETRIC_REPRESENTATION_CONTEXT(2) 
PARAMETRIC_REPRESENTATION_CONTEXT() REPRESENTATION_CONTEXT('2D SPACE',''
  ) );
#14620 = PCURVE('',#12920,#14621);
#14621 = DEFINITIONAL_REPRESENTATION('',(#14622),#14626);
#14622 = LINE('',#14623,#14624);
#14623 = CARTESIAN_POINT('',(0.,0.));
#14624 = VECTOR('',#14625,1.);
#14625 = DIRECTION('',(1.,0.));
#14626 = ( GEOMETRIC_REPRESENTATION_CONTEXT(2) 
PARAMETRIC_REPRESENTATION_CONTEXT() REPRESENTATION_CONTEXT('2D SPACE',''
  ) );
#14627 = ADVANCED_FACE('',(#14628),#6912,.T.);
#14628 = FACE_BOUND('',#14629,.T.);
#14629 = EDGE_LOOP('',(#14630,#14631,#14654,#14675));
#14630 = ORIENTED_EDGE('',*,*,#6896,.T.);
#14631 = ORIENTED_EDGE('',*,*,#14632,.T.);
#14632 = EDGE_CURVE('',#6869,#14633,#14635,.T.);
#14633 = VERTEX_POINT('',#14634);
#14634 = CARTESIAN_POINT('',(6.00830078125,-10.72361132812,2.35));
#14635 = SURFACE_CURVE('',#14636,(#14640,#14647),.PCURVE_S1.);
#14636 = LINE('',#14637,#14638);
#14637 = CARTESIAN_POINT('',(6.46484375,-10.72361132812,2.35));
#14638 = VECTOR('',#14639,1.);
#14639 = DIRECTION('',(-1.,0.,0.));
#14640 = PCURVE('',#6912,#14641);
#14641 = DEFINITIONAL_REPRESENTATION('',(#14642),#14646);
#14642 = LINE('',#14643,#14644);
#14643 = CARTESIAN_POINT('',(0.,-0.35));
#14644 = VECTOR('',#14645,1.);
#14645 = DIRECTION('',(1.,0.));
#14646 = ( GEOMETRIC_REPRESENTATION_CONTEXT(2) 
PARAMETRIC_REPRESENTATION_CONTEXT() REPRESENTATION_CONTEXT('2D SPACE',''
  ) );
#14647 = PCURVE('',#6884,#14648);
#14648 = DEFINITIONAL_REPRESENTATION('',(#14649),#14653);
#14649 = LINE('',#14650,#14651);
#14650 = CARTESIAN_POINT('',(3.681640625,0.));
#14651 = VECTOR('',#14652,1.);
#14652 = DIRECTION('',(-1.,0.));
#14653 = ( GEOMETRIC_REPRESENTATION_CONTEXT(2) 
PARAMETRIC_REPRESENTATION_CONTEXT() REPRESENTATION_CONTEXT('2D SPACE',''
  ) );
#14654 = ORIENTED_EDGE('',*,*,#14655,.F.);
#14655 = EDGE_CURVE('',#14350,#14633,#14656,.T.);
#14656 = SURFACE_CURVE('',#14657,(#14661,#14668),.PCURVE_S1.);
#14657 = LINE('',#14658,#14659);
#14658 = CARTESIAN_POINT('',(6.00830078125,-10.72361132812,2.));
#14659 = VECTOR('',#14660,1.);
#14660 = DIRECTION('',(0.,0.,1.));
#14661 = PCURVE('',#6912,#14662);
#14662 = DEFINITIONAL_REPRESENTATION('',(#14663),#14667);
#14663 = LINE('',#14664,#14665);
#14664 = CARTESIAN_POINT('',(0.45654296875,0.));
#14665 = VECTOR('',#14666,1.);
#14666 = DIRECTION('',(0.,-1.));
#14667 = ( GEOMETRIC_REPRESENTATION_CONTEXT(2) 
PARAMETRIC_REPRESENTATION_CONTEXT() REPRESENTATION_CONTEXT('2D SPACE',''
  ) );
#14668 = PCURVE('',#14252,#14669);
#14669 = DEFINITIONAL_REPRESENTATION('',(#14670),#14674);
#14670 = LINE('',#14671,#14672);
#14671 = CARTESIAN_POINT('',(0.,0.));
#14672 = VECTOR('',#14673,1.);
#14673 = DIRECTION('',(0.,-1.));
#14674 = ( GEOMETRIC_REPRESENTATION_CONTEXT(2) 
PARAMETRIC_REPRESENTATION_CONTEXT() REPRESENTATION_CONTEXT('2D SPACE',''
  ) );
#14675 = ORIENTED_EDGE('',*,*,#14372,.F.);
#14676 = ADVANCED_FACE('',(#14677),#6884,.T.);
#14677 = FACE_BOUND('',#14678,.F.);
#14678 = EDGE_LOOP('',(#14679,#14702,#14703,#14704,#14705,#14728,#14749,
    #14750,#14751,#14752,#14753,#14774,#14775,#14776,#14777,#14778,
    #14801,#14824,#14847));
#14679 = ORIENTED_EDGE('',*,*,#14680,.T.);
#14680 = EDGE_CURVE('',#14681,#7501,#14683,.T.);
#14681 = VERTEX_POINT('',#14682);
#14682 = CARTESIAN_POINT('',(4.27734375,-10.72361132812,2.35));
#14683 = SURFACE_CURVE('',#14684,(#14688,#14695),.PCURVE_S1.);
#14684 = LINE('',#14685,#14686);
#14685 = CARTESIAN_POINT('',(4.27734375,-10.72361132812,2.35));
#14686 = VECTOR('',#14687,1.);
#14687 = DIRECTION('',(-1.,0.,0.));
#14688 = PCURVE('',#6884,#14689);
#14689 = DEFINITIONAL_REPRESENTATION('',(#14690),#14694);
#14690 = LINE('',#14691,#14692);
#14691 = CARTESIAN_POINT('',(1.494140625,0.));
#14692 = VECTOR('',#14693,1.);
#14693 = DIRECTION('',(-1.,0.));
#14694 = ( GEOMETRIC_REPRESENTATION_CONTEXT(2) 
PARAMETRIC_REPRESENTATION_CONTEXT() REPRESENTATION_CONTEXT('2D SPACE',''
  ) );
#14695 = PCURVE('',#7516,#14696);
#14696 = DEFINITIONAL_REPRESENTATION('',(#14697),#14701);
#14697 = LINE('',#14698,#14699);
#14698 = CARTESIAN_POINT('',(0.,-0.35));
#14699 = VECTOR('',#14700,1.);
#14700 = DIRECTION('',(1.,0.));
#14701 = ( GEOMETRIC_REPRESENTATION_CONTEXT(2) 
PARAMETRIC_REPRESENTATION_CONTEXT() REPRESENTATION_CONTEXT('2D SPACE',''
  ) );
#14702 = ORIENTED_EDGE('',*,*,#7528,.T.);
#14703 = ORIENTED_EDGE('',*,*,#7472,.T.);
#14704 = ORIENTED_EDGE('',*,*,#7371,.T.);
#14705 = ORIENTED_EDGE('',*,*,#14706,.T.);
#14706 = EDGE_CURVE('',#7372,#14707,#14709,.T.);
#14707 = VERTEX_POINT('',#14708);
#14708 = CARTESIAN_POINT('',(4.02587890625,-10.22312304687,2.35));
#14709 = SURFACE_CURVE('',#14710,(#14714,#14721),.PCURVE_S1.);
#14710 = B_SPLINE_CURVE_WITH_KNOTS('',2,(#14711,#14712,#14713),
  .UNSPECIFIED.,.F.,.F.,(3,3),(0.,1.),.PIECEWISE_BEZIER_KNOTS.);
#14711 = CARTESIAN_POINT('',(3.87451171875,-9.490701171875,2.35));
#14712 = CARTESIAN_POINT('',(3.96240234375,-9.859353515625,2.35));
#14713 = CARTESIAN_POINT('',(4.02587890625,-10.22312304687,2.35));
#14714 = PCURVE('',#6884,#14715);
#14715 = DEFINITIONAL_REPRESENTATION('',(#14716),#14720);
#14716 = B_SPLINE_CURVE_WITH_KNOTS('',2,(#14717,#14718,#14719),
  .UNSPECIFIED.,.F.,.F.,(3,3),(0.,1.),.PIECEWISE_BEZIER_KNOTS.);
#14717 = CARTESIAN_POINT('',(1.09130859375,1.23291015625));
#14718 = CARTESIAN_POINT('',(1.17919921875,0.8642578125));
#14719 = CARTESIAN_POINT('',(1.24267578125,0.50048828125));
#14720 = ( GEOMETRIC_REPRESENTATION_CONTEXT(2) 
PARAMETRIC_REPRESENTATION_CONTEXT() REPRESENTATION_CONTEXT('2D SPACE',''
  ) );
#14721 = PCURVE('',#7410,#14722);
#14722 = DEFINITIONAL_REPRESENTATION('',(#14723),#14727);
#14723 = LINE('',#14724,#14725);
#14724 = CARTESIAN_POINT('',(0.,-0.35));
#14725 = VECTOR('',#14726,1.);
#14726 = DIRECTION('',(1.,0.));
#14727 = ( GEOMETRIC_REPRESENTATION_CONTEXT(2) 
PARAMETRIC_REPRESENTATION_CONTEXT() REPRESENTATION_CONTEXT('2D SPACE',''
  ) );
#14728 = ORIENTED_EDGE('',*,*,#14729,.T.);
#14729 = EDGE_CURVE('',#14707,#7272,#14730,.T.);
#14730 = SURFACE_CURVE('',#14731,(#14735,#14742),.PCURVE_S1.);
#14731 = B_SPLINE_CURVE_WITH_KNOTS('',2,(#14732,#14733,#14734),
  .UNSPECIFIED.,.F.,.F.,(3,3),(0.,1.),.PIECEWISE_BEZIER_KNOTS.);
#14732 = CARTESIAN_POINT('',(4.02587890625,-10.22312304687,2.35));
#14733 = CARTESIAN_POINT('',(4.16259765625,-9.649392578125,2.35));
#14734 = CARTESIAN_POINT('',(4.18701171875,-9.561501953125,2.35));
#14735 = PCURVE('',#6884,#14736);
#14736 = DEFINITIONAL_REPRESENTATION('',(#14737),#14741);
#14737 = B_SPLINE_CURVE_WITH_KNOTS('',2,(#14738,#14739,#14740),
  .UNSPECIFIED.,.F.,.F.,(3,3),(0.,1.),.PIECEWISE_BEZIER_KNOTS.);
#14738 = CARTESIAN_POINT('',(1.24267578125,0.50048828125));
#14739 = CARTESIAN_POINT('',(1.37939453125,1.07421875));
#14740 = CARTESIAN_POINT('',(1.40380859375,1.162109375));
#14741 = ( GEOMETRIC_REPRESENTATION_CONTEXT(2) 
PARAMETRIC_REPRESENTATION_CONTEXT() REPRESENTATION_CONTEXT('2D SPACE',''
  ) );
#14742 = PCURVE('',#7287,#14743);
#14743 = DEFINITIONAL_REPRESENTATION('',(#14744),#14748);
#14744 = LINE('',#14745,#14746);
#14745 = CARTESIAN_POINT('',(0.,-0.35));
#14746 = VECTOR('',#14747,1.);
#14747 = DIRECTION('',(1.,0.));
#14748 = ( GEOMETRIC_REPRESENTATION_CONTEXT(2) 
PARAMETRIC_REPRESENTATION_CONTEXT() REPRESENTATION_CONTEXT('2D SPACE',''
  ) );
#14749 = ORIENTED_EDGE('',*,*,#7301,.T.);
#14750 = ORIENTED_EDGE('',*,*,#7243,.T.);
#14751 = ORIENTED_EDGE('',*,*,#7194,.T.);
#14752 = ORIENTED_EDGE('',*,*,#7100,.T.);
#14753 = ORIENTED_EDGE('',*,*,#14754,.T.);
#14754 = EDGE_CURVE('',#7101,#7001,#14755,.T.);
#14755 = SURFACE_CURVE('',#14756,(#14760,#14767),.PCURVE_S1.);
#14756 = B_SPLINE_CURVE_WITH_KNOTS('',2,(#14757,#14758,#14759),
  .UNSPECIFIED.,.F.,.F.,(3,3),(0.,1.),.PIECEWISE_BEZIER_KNOTS.);
#14757 = CARTESIAN_POINT('',(6.23046875,-10.22312304687,2.35));
#14758 = CARTESIAN_POINT('',(6.298828125,-9.883767578125,2.35));
#14759 = CARTESIAN_POINT('',(6.40869140625,-9.444314453125,2.35));
#14760 = PCURVE('',#6884,#14761);
#14761 = DEFINITIONAL_REPRESENTATION('',(#14762),#14766);
#14762 = B_SPLINE_CURVE_WITH_KNOTS('',2,(#14763,#14764,#14765),
  .UNSPECIFIED.,.F.,.F.,(3,3),(0.,1.),.PIECEWISE_BEZIER_KNOTS.);
#14763 = CARTESIAN_POINT('',(3.447265625,0.50048828125));
#14764 = CARTESIAN_POINT('',(3.515625,0.83984375));
#14765 = CARTESIAN_POINT('',(3.62548828125,1.279296875));
#14766 = ( GEOMETRIC_REPRESENTATION_CONTEXT(2) 
PARAMETRIC_REPRESENTATION_CONTEXT() REPRESENTATION_CONTEXT('2D SPACE',''
  ) );
#14767 = PCURVE('',#7016,#14768);
#14768 = DEFINITIONAL_REPRESENTATION('',(#14769),#14773);
#14769 = LINE('',#14770,#14771);
#14770 = CARTESIAN_POINT('',(0.,-0.35));
#14771 = VECTOR('',#14772,1.);
#14772 = DIRECTION('',(1.,0.));
#14773 = ( GEOMETRIC_REPRESENTATION_CONTEXT(2) 
PARAMETRIC_REPRESENTATION_CONTEXT() REPRESENTATION_CONTEXT('2D SPACE',''
  ) );
#14774 = ORIENTED_EDGE('',*,*,#7030,.T.);
#14775 = ORIENTED_EDGE('',*,*,#6972,.T.);
#14776 = ORIENTED_EDGE('',*,*,#6868,.T.);
#14777 = ORIENTED_EDGE('',*,*,#14632,.T.);
#14778 = ORIENTED_EDGE('',*,*,#14779,.T.);
#14779 = EDGE_CURVE('',#14633,#14780,#14782,.T.);
#14780 = VERTEX_POINT('',#14781);
#14781 = CARTESIAN_POINT('',(5.25390625,-7.996560546875,2.35));
#14782 = SURFACE_CURVE('',#14783,(#14787,#14794),.PCURVE_S1.);
#14783 = LINE('',#14784,#14785);
#14784 = CARTESIAN_POINT('',(6.00830078125,-10.72361132812,2.35));
#14785 = VECTOR('',#14786,1.);
#14786 = DIRECTION('',(-0.26662016192,0.963801685648,0.));
#14787 = PCURVE('',#6884,#14788);
#14788 = DEFINITIONAL_REPRESENTATION('',(#14789),#14793);
#14789 = LINE('',#14790,#14791);
#14790 = CARTESIAN_POINT('',(3.22509765625,0.));
#14791 = VECTOR('',#14792,1.);
#14792 = DIRECTION('',(-0.26662016192,0.963801685648));
#14793 = ( GEOMETRIC_REPRESENTATION_CONTEXT(2) 
PARAMETRIC_REPRESENTATION_CONTEXT() REPRESENTATION_CONTEXT('2D SPACE',''
  ) );
#14794 = PCURVE('',#14252,#14795);
#14795 = DEFINITIONAL_REPRESENTATION('',(#14796),#14800);
#14796 = LINE('',#14797,#14798);
#14797 = CARTESIAN_POINT('',(0.,-0.35));
#14798 = VECTOR('',#14799,1.);
#14799 = DIRECTION('',(1.,0.));
#14800 = ( GEOMETRIC_REPRESENTATION_CONTEXT(2) 
PARAMETRIC_REPRESENTATION_CONTEXT() REPRESENTATION_CONTEXT('2D SPACE',''
  ) );
#14801 = ORIENTED_EDGE('',*,*,#14802,.T.);
#14802 = EDGE_CURVE('',#14780,#14803,#14805,.T.);
#14803 = VERTEX_POINT('',#14804);
#14804 = CARTESIAN_POINT('',(5.1416015625,-7.576638671875,2.35));
#14805 = SURFACE_CURVE('',#14806,(#14810,#14817),.PCURVE_S1.);
#14806 = B_SPLINE_CURVE_WITH_KNOTS('',2,(#14807,#14808,#14809),
  .UNSPECIFIED.,.F.,.F.,(3,3),(0.,1.),.PIECEWISE_BEZIER_KNOTS.);
#14807 = CARTESIAN_POINT('',(5.25390625,-7.996560546875,2.35));
#14808 = CARTESIAN_POINT('',(5.15869140625,-7.654763671875,2.35));
#14809 = CARTESIAN_POINT('',(5.1416015625,-7.576638671875,2.35));
#14810 = PCURVE('',#6884,#14811);
#14811 = DEFINITIONAL_REPRESENTATION('',(#14812),#14816);
#14812 = B_SPLINE_CURVE_WITH_KNOTS('',2,(#14813,#14814,#14815),
  .UNSPECIFIED.,.F.,.F.,(3,3),(0.,1.),.PIECEWISE_BEZIER_KNOTS.);
#14813 = CARTESIAN_POINT('',(2.470703125,2.72705078125));
#14814 = CARTESIAN_POINT('',(2.37548828125,3.06884765625));
#14815 = CARTESIAN_POINT('',(2.3583984375,3.14697265625));
#14816 = ( GEOMETRIC_REPRESENTATION_CONTEXT(2) 
PARAMETRIC_REPRESENTATION_CONTEXT() REPRESENTATION_CONTEXT('2D SPACE',''
  ) );
#14817 = PCURVE('',#14280,#14818);
#14818 = DEFINITIONAL_REPRESENTATION('',(#14819),#14823);
#14819 = LINE('',#14820,#14821);
#14820 = CARTESIAN_POINT('',(0.,-0.35));
#14821 = VECTOR('',#14822,1.);
#14822 = DIRECTION('',(1.,0.));
#14823 = ( GEOMETRIC_REPRESENTATION_CONTEXT(2) 
PARAMETRIC_REPRESENTATION_CONTEXT() REPRESENTATION_CONTEXT('2D SPACE',''
  ) );
#14824 = ORIENTED_EDGE('',*,*,#14825,.T.);
#14825 = EDGE_CURVE('',#14803,#14826,#14828,.T.);
#14826 = VERTEX_POINT('',#14827);
#14827 = CARTESIAN_POINT('',(5.03662109375,-7.996560546875,2.35));
#14828 = SURFACE_CURVE('',#14829,(#14833,#14840),.PCURVE_S1.);
#14829 = B_SPLINE_CURVE_WITH_KNOTS('',2,(#14830,#14831,#14832),
  .UNSPECIFIED.,.F.,.F.,(3,3),(0.,1.),.PIECEWISE_BEZIER_KNOTS.);
#14830 = CARTESIAN_POINT('',(5.1416015625,-7.576638671875,2.35));
#14831 = CARTESIAN_POINT('',(5.08544921875,-7.823220703125,2.35));
#14832 = CARTESIAN_POINT('',(5.03662109375,-7.996560546875,2.35));
#14833 = PCURVE('',#6884,#14834);
#14834 = DEFINITIONAL_REPRESENTATION('',(#14835),#14839);
#14835 = B_SPLINE_CURVE_WITH_KNOTS('',2,(#14836,#14837,#14838),
  .UNSPECIFIED.,.F.,.F.,(3,3),(0.,1.),.PIECEWISE_BEZIER_KNOTS.);
#14836 = CARTESIAN_POINT('',(2.3583984375,3.14697265625));
#14837 = CARTESIAN_POINT('',(2.30224609375,2.900390625));
#14838 = CARTESIAN_POINT('',(2.25341796875,2.72705078125));
#14839 = ( GEOMETRIC_REPRESENTATION_CONTEXT(2) 
PARAMETRIC_REPRESENTATION_CONTEXT() REPRESENTATION_CONTEXT('2D SPACE',''
  ) );
#14840 = PCURVE('',#14310,#14841);
#14841 = DEFINITIONAL_REPRESENTATION('',(#14842),#14846);
#14842 = LINE('',#14843,#14844);
#14843 = CARTESIAN_POINT('',(0.,-0.35));
#14844 = VECTOR('',#14845,1.);
#14845 = DIRECTION('',(1.,0.));
#14846 = ( GEOMETRIC_REPRESENTATION_CONTEXT(2) 
PARAMETRIC_REPRESENTATION_CONTEXT() REPRESENTATION_CONTEXT('2D SPACE',''
  ) );
#14847 = ORIENTED_EDGE('',*,*,#14848,.T.);
#14848 = EDGE_CURVE('',#14826,#14681,#14849,.T.);
#14849 = SURFACE_CURVE('',#14850,(#14854,#14861),.PCURVE_S1.);
#14850 = LINE('',#14851,#14852);
#14851 = CARTESIAN_POINT('',(5.03662109375,-7.996560546875,2.35));
#14852 = VECTOR('',#14853,1.);
#14853 = DIRECTION('',(-0.268222077464,-0.963357107806,0.));
#14854 = PCURVE('',#6884,#14855);
#14855 = DEFINITIONAL_REPRESENTATION('',(#14856),#14860);
#14856 = LINE('',#14857,#14858);
#14857 = CARTESIAN_POINT('',(2.25341796875,2.72705078125));
#14858 = VECTOR('',#14859,1.);
#14859 = DIRECTION('',(-0.268222077464,-0.963357107806));
#14860 = ( GEOMETRIC_REPRESENTATION_CONTEXT(2) 
PARAMETRIC_REPRESENTATION_CONTEXT() REPRESENTATION_CONTEXT('2D SPACE',''
  ) );
#14861 = PCURVE('',#14171,#14862);
#14862 = DEFINITIONAL_REPRESENTATION('',(#14863),#14867);
#14863 = LINE('',#14864,#14865);
#14864 = CARTESIAN_POINT('',(0.,-0.35));
#14865 = VECTOR('',#14866,1.);
#14866 = DIRECTION('',(1.,0.));
#14867 = ( GEOMETRIC_REPRESENTATION_CONTEXT(2) 
PARAMETRIC_REPRESENTATION_CONTEXT() REPRESENTATION_CONTEXT('2D SPACE',''
  ) );
#14868 = ADVANCED_FACE('',(#14869),#7016,.T.);
#14869 = FACE_BOUND('',#14870,.T.);
#14870 = EDGE_LOOP('',(#14871,#14872,#14873,#14874));
#14871 = ORIENTED_EDGE('',*,*,#7123,.T.);
#14872 = ORIENTED_EDGE('',*,*,#14754,.T.);
#14873 = ORIENTED_EDGE('',*,*,#6998,.F.);
#14874 = ORIENTED_EDGE('',*,*,#14396,.F.);
#14875 = ADVANCED_FACE('',(#14876),#7287,.T.);
#14876 = FACE_BOUND('',#14877,.T.);
#14877 = EDGE_LOOP('',(#14878,#14899,#14900,#14901));
#14878 = ORIENTED_EDGE('',*,*,#14879,.T.);
#14879 = EDGE_CURVE('',#14186,#14707,#14880,.T.);
#14880 = SURFACE_CURVE('',#14881,(#14885,#14892),.PCURVE_S1.);
#14881 = LINE('',#14882,#14883);
#14882 = CARTESIAN_POINT('',(4.02587890625,-10.22312304687,2.));
#14883 = VECTOR('',#14884,1.);
#14884 = DIRECTION('',(0.,0.,1.));
#14885 = PCURVE('',#7287,#14886);
#14886 = DEFINITIONAL_REPRESENTATION('',(#14887),#14891);
#14887 = LINE('',#14888,#14889);
#14888 = CARTESIAN_POINT('',(0.,0.));
#14889 = VECTOR('',#14890,1.);
#14890 = DIRECTION('',(0.,-1.));
#14891 = ( GEOMETRIC_REPRESENTATION_CONTEXT(2) 
PARAMETRIC_REPRESENTATION_CONTEXT() REPRESENTATION_CONTEXT('2D SPACE',''
  ) );
#14892 = PCURVE('',#7410,#14893);
#14893 = DEFINITIONAL_REPRESENTATION('',(#14894),#14898);
#14894 = LINE('',#14895,#14896);
#14895 = CARTESIAN_POINT('',(1.,0.));
#14896 = VECTOR('',#14897,1.);
#14897 = DIRECTION('',(0.,-1.));
#14898 = ( GEOMETRIC_REPRESENTATION_CONTEXT(2) 
PARAMETRIC_REPRESENTATION_CONTEXT() REPRESENTATION_CONTEXT('2D SPACE',''
  ) );
#14899 = ORIENTED_EDGE('',*,*,#14729,.T.);
#14900 = ORIENTED_EDGE('',*,*,#7269,.F.);
#14901 = ORIENTED_EDGE('',*,*,#14185,.F.);
#14902 = ADVANCED_FACE('',(#14903),#7410,.T.);
#14903 = FACE_BOUND('',#14904,.T.);
#14904 = EDGE_LOOP('',(#14905,#14906,#14907,#14908));
#14905 = ORIENTED_EDGE('',*,*,#7394,.T.);
#14906 = ORIENTED_EDGE('',*,*,#14706,.T.);
#14907 = ORIENTED_EDGE('',*,*,#14879,.F.);
#14908 = ORIENTED_EDGE('',*,*,#14208,.F.);
#14909 = ADVANCED_FACE('',(#14910),#7516,.T.);
#14910 = FACE_BOUND('',#14911,.T.);
#14911 = EDGE_LOOP('',(#14912,#14933,#14934,#14935));
#14912 = ORIENTED_EDGE('',*,*,#14913,.T.);
#14913 = EDGE_CURVE('',#14135,#14681,#14914,.T.);
#14914 = SURFACE_CURVE('',#14915,(#14919,#14926),.PCURVE_S1.);
#14915 = LINE('',#14916,#14917);
#14916 = CARTESIAN_POINT('',(4.27734375,-10.72361132812,2.));
#14917 = VECTOR('',#14918,1.);
#14918 = DIRECTION('',(0.,0.,1.));
#14919 = PCURVE('',#7516,#14920);
#14920 = DEFINITIONAL_REPRESENTATION('',(#14921),#14925);
#14921 = LINE('',#14922,#14923);
#14922 = CARTESIAN_POINT('',(0.,-0.));
#14923 = VECTOR('',#14924,1.);
#14924 = DIRECTION('',(0.,-1.));
#14925 = ( GEOMETRIC_REPRESENTATION_CONTEXT(2) 
PARAMETRIC_REPRESENTATION_CONTEXT() REPRESENTATION_CONTEXT('2D SPACE',''
  ) );
#14926 = PCURVE('',#14171,#14927);
#14927 = DEFINITIONAL_REPRESENTATION('',(#14928),#14932);
#14928 = LINE('',#14929,#14930);
#14929 = CARTESIAN_POINT('',(2.830778699978,0.));
#14930 = VECTOR('',#14931,1.);
#14931 = DIRECTION('',(0.,-1.));
#14932 = ( GEOMETRIC_REPRESENTATION_CONTEXT(2) 
PARAMETRIC_REPRESENTATION_CONTEXT() REPRESENTATION_CONTEXT('2D SPACE',''
  ) );
#14933 = ORIENTED_EDGE('',*,*,#14680,.T.);
#14934 = ORIENTED_EDGE('',*,*,#7498,.F.);
#14935 = ORIENTED_EDGE('',*,*,#14134,.F.);
#14936 = ADVANCED_FACE('',(#14937),#7642,.T.);
#14937 = FACE_BOUND('',#14938,.T.);
#14938 = EDGE_LOOP('',(#14939,#14940,#14963,#14984));
#14939 = ORIENTED_EDGE('',*,*,#7626,.T.);
#14940 = ORIENTED_EDGE('',*,*,#14941,.T.);
#14941 = EDGE_CURVE('',#7599,#14942,#14944,.T.);
#14942 = VERTEX_POINT('',#14943);
#14943 = CARTESIAN_POINT('',(-0.439453125,-10.0632109375,2.35));
#14944 = SURFACE_CURVE('',#14945,(#14949,#14956),.PCURVE_S1.);
#14945 = B_SPLINE_CURVE_WITH_KNOTS('',2,(#14946,#14947,#14948),
  .UNSPECIFIED.,.F.,.F.,(3,3),(0.,1.),.PIECEWISE_BEZIER_KNOTS.);
#14946 = CARTESIAN_POINT('',(6.8359375E-02,-9.612771484375,2.35));
#14947 = CARTESIAN_POINT('',(-0.3271484375,-9.944802734375,2.35));
#14948 = CARTESIAN_POINT('',(-0.439453125,-10.0632109375,2.35));
#14949 = PCURVE('',#7642,#14950);
#14950 = DEFINITIONAL_REPRESENTATION('',(#14951),#14955);
#14951 = LINE('',#14952,#14953);
#14952 = CARTESIAN_POINT('',(0.,-0.35));
#14953 = VECTOR('',#14954,1.);
#14954 = DIRECTION('',(1.,0.));
#14955 = ( GEOMETRIC_REPRESENTATION_CONTEXT(2) 
PARAMETRIC_REPRESENTATION_CONTEXT() REPRESENTATION_CONTEXT('2D SPACE',''
  ) );
#14956 = PCURVE('',#7614,#14957);
#14957 = DEFINITIONAL_REPRESENTATION('',(#14958),#14962);
#14958 = B_SPLINE_CURVE_WITH_KNOTS('',2,(#14959,#14960,#14961),
  .UNSPECIFIED.,.F.,.F.,(3,3),(0.,1.),.PIECEWISE_BEZIER_KNOTS.);
#14959 = CARTESIAN_POINT('',(1.455078125,1.11083984375));
#14960 = CARTESIAN_POINT('',(1.0595703125,0.77880859375));
#14961 = CARTESIAN_POINT('',(0.947265625,0.660400390625));
#14962 = ( GEOMETRIC_REPRESENTATION_CONTEXT(2) 
PARAMETRIC_REPRESENTATION_CONTEXT() REPRESENTATION_CONTEXT('2D SPACE',''
  ) );
#14963 = ORIENTED_EDGE('',*,*,#14964,.F.);
#14964 = EDGE_CURVE('',#13941,#14942,#14965,.T.);
#14965 = SURFACE_CURVE('',#14966,(#14970,#14977),.PCURVE_S1.);
#14966 = LINE('',#14967,#14968);
#14967 = CARTESIAN_POINT('',(-0.439453125,-10.0632109375,2.));
#14968 = VECTOR('',#14969,1.);
#14969 = DIRECTION('',(0.,0.,1.));
#14970 = PCURVE('',#7642,#14971);
#14971 = DEFINITIONAL_REPRESENTATION('',(#14972),#14976);
#14972 = LINE('',#14973,#14974);
#14973 = CARTESIAN_POINT('',(1.,0.));
#14974 = VECTOR('',#14975,1.);
#14975 = DIRECTION('',(0.,-1.));
#14976 = ( GEOMETRIC_REPRESENTATION_CONTEXT(2) 
PARAMETRIC_REPRESENTATION_CONTEXT() REPRESENTATION_CONTEXT('2D SPACE',''
  ) );
#14977 = PCURVE('',#13956,#14978);
#14978 = DEFINITIONAL_REPRESENTATION('',(#14979),#14983);
#14979 = LINE('',#14980,#14981);
#14980 = CARTESIAN_POINT('',(0.,0.));
#14981 = VECTOR('',#14982,1.);
#14982 = DIRECTION('',(0.,-1.));
#14983 = ( GEOMETRIC_REPRESENTATION_CONTEXT(2) 
PARAMETRIC_REPRESENTATION_CONTEXT() REPRESENTATION_CONTEXT('2D SPACE',''
  ) );
#14984 = ORIENTED_EDGE('',*,*,#13970,.F.);
#14985 = ADVANCED_FACE('',(#14986),#7614,.T.);
#14986 = FACE_BOUND('',#14987,.F.);
#14987 = EDGE_LOOP('',(#14988,#15013,#15036,#15059,#15082,#15105,#15126,
    #15127,#15128,#15129,#15130,#15131,#15132,#15133,#15134,#15135,
    #15136,#15137,#15138,#15139,#15140,#15141));
#14988 = ORIENTED_EDGE('',*,*,#14989,.T.);
#14989 = EDGE_CURVE('',#14990,#14992,#14994,.T.);
#14990 = VERTEX_POINT('',#14991);
#14991 = CARTESIAN_POINT('',(-0.625,-10.30124804687,2.35));
#14992 = VERTEX_POINT('',#14993);
#14993 = CARTESIAN_POINT('',(1.13037109375,-10.30124804687,2.35));
#14994 = SURFACE_CURVE('',#14995,(#14999,#15006),.PCURVE_S1.);
#14995 = LINE('',#14996,#14997);
#14996 = CARTESIAN_POINT('',(-0.625,-10.30124804687,2.35));
#14997 = VECTOR('',#14998,1.);
#14998 = DIRECTION('',(1.,0.,0.));
#14999 = PCURVE('',#7614,#15000);
#15000 = DEFINITIONAL_REPRESENTATION('',(#15001),#15005);
#15001 = LINE('',#15002,#15003);
#15002 = CARTESIAN_POINT('',(0.76171875,0.42236328125));
#15003 = VECTOR('',#15004,1.);
#15004 = DIRECTION('',(1.,0.));
#15005 = ( GEOMETRIC_REPRESENTATION_CONTEXT(2) 
PARAMETRIC_REPRESENTATION_CONTEXT() REPRESENTATION_CONTEXT('2D SPACE',''
  ) );
#15006 = PCURVE('',#13928,#15007);
#15007 = DEFINITIONAL_REPRESENTATION('',(#15008),#15012);
#15008 = LINE('',#15009,#15010);
#15009 = CARTESIAN_POINT('',(0.,-0.35));
#15010 = VECTOR('',#15011,1.);
#15011 = DIRECTION('',(1.,0.));
#15012 = ( GEOMETRIC_REPRESENTATION_CONTEXT(2) 
PARAMETRIC_REPRESENTATION_CONTEXT() REPRESENTATION_CONTEXT('2D SPACE',''
  ) );
#15013 = ORIENTED_EDGE('',*,*,#15014,.T.);
#15014 = EDGE_CURVE('',#14992,#15015,#15017,.T.);
#15015 = VERTEX_POINT('',#15016);
#15016 = CARTESIAN_POINT('',(1.13037109375,-10.72361132812,2.35));
#15017 = SURFACE_CURVE('',#15018,(#15022,#15029),.PCURVE_S1.);
#15018 = LINE('',#15019,#15020);
#15019 = CARTESIAN_POINT('',(1.13037109375,-10.30124804687,2.35));
#15020 = VECTOR('',#15021,1.);
#15021 = DIRECTION('',(0.,-1.,0.));
#15022 = PCURVE('',#7614,#15023);
#15023 = DEFINITIONAL_REPRESENTATION('',(#15024),#15028);
#15024 = LINE('',#15025,#15026);
#15025 = CARTESIAN_POINT('',(2.51708984375,0.42236328125));
#15026 = VECTOR('',#15027,1.);
#15027 = DIRECTION('',(0.,-1.));
#15028 = ( GEOMETRIC_REPRESENTATION_CONTEXT(2) 
PARAMETRIC_REPRESENTATION_CONTEXT() REPRESENTATION_CONTEXT('2D SPACE',''
  ) );
#15029 = PCURVE('',#14119,#15030);
#15030 = DEFINITIONAL_REPRESENTATION('',(#15031),#15035);
#15031 = LINE('',#15032,#15033);
#15032 = CARTESIAN_POINT('',(0.,-0.35));
#15033 = VECTOR('',#15034,1.);
#15034 = DIRECTION('',(1.,0.));
#15035 = ( GEOMETRIC_REPRESENTATION_CONTEXT(2) 
PARAMETRIC_REPRESENTATION_CONTEXT() REPRESENTATION_CONTEXT('2D SPACE',''
  ) );
#15036 = ORIENTED_EDGE('',*,*,#15037,.T.);
#15037 = EDGE_CURVE('',#15015,#15038,#15040,.T.);
#15038 = VERTEX_POINT('',#15039);
#15039 = CARTESIAN_POINT('',(-1.2353515625,-10.72361132812,2.35));
#15040 = SURFACE_CURVE('',#15041,(#15045,#15052),.PCURVE_S1.);
#15041 = LINE('',#15042,#15043);
#15042 = CARTESIAN_POINT('',(1.13037109375,-10.72361132812,2.35));
#15043 = VECTOR('',#15044,1.);
#15044 = DIRECTION('',(-1.,0.,0.));
#15045 = PCURVE('',#7614,#15046);
#15046 = DEFINITIONAL_REPRESENTATION('',(#15047),#15051);
#15047 = LINE('',#15048,#15049);
#15048 = CARTESIAN_POINT('',(2.51708984375,0.));
#15049 = VECTOR('',#15050,1.);
#15050 = DIRECTION('',(-1.,0.));
#15051 = ( GEOMETRIC_REPRESENTATION_CONTEXT(2) 
PARAMETRIC_REPRESENTATION_CONTEXT() REPRESENTATION_CONTEXT('2D SPACE',''
  ) );
#15052 = PCURVE('',#14093,#15053);
#15053 = DEFINITIONAL_REPRESENTATION('',(#15054),#15058);
#15054 = LINE('',#15055,#15056);
#15055 = CARTESIAN_POINT('',(0.,-0.35));
#15056 = VECTOR('',#15057,1.);
#15057 = DIRECTION('',(1.,0.));
#15058 = ( GEOMETRIC_REPRESENTATION_CONTEXT(2) 
PARAMETRIC_REPRESENTATION_CONTEXT() REPRESENTATION_CONTEXT('2D SPACE',''
  ) );
#15059 = ORIENTED_EDGE('',*,*,#15060,.T.);
#15060 = EDGE_CURVE('',#15038,#15061,#15063,.T.);
#15061 = VERTEX_POINT('',#15062);
#15062 = CARTESIAN_POINT('',(-1.18408203125,-10.41843554687,2.35));
#15063 = SURFACE_CURVE('',#15064,(#15068,#15075),.PCURVE_S1.);
#15064 = B_SPLINE_CURVE_WITH_KNOTS('',2,(#15065,#15066,#15067),
  .UNSPECIFIED.,.F.,.F.,(3,3),(0.,1.),.PIECEWISE_BEZIER_KNOTS.);
#15065 = CARTESIAN_POINT('',(-1.2353515625,-10.72361132812,2.35));
#15066 = CARTESIAN_POINT('',(-1.240234375,-10.56491992187,2.35));
#15067 = CARTESIAN_POINT('',(-1.18408203125,-10.41843554687,2.35));
#15068 = PCURVE('',#7614,#15069);
#15069 = DEFINITIONAL_REPRESENTATION('',(#15070),#15074);
#15070 = B_SPLINE_CURVE_WITH_KNOTS('',2,(#15071,#15072,#15073),
  .UNSPECIFIED.,.F.,.F.,(3,3),(0.,1.),.PIECEWISE_BEZIER_KNOTS.);
#15071 = CARTESIAN_POINT('',(0.1513671875,0.));
#15072 = CARTESIAN_POINT('',(0.146484375,0.15869140625));
#15073 = CARTESIAN_POINT('',(0.20263671875,0.30517578125));
#15074 = ( GEOMETRIC_REPRESENTATION_CONTEXT(2) 
PARAMETRIC_REPRESENTATION_CONTEXT() REPRESENTATION_CONTEXT('2D SPACE',''
  ) );
#15075 = PCURVE('',#14063,#15076);
#15076 = DEFINITIONAL_REPRESENTATION('',(#15077),#15081);
#15077 = LINE('',#15078,#15079);
#15078 = CARTESIAN_POINT('',(0.,-0.35));
#15079 = VECTOR('',#15080,1.);
#15080 = DIRECTION('',(1.,0.));
#15081 = ( GEOMETRIC_REPRESENTATION_CONTEXT(2) 
PARAMETRIC_REPRESENTATION_CONTEXT() REPRESENTATION_CONTEXT('2D SPACE',''
  ) );
#15082 = ORIENTED_EDGE('',*,*,#15083,.T.);
#15083 = EDGE_CURVE('',#15061,#15084,#15086,.T.);
#15084 = VERTEX_POINT('',#15085);
#15085 = CARTESIAN_POINT('',(-0.894775390625,-9.942361328125,2.35));
#15086 = SURFACE_CURVE('',#15087,(#15091,#15098),.PCURVE_S1.);
#15087 = B_SPLINE_CURVE_WITH_KNOTS('',2,(#15088,#15089,#15090),
  .UNSPECIFIED.,.F.,.F.,(3,3),(0.,1.),.PIECEWISE_BEZIER_KNOTS.);
#15088 = CARTESIAN_POINT('',(-1.18408203125,-10.41843554687,2.35));
#15089 = CARTESIAN_POINT('',(-1.09375,-10.17673632812,2.35));
#15090 = CARTESIAN_POINT('',(-0.894775390625,-9.942361328125,2.35));
#15091 = PCURVE('',#7614,#15092);
#15092 = DEFINITIONAL_REPRESENTATION('',(#15093),#15097);
#15093 = B_SPLINE_CURVE_WITH_KNOTS('',2,(#15094,#15095,#15096),
  .UNSPECIFIED.,.F.,.F.,(3,3),(0.,1.),.PIECEWISE_BEZIER_KNOTS.);
#15094 = CARTESIAN_POINT('',(0.20263671875,0.30517578125));
#15095 = CARTESIAN_POINT('',(0.29296875,0.546875));
#15096 = CARTESIAN_POINT('',(0.491943359375,0.78125));
#15097 = ( GEOMETRIC_REPRESENTATION_CONTEXT(2) 
PARAMETRIC_REPRESENTATION_CONTEXT() REPRESENTATION_CONTEXT('2D SPACE',''
  ) );
#15098 = PCURVE('',#14033,#15099);
#15099 = DEFINITIONAL_REPRESENTATION('',(#15100),#15104);
#15100 = LINE('',#15101,#15102);
#15101 = CARTESIAN_POINT('',(0.,-0.35));
#15102 = VECTOR('',#15103,1.);
#15103 = DIRECTION('',(1.,0.));
#15104 = ( GEOMETRIC_REPRESENTATION_CONTEXT(2) 
PARAMETRIC_REPRESENTATION_CONTEXT() REPRESENTATION_CONTEXT('2D SPACE',''
  ) );
#15105 = ORIENTED_EDGE('',*,*,#15106,.T.);
#15106 = EDGE_CURVE('',#15084,#8272,#15107,.T.);
#15107 = SURFACE_CURVE('',#15108,(#15112,#15119),.PCURVE_S1.);
#15108 = B_SPLINE_CURVE_WITH_KNOTS('',2,(#15109,#15110,#15111),
  .UNSPECIFIED.,.F.,.F.,(3,3),(0.,1.),.PIECEWISE_BEZIER_KNOTS.);
#15109 = CARTESIAN_POINT('',(-0.894775390625,-9.942361328125,2.35));
#15110 = CARTESIAN_POINT('',(-0.69580078125,-9.707986328125,2.35));
#15111 = CARTESIAN_POINT('',(-0.31982421875,-9.400369140625,2.35));
#15112 = PCURVE('',#7614,#15113);
#15113 = DEFINITIONAL_REPRESENTATION('',(#15114),#15118);
#15114 = B_SPLINE_CURVE_WITH_KNOTS('',2,(#15115,#15116,#15117),
  .UNSPECIFIED.,.F.,.F.,(3,3),(0.,1.),.PIECEWISE_BEZIER_KNOTS.);
#15115 = CARTESIAN_POINT('',(0.491943359375,0.78125));
#15116 = CARTESIAN_POINT('',(0.69091796875,1.015625));
#15117 = CARTESIAN_POINT('',(1.06689453125,1.3232421875));
#15118 = ( GEOMETRIC_REPRESENTATION_CONTEXT(2) 
PARAMETRIC_REPRESENTATION_CONTEXT() REPRESENTATION_CONTEXT('2D SPACE',''
  ) );
#15119 = PCURVE('',#8287,#15120);
#15120 = DEFINITIONAL_REPRESENTATION('',(#15121),#15125);
#15121 = LINE('',#15122,#15123);
#15122 = CARTESIAN_POINT('',(0.,-0.35));
#15123 = VECTOR('',#15124,1.);
#15124 = DIRECTION('',(1.,0.));
#15125 = ( GEOMETRIC_REPRESENTATION_CONTEXT(2) 
PARAMETRIC_REPRESENTATION_CONTEXT() REPRESENTATION_CONTEXT('2D SPACE',''
  ) );
#15126 = ORIENTED_EDGE('',*,*,#8301,.T.);
#15127 = ORIENTED_EDGE('',*,*,#8243,.T.);
#15128 = ORIENTED_EDGE('',*,*,#8194,.T.);
#15129 = ORIENTED_EDGE('',*,*,#8145,.T.);
#15130 = ORIENTED_EDGE('',*,*,#8096,.T.);
#15131 = ORIENTED_EDGE('',*,*,#8047,.T.);
#15132 = ORIENTED_EDGE('',*,*,#7998,.T.);
#15133 = ORIENTED_EDGE('',*,*,#7949,.T.);
#15134 = ORIENTED_EDGE('',*,*,#7900,.T.);
#15135 = ORIENTED_EDGE('',*,*,#7851,.T.);
#15136 = ORIENTED_EDGE('',*,*,#7802,.T.);
#15137 = ORIENTED_EDGE('',*,*,#7753,.T.);
#15138 = ORIENTED_EDGE('',*,*,#7704,.T.);
#15139 = ORIENTED_EDGE('',*,*,#7598,.T.);
#15140 = ORIENTED_EDGE('',*,*,#14941,.T.);
#15141 = ORIENTED_EDGE('',*,*,#15142,.T.);
#15142 = EDGE_CURVE('',#14942,#14990,#15143,.T.);
#15143 = SURFACE_CURVE('',#15144,(#15148,#15155),.PCURVE_S1.);
#15144 = B_SPLINE_CURVE_WITH_KNOTS('',2,(#15145,#15146,#15147),
  .UNSPECIFIED.,.F.,.F.,(3,3),(0.,1.),.PIECEWISE_BEZIER_KNOTS.);
#15145 = CARTESIAN_POINT('',(-0.439453125,-10.0632109375,2.35));
#15146 = CARTESIAN_POINT('',(-0.5517578125,-10.18161914062,2.35));
#15147 = CARTESIAN_POINT('',(-0.625,-10.30124804687,2.35));
#15148 = PCURVE('',#7614,#15149);
#15149 = DEFINITIONAL_REPRESENTATION('',(#15150),#15154);
#15150 = B_SPLINE_CURVE_WITH_KNOTS('',2,(#15151,#15152,#15153),
  .UNSPECIFIED.,.F.,.F.,(3,3),(0.,1.),.PIECEWISE_BEZIER_KNOTS.);
#15151 = CARTESIAN_POINT('',(0.947265625,0.660400390625));
#15152 = CARTESIAN_POINT('',(0.8349609375,0.5419921875));
#15153 = CARTESIAN_POINT('',(0.76171875,0.42236328125));
#15154 = ( GEOMETRIC_REPRESENTATION_CONTEXT(2) 
PARAMETRIC_REPRESENTATION_CONTEXT() REPRESENTATION_CONTEXT('2D SPACE',''
  ) );
#15155 = PCURVE('',#13956,#15156);
#15156 = DEFINITIONAL_REPRESENTATION('',(#15157),#15161);
#15157 = LINE('',#15158,#15159);
#15158 = CARTESIAN_POINT('',(0.,-0.35));
#15159 = VECTOR('',#15160,1.);
#15160 = DIRECTION('',(1.,0.));
#15161 = ( GEOMETRIC_REPRESENTATION_CONTEXT(2) 
PARAMETRIC_REPRESENTATION_CONTEXT() REPRESENTATION_CONTEXT('2D SPACE',''
  ) );
#15162 = ADVANCED_FACE('',(#15163),#8287,.T.);
#15163 = FACE_BOUND('',#15164,.T.);
#15164 = EDGE_LOOP('',(#15165,#15186,#15187,#15188));
#15165 = ORIENTED_EDGE('',*,*,#15166,.T.);
#15166 = EDGE_CURVE('',#13995,#15084,#15167,.T.);
#15167 = SURFACE_CURVE('',#15168,(#15172,#15179),.PCURVE_S1.);
#15168 = LINE('',#15169,#15170);
#15169 = CARTESIAN_POINT('',(-0.894775390625,-9.942361328125,2.));
#15170 = VECTOR('',#15171,1.);
#15171 = DIRECTION('',(0.,0.,1.));
#15172 = PCURVE('',#8287,#15173);
#15173 = DEFINITIONAL_REPRESENTATION('',(#15174),#15178);
#15174 = LINE('',#15175,#15176);
#15175 = CARTESIAN_POINT('',(0.,0.));
#15176 = VECTOR('',#15177,1.);
#15177 = DIRECTION('',(0.,-1.));
#15178 = ( GEOMETRIC_REPRESENTATION_CONTEXT(2) 
PARAMETRIC_REPRESENTATION_CONTEXT() REPRESENTATION_CONTEXT('2D SPACE',''
  ) );
#15179 = PCURVE('',#14033,#15180);
#15180 = DEFINITIONAL_REPRESENTATION('',(#15181),#15185);
#15181 = LINE('',#15182,#15183);
#15182 = CARTESIAN_POINT('',(1.,0.));
#15183 = VECTOR('',#15184,1.);
#15184 = DIRECTION('',(0.,-1.));
#15185 = ( GEOMETRIC_REPRESENTATION_CONTEXT(2) 
PARAMETRIC_REPRESENTATION_CONTEXT() REPRESENTATION_CONTEXT('2D SPACE',''
  ) );
#15186 = ORIENTED_EDGE('',*,*,#15106,.T.);
#15187 = ORIENTED_EDGE('',*,*,#8269,.F.);
#15188 = ORIENTED_EDGE('',*,*,#13994,.F.);
#15189 = ADVANCED_FACE('',(#15190),#8415,.T.);
#15190 = FACE_BOUND('',#15191,.T.);
#15191 = EDGE_LOOP('',(#15192,#15193,#15216,#15237));
#15192 = ORIENTED_EDGE('',*,*,#8399,.T.);
#15193 = ORIENTED_EDGE('',*,*,#15194,.T.);
#15194 = EDGE_CURVE('',#8372,#15195,#15197,.T.);
#15195 = VERTEX_POINT('',#15196);
#15196 = CARTESIAN_POINT('',(-1.61376953125,-9.666482421875,2.35));
#15197 = SURFACE_CURVE('',#15198,(#15202,#15209),.PCURVE_S1.);
#15198 = B_SPLINE_CURVE_WITH_KNOTS('',2,(#15199,#15200,#15201),
  .UNSPECIFIED.,.F.,.F.,(3,3),(0.,1.),.PIECEWISE_BEZIER_KNOTS.);
#15199 = CARTESIAN_POINT('',(-1.78955078125,-9.08908984375,2.35));
#15200 = CARTESIAN_POINT('',(-1.61376953125,-9.319802734375,2.35));
#15201 = CARTESIAN_POINT('',(-1.61376953125,-9.666482421875,2.35));
#15202 = PCURVE('',#8415,#15203);
#15203 = DEFINITIONAL_REPRESENTATION('',(#15204),#15208);
#15204 = LINE('',#15205,#15206);
#15205 = CARTESIAN_POINT('',(0.,-0.35));
#15206 = VECTOR('',#15207,1.);
#15207 = DIRECTION('',(1.,0.));
#15208 = ( GEOMETRIC_REPRESENTATION_CONTEXT(2) 
PARAMETRIC_REPRESENTATION_CONTEXT() REPRESENTATION_CONTEXT('2D SPACE',''
  ) );
#15209 = PCURVE('',#8387,#15210);
#15210 = DEFINITIONAL_REPRESENTATION('',(#15211),#15215);
#15211 = B_SPLINE_CURVE_WITH_KNOTS('',2,(#15212,#15213,#15214),
  .UNSPECIFIED.,.F.,.F.,(3,3),(0.,1.),.PIECEWISE_BEZIER_KNOTS.);
#15212 = CARTESIAN_POINT('',(2.3779296875,1.634521484375));
#15213 = CARTESIAN_POINT('',(2.5537109375,1.40380859375));
#15214 = CARTESIAN_POINT('',(2.5537109375,1.05712890625));
#15215 = ( GEOMETRIC_REPRESENTATION_CONTEXT(2) 
PARAMETRIC_REPRESENTATION_CONTEXT() REPRESENTATION_CONTEXT('2D SPACE',''
  ) );
#15216 = ORIENTED_EDGE('',*,*,#15217,.F.);
#15217 = EDGE_CURVE('',#13684,#15195,#15218,.T.);
#15218 = SURFACE_CURVE('',#15219,(#15223,#15230),.PCURVE_S1.);
#15219 = LINE('',#15220,#15221);
#15220 = CARTESIAN_POINT('',(-1.61376953125,-9.666482421875,2.));
#15221 = VECTOR('',#15222,1.);
#15222 = DIRECTION('',(0.,0.,1.));
#15223 = PCURVE('',#8415,#15224);
#15224 = DEFINITIONAL_REPRESENTATION('',(#15225),#15229);
#15225 = LINE('',#15226,#15227);
#15226 = CARTESIAN_POINT('',(1.,0.));
#15227 = VECTOR('',#15228,1.);
#15228 = DIRECTION('',(0.,-1.));
#15229 = ( GEOMETRIC_REPRESENTATION_CONTEXT(2) 
PARAMETRIC_REPRESENTATION_CONTEXT() REPRESENTATION_CONTEXT('2D SPACE',''
  ) );
#15230 = PCURVE('',#13699,#15231);
#15231 = DEFINITIONAL_REPRESENTATION('',(#15232),#15236);
#15232 = LINE('',#15233,#15234);
#15233 = CARTESIAN_POINT('',(0.,0.));
#15234 = VECTOR('',#15235,1.);
#15235 = DIRECTION('',(0.,-1.));
#15236 = ( GEOMETRIC_REPRESENTATION_CONTEXT(2) 
PARAMETRIC_REPRESENTATION_CONTEXT() REPRESENTATION_CONTEXT('2D SPACE',''
  ) );
#15237 = ORIENTED_EDGE('',*,*,#13713,.F.);
#15238 = ADVANCED_FACE('',(#15239),#8387,.T.);
#15239 = FACE_BOUND('',#15240,.F.);
#15240 = EDGE_LOOP('',(#15241,#15266,#15289,#15312,#15335,#15358,#15381,
    #15404,#15425,#15426,#15427,#15428,#15429,#15430,#15431,#15432,
    #15433,#15434,#15435,#15436,#15437,#15438,#15439,#15440,#15441,
    #15442,#15443,#15466,#15489,#15512));
#15241 = ORIENTED_EDGE('',*,*,#15242,.T.);
#15242 = EDGE_CURVE('',#15243,#15245,#15247,.T.);
#15243 = VERTEX_POINT('',#15244);
#15244 = CARTESIAN_POINT('',(-3.95751953125,-9.778787109375,2.35));
#15245 = VERTEX_POINT('',#15246);
#15246 = CARTESIAN_POINT('',(-3.51806640625,-9.720193359375,2.35));
#15247 = SURFACE_CURVE('',#15248,(#15252,#15259),.PCURVE_S1.);
#15248 = LINE('',#15249,#15250);
#15249 = CARTESIAN_POINT('',(-3.95751953125,-9.778787109375,2.35));
#15250 = VECTOR('',#15251,1.);
#15251 = DIRECTION('',(0.991227900683,0.132163720091,0.));
#15252 = PCURVE('',#8387,#15253);
#15253 = DEFINITIONAL_REPRESENTATION('',(#15254),#15258);
#15254 = LINE('',#15255,#15256);
#15255 = CARTESIAN_POINT('',(0.2099609375,0.94482421875));
#15256 = VECTOR('',#15257,1.);
#15257 = DIRECTION('',(0.991227900683,0.132163720091));
#15258 = ( GEOMETRIC_REPRESENTATION_CONTEXT(2) 
PARAMETRIC_REPRESENTATION_CONTEXT() REPRESENTATION_CONTEXT('2D SPACE',''
  ) );
#15259 = PCURVE('',#13581,#15260);
#15260 = DEFINITIONAL_REPRESENTATION('',(#15261),#15265);
#15261 = LINE('',#15262,#15263);
#15262 = CARTESIAN_POINT('',(0.,-0.35));
#15263 = VECTOR('',#15264,1.);
#15264 = DIRECTION('',(1.,0.));
#15265 = ( GEOMETRIC_REPRESENTATION_CONTEXT(2) 
PARAMETRIC_REPRESENTATION_CONTEXT() REPRESENTATION_CONTEXT('2D SPACE',''
  ) );
#15266 = ORIENTED_EDGE('',*,*,#15267,.T.);
#15267 = EDGE_CURVE('',#15245,#15268,#15270,.T.);
#15268 = VERTEX_POINT('',#15269);
#15269 = CARTESIAN_POINT('',(-3.260498046875,-10.2585234375,2.35));
#15270 = SURFACE_CURVE('',#15271,(#15275,#15282),.PCURVE_S1.);
#15271 = B_SPLINE_CURVE_WITH_KNOTS('',2,(#15272,#15273,#15274),
  .UNSPECIFIED.,.F.,.F.,(3,3),(0.,1.),.PIECEWISE_BEZIER_KNOTS.);
#15272 = CARTESIAN_POINT('',(-3.51806640625,-9.720193359375,2.35));
#15273 = CARTESIAN_POINT('',(-3.4423828125,-10.09372851562,2.35));
#15274 = CARTESIAN_POINT('',(-3.260498046875,-10.2585234375,2.35));
#15275 = PCURVE('',#8387,#15276);
#15276 = DEFINITIONAL_REPRESENTATION('',(#15277),#15281);
#15277 = B_SPLINE_CURVE_WITH_KNOTS('',2,(#15278,#15279,#15280),
  .UNSPECIFIED.,.F.,.F.,(3,3),(0.,1.),.PIECEWISE_BEZIER_KNOTS.);
#15278 = CARTESIAN_POINT('',(0.6494140625,1.00341796875));
#15279 = CARTESIAN_POINT('',(0.72509765625,0.6298828125));
#15280 = CARTESIAN_POINT('',(0.906982421875,0.465087890625));
#15281 = ( GEOMETRIC_REPRESENTATION_CONTEXT(2) 
PARAMETRIC_REPRESENTATION_CONTEXT() REPRESENTATION_CONTEXT('2D SPACE',''
  ) );
#15282 = PCURVE('',#13893,#15283);
#15283 = DEFINITIONAL_REPRESENTATION('',(#15284),#15288);
#15284 = LINE('',#15285,#15286);
#15285 = CARTESIAN_POINT('',(0.,-0.35));
#15286 = VECTOR('',#15287,1.);
#15287 = DIRECTION('',(1.,0.));
#15288 = ( GEOMETRIC_REPRESENTATION_CONTEXT(2) 
PARAMETRIC_REPRESENTATION_CONTEXT() REPRESENTATION_CONTEXT('2D SPACE',''
  ) );
#15289 = ORIENTED_EDGE('',*,*,#15290,.T.);
#15290 = EDGE_CURVE('',#15268,#15291,#15293,.T.);
#15291 = VERTEX_POINT('',#15292);
#15292 = CARTESIAN_POINT('',(-2.8173828125,-10.42331835937,2.35));
#15293 = SURFACE_CURVE('',#15294,(#15298,#15305),.PCURVE_S1.);
#15294 = B_SPLINE_CURVE_WITH_KNOTS('',2,(#15295,#15296,#15297),
  .UNSPECIFIED.,.F.,.F.,(3,3),(0.,1.),.PIECEWISE_BEZIER_KNOTS.);
#15295 = CARTESIAN_POINT('',(-3.260498046875,-10.2585234375,2.35));
#15296 = CARTESIAN_POINT('',(-3.07861328125,-10.42331835937,2.35));
#15297 = CARTESIAN_POINT('',(-2.8173828125,-10.42331835937,2.35));
#15298 = PCURVE('',#8387,#15299);
#15299 = DEFINITIONAL_REPRESENTATION('',(#15300),#15304);
#15300 = B_SPLINE_CURVE_WITH_KNOTS('',2,(#15301,#15302,#15303),
  .UNSPECIFIED.,.F.,.F.,(3,3),(0.,1.),.PIECEWISE_BEZIER_KNOTS.);
#15301 = CARTESIAN_POINT('',(0.906982421875,0.465087890625));
#15302 = CARTESIAN_POINT('',(1.0888671875,0.30029296875));
#15303 = CARTESIAN_POINT('',(1.35009765625,0.30029296875));
#15304 = ( GEOMETRIC_REPRESENTATION_CONTEXT(2) 
PARAMETRIC_REPRESENTATION_CONTEXT() REPRESENTATION_CONTEXT('2D SPACE',''
  ) );
#15305 = PCURVE('',#13865,#15306);
#15306 = DEFINITIONAL_REPRESENTATION('',(#15307),#15311);
#15307 = LINE('',#15308,#15309);
#15308 = CARTESIAN_POINT('',(0.,-0.35));
#15309 = VECTOR('',#15310,1.);
#15310 = DIRECTION('',(1.,0.));
#15311 = ( GEOMETRIC_REPRESENTATION_CONTEXT(2) 
PARAMETRIC_REPRESENTATION_CONTEXT() REPRESENTATION_CONTEXT('2D SPACE',''
  ) );
#15312 = ORIENTED_EDGE('',*,*,#15313,.T.);
#15313 = EDGE_CURVE('',#15291,#15314,#15316,.T.);
#15314 = VERTEX_POINT('',#15315);
#15315 = CARTESIAN_POINT('',(-2.293701171875,-10.20847460937,2.35));
#15316 = SURFACE_CURVE('',#15317,(#15321,#15328),.PCURVE_S1.);
#15317 = B_SPLINE_CURVE_WITH_KNOTS('',2,(#15318,#15319,#15320),
  .UNSPECIFIED.,.F.,.F.,(3,3),(0.,1.),.PIECEWISE_BEZIER_KNOTS.);
#15318 = CARTESIAN_POINT('',(-2.8173828125,-10.42331835937,2.35));
#15319 = CARTESIAN_POINT('',(-2.50732421875,-10.42331835937,2.35));
#15320 = CARTESIAN_POINT('',(-2.293701171875,-10.20847460937,2.35));
#15321 = PCURVE('',#8387,#15322);
#15322 = DEFINITIONAL_REPRESENTATION('',(#15323),#15327);
#15323 = B_SPLINE_CURVE_WITH_KNOTS('',2,(#15324,#15325,#15326),
  .UNSPECIFIED.,.F.,.F.,(3,3),(0.,1.),.PIECEWISE_BEZIER_KNOTS.);
#15324 = CARTESIAN_POINT('',(1.35009765625,0.30029296875));
#15325 = CARTESIAN_POINT('',(1.66015625,0.30029296875));
#15326 = CARTESIAN_POINT('',(1.873779296875,0.51513671875));
#15327 = ( GEOMETRIC_REPRESENTATION_CONTEXT(2) 
PARAMETRIC_REPRESENTATION_CONTEXT() REPRESENTATION_CONTEXT('2D SPACE',''
  ) );
#15328 = PCURVE('',#13835,#15329);
#15329 = DEFINITIONAL_REPRESENTATION('',(#15330),#15334);
#15330 = LINE('',#15331,#15332);
#15331 = CARTESIAN_POINT('',(0.,-0.35));
#15332 = VECTOR('',#15333,1.);
#15333 = DIRECTION('',(1.,0.));
#15334 = ( GEOMETRIC_REPRESENTATION_CONTEXT(2) 
PARAMETRIC_REPRESENTATION_CONTEXT() REPRESENTATION_CONTEXT('2D SPACE',''
  ) );
#15335 = ORIENTED_EDGE('',*,*,#15336,.T.);
#15336 = EDGE_CURVE('',#15314,#15337,#15339,.T.);
#15337 = VERTEX_POINT('',#15338);
#15338 = CARTESIAN_POINT('',(-2.080078125,-9.676248046875,2.35));
#15339 = SURFACE_CURVE('',#15340,(#15344,#15351),.PCURVE_S1.);
#15340 = B_SPLINE_CURVE_WITH_KNOTS('',2,(#15341,#15342,#15343),
  .UNSPECIFIED.,.F.,.F.,(3,3),(0.,1.),.PIECEWISE_BEZIER_KNOTS.);
#15341 = CARTESIAN_POINT('',(-2.293701171875,-10.20847460937,2.35));
#15342 = CARTESIAN_POINT('',(-2.080078125,-9.993630859375,2.35));
#15343 = CARTESIAN_POINT('',(-2.080078125,-9.676248046875,2.35));
#15344 = PCURVE('',#8387,#15345);
#15345 = DEFINITIONAL_REPRESENTATION('',(#15346),#15350);
#15346 = B_SPLINE_CURVE_WITH_KNOTS('',2,(#15347,#15348,#15349),
  .UNSPECIFIED.,.F.,.F.,(3,3),(0.,1.),.PIECEWISE_BEZIER_KNOTS.);
#15347 = CARTESIAN_POINT('',(1.873779296875,0.51513671875));
#15348 = CARTESIAN_POINT('',(2.08740234375,0.72998046875));
#15349 = CARTESIAN_POINT('',(2.08740234375,1.04736328125));
#15350 = ( GEOMETRIC_REPRESENTATION_CONTEXT(2) 
PARAMETRIC_REPRESENTATION_CONTEXT() REPRESENTATION_CONTEXT('2D SPACE',''
  ) );
#15351 = PCURVE('',#13805,#15352);
#15352 = DEFINITIONAL_REPRESENTATION('',(#15353),#15357);
#15353 = LINE('',#15354,#15355);
#15354 = CARTESIAN_POINT('',(0.,-0.35));
#15355 = VECTOR('',#15356,1.);
#15356 = DIRECTION('',(1.,0.));
#15357 = ( GEOMETRIC_REPRESENTATION_CONTEXT(2) 
PARAMETRIC_REPRESENTATION_CONTEXT() REPRESENTATION_CONTEXT('2D SPACE',''
  ) );
#15358 = ORIENTED_EDGE('',*,*,#15359,.T.);
#15359 = EDGE_CURVE('',#15337,#15360,#15362,.T.);
#15360 = VERTEX_POINT('',#15361);
#15361 = CARTESIAN_POINT('',(-2.27783203125,-9.17698046875,2.35));
#15362 = SURFACE_CURVE('',#15363,(#15367,#15374),.PCURVE_S1.);
#15363 = B_SPLINE_CURVE_WITH_KNOTS('',2,(#15364,#15365,#15366),
  .UNSPECIFIED.,.F.,.F.,(3,3),(0.,1.),.PIECEWISE_BEZIER_KNOTS.);
#15364 = CARTESIAN_POINT('',(-2.080078125,-9.676248046875,2.35));
#15365 = CARTESIAN_POINT('',(-2.080078125,-9.373513671875,2.35));
#15366 = CARTESIAN_POINT('',(-2.27783203125,-9.17698046875,2.35));
#15367 = PCURVE('',#8387,#15368);
#15368 = DEFINITIONAL_REPRESENTATION('',(#15369),#15373);
#15369 = B_SPLINE_CURVE_WITH_KNOTS('',2,(#15370,#15371,#15372),
  .UNSPECIFIED.,.F.,.F.,(3,3),(0.,1.),.PIECEWISE_BEZIER_KNOTS.);
#15370 = CARTESIAN_POINT('',(2.08740234375,1.04736328125));
#15371 = CARTESIAN_POINT('',(2.08740234375,1.35009765625));
#15372 = CARTESIAN_POINT('',(1.8896484375,1.546630859375));
#15373 = ( GEOMETRIC_REPRESENTATION_CONTEXT(2) 
PARAMETRIC_REPRESENTATION_CONTEXT() REPRESENTATION_CONTEXT('2D SPACE',''
  ) );
#15374 = PCURVE('',#13775,#15375);
#15375 = DEFINITIONAL_REPRESENTATION('',(#15376),#15380);
#15376 = LINE('',#15377,#15378);
#15377 = CARTESIAN_POINT('',(0.,-0.35));
#15378 = VECTOR('',#15379,1.);
#15379 = DIRECTION('',(1.,0.));
#15380 = ( GEOMETRIC_REPRESENTATION_CONTEXT(2) 
PARAMETRIC_REPRESENTATION_CONTEXT() REPRESENTATION_CONTEXT('2D SPACE',''
  ) );
#15381 = ORIENTED_EDGE('',*,*,#15382,.T.);
#15382 = EDGE_CURVE('',#15360,#15383,#15385,.T.);
#15383 = VERTEX_POINT('',#15384);
#15384 = CARTESIAN_POINT('',(-2.78076171875,-8.980447265625,2.35));
#15385 = SURFACE_CURVE('',#15386,(#15390,#15397),.PCURVE_S1.);
#15386 = B_SPLINE_CURVE_WITH_KNOTS('',2,(#15387,#15388,#15389),
  .UNSPECIFIED.,.F.,.F.,(3,3),(0.,1.),.PIECEWISE_BEZIER_KNOTS.);
#15387 = CARTESIAN_POINT('',(-2.27783203125,-9.17698046875,2.35));
#15388 = CARTESIAN_POINT('',(-2.4755859375,-8.980447265625,2.35));
#15389 = CARTESIAN_POINT('',(-2.78076171875,-8.980447265625,2.35));
#15390 = PCURVE('',#8387,#15391);
#15391 = DEFINITIONAL_REPRESENTATION('',(#15392),#15396);
#15392 = B_SPLINE_CURVE_WITH_KNOTS('',2,(#15393,#15394,#15395),
  .UNSPECIFIED.,.F.,.F.,(3,3),(0.,1.),.PIECEWISE_BEZIER_KNOTS.);
#15393 = CARTESIAN_POINT('',(1.8896484375,1.546630859375));
#15394 = CARTESIAN_POINT('',(1.69189453125,1.7431640625));
#15395 = CARTESIAN_POINT('',(1.38671875,1.7431640625));
#15396 = ( GEOMETRIC_REPRESENTATION_CONTEXT(2) 
PARAMETRIC_REPRESENTATION_CONTEXT() REPRESENTATION_CONTEXT('2D SPACE',''
  ) );
#15397 = PCURVE('',#13546,#15398);
#15398 = DEFINITIONAL_REPRESENTATION('',(#15399),#15403);
#15399 = LINE('',#15400,#15401);
#15400 = CARTESIAN_POINT('',(0.,-0.35));
#15401 = VECTOR('',#15402,1.);
#15402 = DIRECTION('',(1.,0.));
#15403 = ( GEOMETRIC_REPRESENTATION_CONTEXT(2) 
PARAMETRIC_REPRESENTATION_CONTEXT() REPRESENTATION_CONTEXT('2D SPACE',''
  ) );
#15404 = ORIENTED_EDGE('',*,*,#15405,.T.);
#15405 = EDGE_CURVE('',#15383,#9192,#15406,.T.);
#15406 = SURFACE_CURVE('',#15407,(#15411,#15418),.PCURVE_S1.);
#15407 = B_SPLINE_CURVE_WITH_KNOTS('',2,(#15408,#15409,#15410),
  .UNSPECIFIED.,.F.,.F.,(3,3),(0.,1.),.PIECEWISE_BEZIER_KNOTS.);
#15408 = CARTESIAN_POINT('',(-2.78076171875,-8.980447265625,2.35));
#15409 = CARTESIAN_POINT('',(-2.9052734375,-8.980447265625,2.35));
#15410 = CARTESIAN_POINT('',(-3.0908203125,-9.029275390625,2.35));
#15411 = PCURVE('',#8387,#15412);
#15412 = DEFINITIONAL_REPRESENTATION('',(#15413),#15417);
#15413 = B_SPLINE_CURVE_WITH_KNOTS('',2,(#15414,#15415,#15416),
  .UNSPECIFIED.,.F.,.F.,(3,3),(0.,1.),.PIECEWISE_BEZIER_KNOTS.);
#15414 = CARTESIAN_POINT('',(1.38671875,1.7431640625));
#15415 = CARTESIAN_POINT('',(1.26220703125,1.7431640625));
#15416 = CARTESIAN_POINT('',(1.07666015625,1.6943359375));
#15417 = ( GEOMETRIC_REPRESENTATION_CONTEXT(2) 
PARAMETRIC_REPRESENTATION_CONTEXT() REPRESENTATION_CONTEXT('2D SPACE',''
  ) );
#15418 = PCURVE('',#9207,#15419);
#15419 = DEFINITIONAL_REPRESENTATION('',(#15420),#15424);
#15420 = LINE('',#15421,#15422);
#15421 = CARTESIAN_POINT('',(0.,-0.35));
#15422 = VECTOR('',#15423,1.);
#15423 = DIRECTION('',(1.,0.));
#15424 = ( GEOMETRIC_REPRESENTATION_CONTEXT(2) 
PARAMETRIC_REPRESENTATION_CONTEXT() REPRESENTATION_CONTEXT('2D SPACE',''
  ) );
#15425 = ORIENTED_EDGE('',*,*,#9221,.T.);
#15426 = ORIENTED_EDGE('',*,*,#9163,.T.);
#15427 = ORIENTED_EDGE('',*,*,#9114,.T.);
#15428 = ORIENTED_EDGE('',*,*,#9065,.T.);
#15429 = ORIENTED_EDGE('',*,*,#9016,.T.);
#15430 = ORIENTED_EDGE('',*,*,#8967,.T.);
#15431 = ORIENTED_EDGE('',*,*,#8918,.T.);
#15432 = ORIENTED_EDGE('',*,*,#8869,.T.);
#15433 = ORIENTED_EDGE('',*,*,#8820,.T.);
#15434 = ORIENTED_EDGE('',*,*,#8771,.T.);
#15435 = ORIENTED_EDGE('',*,*,#8722,.T.);
#15436 = ORIENTED_EDGE('',*,*,#8673,.T.);
#15437 = ORIENTED_EDGE('',*,*,#8624,.T.);
#15438 = ORIENTED_EDGE('',*,*,#8575,.T.);
#15439 = ORIENTED_EDGE('',*,*,#8526,.T.);
#15440 = ORIENTED_EDGE('',*,*,#8477,.T.);
#15441 = ORIENTED_EDGE('',*,*,#8371,.T.);
#15442 = ORIENTED_EDGE('',*,*,#15194,.T.);
#15443 = ORIENTED_EDGE('',*,*,#15444,.T.);
#15444 = EDGE_CURVE('',#15195,#15445,#15447,.T.);
#15445 = VERTEX_POINT('',#15446);
#15446 = CARTESIAN_POINT('',(-1.95556640625,-10.46116015625,2.35));
#15447 = SURFACE_CURVE('',#15448,(#15452,#15459),.PCURVE_S1.);
#15448 = B_SPLINE_CURVE_WITH_KNOTS('',2,(#15449,#15450,#15451),
  .UNSPECIFIED.,.F.,.F.,(3,3),(0.,1.),.PIECEWISE_BEZIER_KNOTS.);
#15449 = CARTESIAN_POINT('',(-1.61376953125,-9.666482421875,2.35));
#15450 = CARTESIAN_POINT('',(-1.61376953125,-10.13523242187,2.35));
#15451 = CARTESIAN_POINT('',(-1.95556640625,-10.46116015625,2.35));
#15452 = PCURVE('',#8387,#15453);
#15453 = DEFINITIONAL_REPRESENTATION('',(#15454),#15458);
#15454 = B_SPLINE_CURVE_WITH_KNOTS('',2,(#15455,#15456,#15457),
  .UNSPECIFIED.,.F.,.F.,(3,3),(0.,1.),.PIECEWISE_BEZIER_KNOTS.);
#15455 = CARTESIAN_POINT('',(2.5537109375,1.05712890625));
#15456 = CARTESIAN_POINT('',(2.5537109375,0.58837890625));
#15457 = CARTESIAN_POINT('',(2.2119140625,0.262451171875));
#15458 = ( GEOMETRIC_REPRESENTATION_CONTEXT(2) 
PARAMETRIC_REPRESENTATION_CONTEXT() REPRESENTATION_CONTEXT('2D SPACE',''
  ) );
#15459 = PCURVE('',#13699,#15460);
#15460 = DEFINITIONAL_REPRESENTATION('',(#15461),#15465);
#15461 = LINE('',#15462,#15463);
#15462 = CARTESIAN_POINT('',(0.,-0.35));
#15463 = VECTOR('',#15464,1.);
#15464 = DIRECTION('',(1.,0.));
#15465 = ( GEOMETRIC_REPRESENTATION_CONTEXT(2) 
PARAMETRIC_REPRESENTATION_CONTEXT() REPRESENTATION_CONTEXT('2D SPACE',''
  ) );
#15466 = ORIENTED_EDGE('',*,*,#15467,.T.);
#15467 = EDGE_CURVE('',#15445,#15468,#15470,.T.);
#15468 = VERTEX_POINT('',#15469);
#15469 = CARTESIAN_POINT('',(-2.81982421875,-10.78708789062,2.35));
#15470 = SURFACE_CURVE('',#15471,(#15475,#15482),.PCURVE_S1.);
#15471 = B_SPLINE_CURVE_WITH_KNOTS('',2,(#15472,#15473,#15474),
  .UNSPECIFIED.,.F.,.F.,(3,3),(0.,1.),.PIECEWISE_BEZIER_KNOTS.);
#15472 = CARTESIAN_POINT('',(-1.95556640625,-10.46116015625,2.35));
#15473 = CARTESIAN_POINT('',(-2.29736328125,-10.78708789062,2.35));
#15474 = CARTESIAN_POINT('',(-2.81982421875,-10.78708789062,2.35));
#15475 = PCURVE('',#8387,#15476);
#15476 = DEFINITIONAL_REPRESENTATION('',(#15477),#15481);
#15477 = B_SPLINE_CURVE_WITH_KNOTS('',2,(#15478,#15479,#15480),
  .UNSPECIFIED.,.F.,.F.,(3,3),(0.,1.),.PIECEWISE_BEZIER_KNOTS.);
#15478 = CARTESIAN_POINT('',(2.2119140625,0.262451171875));
#15479 = CARTESIAN_POINT('',(1.8701171875,-6.34765625E-02));
#15480 = CARTESIAN_POINT('',(1.34765625,-6.34765625E-02));
#15481 = ( GEOMETRIC_REPRESENTATION_CONTEXT(2) 
PARAMETRIC_REPRESENTATION_CONTEXT() REPRESENTATION_CONTEXT('2D SPACE',''
  ) );
#15482 = PCURVE('',#13669,#15483);
#15483 = DEFINITIONAL_REPRESENTATION('',(#15484),#15488);
#15484 = LINE('',#15485,#15486);
#15485 = CARTESIAN_POINT('',(0.,-0.35));
#15486 = VECTOR('',#15487,1.);
#15487 = DIRECTION('',(1.,0.));
#15488 = ( GEOMETRIC_REPRESENTATION_CONTEXT(2) 
PARAMETRIC_REPRESENTATION_CONTEXT() REPRESENTATION_CONTEXT('2D SPACE',''
  ) );
#15489 = ORIENTED_EDGE('',*,*,#15490,.T.);
#15490 = EDGE_CURVE('',#15468,#15491,#15493,.T.);
#15491 = VERTEX_POINT('',#15492);
#15492 = CARTESIAN_POINT('',(-3.602294921875,-10.50632617187,2.35));
#15493 = SURFACE_CURVE('',#15494,(#15498,#15505),.PCURVE_S1.);
#15494 = B_SPLINE_CURVE_WITH_KNOTS('',2,(#15495,#15496,#15497),
  .UNSPECIFIED.,.F.,.F.,(3,3),(0.,1.),.PIECEWISE_BEZIER_KNOTS.);
#15495 = CARTESIAN_POINT('',(-2.81982421875,-10.78708789062,2.35));
#15496 = CARTESIAN_POINT('',(-3.291015625,-10.78708789062,2.35));
#15497 = CARTESIAN_POINT('',(-3.602294921875,-10.50632617187,2.35));
#15498 = PCURVE('',#8387,#15499);
#15499 = DEFINITIONAL_REPRESENTATION('',(#15500),#15504);
#15500 = B_SPLINE_CURVE_WITH_KNOTS('',2,(#15501,#15502,#15503),
  .UNSPECIFIED.,.F.,.F.,(3,3),(0.,1.),.PIECEWISE_BEZIER_KNOTS.);
#15501 = CARTESIAN_POINT('',(1.34765625,-6.34765625E-02));
#15502 = CARTESIAN_POINT('',(0.87646484375,-6.34765625E-02));
#15503 = CARTESIAN_POINT('',(0.565185546875,0.21728515625));
#15504 = ( GEOMETRIC_REPRESENTATION_CONTEXT(2) 
PARAMETRIC_REPRESENTATION_CONTEXT() REPRESENTATION_CONTEXT('2D SPACE',''
  ) );
#15505 = PCURVE('',#13639,#15506);
#15506 = DEFINITIONAL_REPRESENTATION('',(#15507),#15511);
#15507 = LINE('',#15508,#15509);
#15508 = CARTESIAN_POINT('',(0.,-0.35));
#15509 = VECTOR('',#15510,1.);
#15510 = DIRECTION('',(1.,0.));
#15511 = ( GEOMETRIC_REPRESENTATION_CONTEXT(2) 
PARAMETRIC_REPRESENTATION_CONTEXT() REPRESENTATION_CONTEXT('2D SPACE',''
  ) );
#15512 = ORIENTED_EDGE('',*,*,#15513,.T.);
#15513 = EDGE_CURVE('',#15491,#15243,#15514,.T.);
#15514 = SURFACE_CURVE('',#15515,(#15519,#15526),.PCURVE_S1.);
#15515 = B_SPLINE_CURVE_WITH_KNOTS('',2,(#15516,#15517,#15518),
  .UNSPECIFIED.,.F.,.F.,(3,3),(0.,1.),.PIECEWISE_BEZIER_KNOTS.);
#15516 = CARTESIAN_POINT('',(-3.602294921875,-10.50632617187,2.35));
#15517 = CARTESIAN_POINT('',(-3.91357421875,-10.22556445312,2.35));
#15518 = CARTESIAN_POINT('',(-3.95751953125,-9.778787109375,2.35));
#15519 = PCURVE('',#8387,#15520);
#15520 = DEFINITIONAL_REPRESENTATION('',(#15521),#15525);
#15521 = B_SPLINE_CURVE_WITH_KNOTS('',2,(#15522,#15523,#15524),
  .UNSPECIFIED.,.F.,.F.,(3,3),(0.,1.),.PIECEWISE_BEZIER_KNOTS.);
#15522 = CARTESIAN_POINT('',(0.565185546875,0.21728515625));
#15523 = CARTESIAN_POINT('',(0.25390625,0.498046875));
#15524 = CARTESIAN_POINT('',(0.2099609375,0.94482421875));
#15525 = ( GEOMETRIC_REPRESENTATION_CONTEXT(2) 
PARAMETRIC_REPRESENTATION_CONTEXT() REPRESENTATION_CONTEXT('2D SPACE',''
  ) );
#15526 = PCURVE('',#13609,#15527);
#15527 = DEFINITIONAL_REPRESENTATION('',(#15528),#15532);
#15528 = LINE('',#15529,#15530);
#15529 = CARTESIAN_POINT('',(0.,-0.35));
#15530 = VECTOR('',#15531,1.);
#15531 = DIRECTION('',(1.,0.));
#15532 = ( GEOMETRIC_REPRESENTATION_CONTEXT(2) 
PARAMETRIC_REPRESENTATION_CONTEXT() REPRESENTATION_CONTEXT('2D SPACE',''
  ) );
#15533 = ADVANCED_FACE('',(#15534),#9207,.T.);
#15534 = FACE_BOUND('',#15535,.T.);
#15535 = EDGE_LOOP('',(#15536,#15557,#15558,#15559,#15560));
#15536 = ORIENTED_EDGE('',*,*,#15537,.T.);
#15537 = EDGE_CURVE('',#13509,#15383,#15538,.T.);
#15538 = SURFACE_CURVE('',#15539,(#15543,#15550),.PCURVE_S1.);
#15539 = LINE('',#15540,#15541);
#15540 = CARTESIAN_POINT('',(-2.78076171875,-8.980447265625,2.));
#15541 = VECTOR('',#15542,1.);
#15542 = DIRECTION('',(0.,0.,1.));
#15543 = PCURVE('',#9207,#15544);
#15544 = DEFINITIONAL_REPRESENTATION('',(#15545),#15549);
#15545 = LINE('',#15546,#15547);
#15546 = CARTESIAN_POINT('',(0.,0.));
#15547 = VECTOR('',#15548,1.);
#15548 = DIRECTION('',(0.,-1.));
#15549 = ( GEOMETRIC_REPRESENTATION_CONTEXT(2) 
PARAMETRIC_REPRESENTATION_CONTEXT() REPRESENTATION_CONTEXT('2D SPACE',''
  ) );
#15550 = PCURVE('',#13546,#15551);
#15551 = DEFINITIONAL_REPRESENTATION('',(#15552),#15556);
#15552 = LINE('',#15553,#15554);
#15553 = CARTESIAN_POINT('',(1.,0.));
#15554 = VECTOR('',#15555,1.);
#15555 = DIRECTION('',(0.,-1.));
#15556 = ( GEOMETRIC_REPRESENTATION_CONTEXT(2) 
PARAMETRIC_REPRESENTATION_CONTEXT() REPRESENTATION_CONTEXT('2D SPACE',''
  ) );
#15557 = ORIENTED_EDGE('',*,*,#15405,.T.);
#15558 = ORIENTED_EDGE('',*,*,#9189,.F.);
#15559 = ORIENTED_EDGE('',*,*,#13482,.F.);
#15560 = ORIENTED_EDGE('',*,*,#13508,.F.);
#15561 = ADVANCED_FACE('',(#15562),#9335,.T.);
#15562 = FACE_BOUND('',#15563,.T.);
#15563 = EDGE_LOOP('',(#15564,#15565,#15588,#15609));
#15564 = ORIENTED_EDGE('',*,*,#9319,.T.);
#15565 = ORIENTED_EDGE('',*,*,#15566,.T.);
#15566 = EDGE_CURVE('',#9292,#15567,#15569,.T.);
#15567 = VERTEX_POINT('',#15568);
#15568 = CARTESIAN_POINT('',(-6.64306640625,-9.268533203125,2.35));
#15569 = SURFACE_CURVE('',#15570,(#15574,#15581),.PCURVE_S1.);
#15570 = LINE('',#15571,#15572);
#15571 = CARTESIAN_POINT('',(-5.72509765625,-9.268533203125,2.35));
#15572 = VECTOR('',#15573,1.);
#15573 = DIRECTION('',(-1.,0.,0.));
#15574 = PCURVE('',#9335,#15575);
#15575 = DEFINITIONAL_REPRESENTATION('',(#15576),#15580);
#15576 = LINE('',#15577,#15578);
#15577 = CARTESIAN_POINT('',(0.,-0.35));
#15578 = VECTOR('',#15579,1.);
#15579 = DIRECTION('',(1.,0.));
#15580 = ( GEOMETRIC_REPRESENTATION_CONTEXT(2) 
PARAMETRIC_REPRESENTATION_CONTEXT() REPRESENTATION_CONTEXT('2D SPACE',''
  ) );
#15581 = PCURVE('',#9307,#15582);
#15582 = DEFINITIONAL_REPRESENTATION('',(#15583),#15587);
#15583 = LINE('',#15584,#15585);
#15584 = CARTESIAN_POINT('',(1.77734375,1.455078125));
#15585 = VECTOR('',#15586,1.);
#15586 = DIRECTION('',(-1.,0.));
#15587 = ( GEOMETRIC_REPRESENTATION_CONTEXT(2) 
PARAMETRIC_REPRESENTATION_CONTEXT() REPRESENTATION_CONTEXT('2D SPACE',''
  ) );
#15588 = ORIENTED_EDGE('',*,*,#15589,.F.);
#15589 = EDGE_CURVE('',#13428,#15567,#15590,.T.);
#15590 = SURFACE_CURVE('',#15591,(#15595,#15602),.PCURVE_S1.);
#15591 = LINE('',#15592,#15593);
#15592 = CARTESIAN_POINT('',(-6.64306640625,-9.268533203125,2.));
#15593 = VECTOR('',#15594,1.);
#15594 = DIRECTION('',(0.,0.,1.));
#15595 = PCURVE('',#9335,#15596);
#15596 = DEFINITIONAL_REPRESENTATION('',(#15597),#15601);
#15597 = LINE('',#15598,#15599);
#15598 = CARTESIAN_POINT('',(0.91796875,0.));
#15599 = VECTOR('',#15600,1.);
#15600 = DIRECTION('',(0.,-1.));
#15601 = ( GEOMETRIC_REPRESENTATION_CONTEXT(2) 
PARAMETRIC_REPRESENTATION_CONTEXT() REPRESENTATION_CONTEXT('2D SPACE',''
  ) );
#15602 = PCURVE('',#13443,#15603);
#15603 = DEFINITIONAL_REPRESENTATION('',(#15604),#15608);
#15604 = LINE('',#15605,#15606);
#15605 = CARTESIAN_POINT('',(0.,0.));
#15606 = VECTOR('',#15607,1.);
#15607 = DIRECTION('',(0.,-1.));
#15608 = ( GEOMETRIC_REPRESENTATION_CONTEXT(2) 
PARAMETRIC_REPRESENTATION_CONTEXT() REPRESENTATION_CONTEXT('2D SPACE',''
  ) );
#15609 = ORIENTED_EDGE('',*,*,#13455,.F.);
#15610 = ADVANCED_FACE('',(#15611,#15666),#9307,.T.);
#15611 = FACE_BOUND('',#15612,.F.);
#15612 = EDGE_LOOP('',(#15613,#15636,#15637,#15638,#15639,#15640,#15641,
    #15642,#15643,#15644,#15645));
#15613 = ORIENTED_EDGE('',*,*,#15614,.T.);
#15614 = EDGE_CURVE('',#15615,#9669,#15617,.T.);
#15615 = VERTEX_POINT('',#15616);
#15616 = CARTESIAN_POINT('',(-6.64306640625,-10.72361132812,2.35));
#15617 = SURFACE_CURVE('',#15618,(#15622,#15629),.PCURVE_S1.);
#15618 = LINE('',#15619,#15620);
#15619 = CARTESIAN_POINT('',(-6.64306640625,-10.72361132812,2.35));
#15620 = VECTOR('',#15621,1.);
#15621 = DIRECTION('',(-1.,0.,0.));
#15622 = PCURVE('',#9307,#15623);
#15623 = DEFINITIONAL_REPRESENTATION('',(#15624),#15628);
#15624 = LINE('',#15625,#15626);
#15625 = CARTESIAN_POINT('',(0.859375,0.));
#15626 = VECTOR('',#15627,1.);
#15627 = DIRECTION('',(-1.,0.));
#15628 = ( GEOMETRIC_REPRESENTATION_CONTEXT(2) 
PARAMETRIC_REPRESENTATION_CONTEXT() REPRESENTATION_CONTEXT('2D SPACE',''
  ) );
#15629 = PCURVE('',#9684,#15630);
#15630 = DEFINITIONAL_REPRESENTATION('',(#15631),#15635);
#15631 = LINE('',#15632,#15633);
#15632 = CARTESIAN_POINT('',(0.,-0.35));
#15633 = VECTOR('',#15634,1.);
#15634 = DIRECTION('',(1.,0.));
#15635 = ( GEOMETRIC_REPRESENTATION_CONTEXT(2) 
PARAMETRIC_REPRESENTATION_CONTEXT() REPRESENTATION_CONTEXT('2D SPACE',''
  ) );
#15636 = ORIENTED_EDGE('',*,*,#9696,.T.);
#15637 = ORIENTED_EDGE('',*,*,#9640,.T.);
#15638 = ORIENTED_EDGE('',*,*,#9591,.T.);
#15639 = ORIENTED_EDGE('',*,*,#9542,.T.);
#15640 = ORIENTED_EDGE('',*,*,#9493,.T.);
#15641 = ORIENTED_EDGE('',*,*,#9444,.T.);
#15642 = ORIENTED_EDGE('',*,*,#9395,.T.);
#15643 = ORIENTED_EDGE('',*,*,#9291,.T.);
#15644 = ORIENTED_EDGE('',*,*,#15566,.T.);
#15645 = ORIENTED_EDGE('',*,*,#15646,.T.);
#15646 = EDGE_CURVE('',#15567,#15615,#15647,.T.);
#15647 = SURFACE_CURVE('',#15648,(#15652,#15659),.PCURVE_S1.);
#15648 = LINE('',#15649,#15650);
#15649 = CARTESIAN_POINT('',(-6.64306640625,-9.268533203125,2.35));
#15650 = VECTOR('',#15651,1.);
#15651 = DIRECTION('',(0.,-1.,0.));
#15652 = PCURVE('',#9307,#15653);
#15653 = DEFINITIONAL_REPRESENTATION('',(#15654),#15658);
#15654 = LINE('',#15655,#15656);
#15655 = CARTESIAN_POINT('',(0.859375,1.455078125));
#15656 = VECTOR('',#15657,1.);
#15657 = DIRECTION('',(0.,-1.));
#15658 = ( GEOMETRIC_REPRESENTATION_CONTEXT(2) 
PARAMETRIC_REPRESENTATION_CONTEXT() REPRESENTATION_CONTEXT('2D SPACE',''
  ) );
#15659 = PCURVE('',#13443,#15660);
#15660 = DEFINITIONAL_REPRESENTATION('',(#15661),#15665);
#15661 = LINE('',#15662,#15663);
#15662 = CARTESIAN_POINT('',(0.,-0.35));
#15663 = VECTOR('',#15664,1.);
#15664 = DIRECTION('',(1.,0.));
#15665 = ( GEOMETRIC_REPRESENTATION_CONTEXT(2) 
PARAMETRIC_REPRESENTATION_CONTEXT() REPRESENTATION_CONTEXT('2D SPACE',''
  ) );
#15666 = FACE_BOUND('',#15667,.F.);
#15667 = EDGE_LOOP('',(#15668,#15698,#15726,#15756,#15786,#15816,#15846,
    #15876));
#15668 = ORIENTED_EDGE('',*,*,#15669,.T.);
#15669 = EDGE_CURVE('',#15670,#15672,#15674,.T.);
#15670 = VERTEX_POINT('',#15671);
#15671 = CARTESIAN_POINT('',(-6.64306640625,-7.566873046875,2.35));
#15672 = VERTEX_POINT('',#15673);
#15673 = CARTESIAN_POINT('',(-6.64306640625,-8.846169921875,2.35));
#15674 = SURFACE_CURVE('',#15675,(#15679,#15686),.PCURVE_S1.);
#15675 = LINE('',#15676,#15677);
#15676 = CARTESIAN_POINT('',(-6.64306640625,-7.566873046875,2.35));
#15677 = VECTOR('',#15678,1.);
#15678 = DIRECTION('',(0.,-1.,0.));
#15679 = PCURVE('',#9307,#15680);
#15680 = DEFINITIONAL_REPRESENTATION('',(#15681),#15685);
#15681 = LINE('',#15682,#15683);
#15682 = CARTESIAN_POINT('',(0.859375,3.15673828125));
#15683 = VECTOR('',#15684,1.);
#15684 = DIRECTION('',(0.,-1.));
#15685 = ( GEOMETRIC_REPRESENTATION_CONTEXT(2) 
PARAMETRIC_REPRESENTATION_CONTEXT() REPRESENTATION_CONTEXT('2D SPACE',''
  ) );
#15686 = PCURVE('',#15687,#15692);
#15687 = PLANE('',#15688);
#15688 = AXIS2_PLACEMENT_3D('',#15689,#15690,#15691);
#15689 = CARTESIAN_POINT('',(-6.64306640625,-7.566873046875,2.));
#15690 = DIRECTION('',(1.,0.,0.));
#15691 = DIRECTION('',(0.,-1.,0.));
#15692 = DEFINITIONAL_REPRESENTATION('',(#15693),#15697);
#15693 = LINE('',#15694,#15695);
#15694 = CARTESIAN_POINT('',(0.,-0.35));
#15695 = VECTOR('',#15696,1.);
#15696 = DIRECTION('',(1.,0.));
#15697 = ( GEOMETRIC_REPRESENTATION_CONTEXT(2) 
PARAMETRIC_REPRESENTATION_CONTEXT() REPRESENTATION_CONTEXT('2D SPACE',''
  ) );
#15698 = ORIENTED_EDGE('',*,*,#15699,.T.);
#15699 = EDGE_CURVE('',#15672,#15700,#15702,.T.);
#15700 = VERTEX_POINT('',#15701);
#15701 = CARTESIAN_POINT('',(-5.7177734375,-8.846169921875,2.35));
#15702 = SURFACE_CURVE('',#15703,(#15707,#15714),.PCURVE_S1.);
#15703 = LINE('',#15704,#15705);
#15704 = CARTESIAN_POINT('',(-6.64306640625,-8.846169921875,2.35));
#15705 = VECTOR('',#15706,1.);
#15706 = DIRECTION('',(1.,0.,0.));
#15707 = PCURVE('',#9307,#15708);
#15708 = DEFINITIONAL_REPRESENTATION('',(#15709),#15713);
#15709 = LINE('',#15710,#15711);
#15710 = CARTESIAN_POINT('',(0.859375,1.87744140625));
#15711 = VECTOR('',#15712,1.);
#15712 = DIRECTION('',(1.,0.));
#15713 = ( GEOMETRIC_REPRESENTATION_CONTEXT(2) 
PARAMETRIC_REPRESENTATION_CONTEXT() REPRESENTATION_CONTEXT('2D SPACE',''
  ) );
#15714 = PCURVE('',#15715,#15720);
#15715 = PLANE('',#15716);
#15716 = AXIS2_PLACEMENT_3D('',#15717,#15718,#15719);
#15717 = CARTESIAN_POINT('',(-6.64306640625,-8.846169921875,2.));
#15718 = DIRECTION('',(0.,1.,0.));
#15719 = DIRECTION('',(1.,0.,0.));
#15720 = DEFINITIONAL_REPRESENTATION('',(#15721),#15725);
#15721 = LINE('',#15722,#15723);
#15722 = CARTESIAN_POINT('',(0.,-0.35));
#15723 = VECTOR('',#15724,1.);
#15724 = DIRECTION('',(1.,0.));
#15725 = ( GEOMETRIC_REPRESENTATION_CONTEXT(2) 
PARAMETRIC_REPRESENTATION_CONTEXT() REPRESENTATION_CONTEXT('2D SPACE',''
  ) );
#15726 = ORIENTED_EDGE('',*,*,#15727,.T.);
#15727 = EDGE_CURVE('',#15700,#15728,#15730,.T.);
#15728 = VERTEX_POINT('',#15729);
#15729 = CARTESIAN_POINT('',(-5.06591796875,-8.675271484375,2.35));
#15730 = SURFACE_CURVE('',#15731,(#15735,#15742),.PCURVE_S1.);
#15731 = B_SPLINE_CURVE_WITH_KNOTS('',2,(#15732,#15733,#15734),
  .UNSPECIFIED.,.F.,.F.,(3,3),(0.,1.),.PIECEWISE_BEZIER_KNOTS.);
#15732 = CARTESIAN_POINT('',(-5.7177734375,-8.846169921875,2.35));
#15733 = CARTESIAN_POINT('',(-5.2587890625,-8.846169921875,2.35));
#15734 = CARTESIAN_POINT('',(-5.06591796875,-8.675271484375,2.35));
#15735 = PCURVE('',#9307,#15736);
#15736 = DEFINITIONAL_REPRESENTATION('',(#15737),#15741);
#15737 = B_SPLINE_CURVE_WITH_KNOTS('',2,(#15738,#15739,#15740),
  .UNSPECIFIED.,.F.,.F.,(3,3),(0.,1.),.PIECEWISE_BEZIER_KNOTS.);
#15738 = CARTESIAN_POINT('',(1.78466796875,1.87744140625));
#15739 = CARTESIAN_POINT('',(2.24365234375,1.87744140625));
#15740 = CARTESIAN_POINT('',(2.4365234375,2.04833984375));
#15741 = ( GEOMETRIC_REPRESENTATION_CONTEXT(2) 
PARAMETRIC_REPRESENTATION_CONTEXT() REPRESENTATION_CONTEXT('2D SPACE',''
  ) );
#15742 = PCURVE('',#15743,#15750);
#15743 = SURFACE_OF_LINEAR_EXTRUSION('',#15744,#15748);
#15744 = B_SPLINE_CURVE_WITH_KNOTS('',2,(#15745,#15746,#15747),
  .UNSPECIFIED.,.F.,.F.,(3,3),(0.,1.),.PIECEWISE_BEZIER_KNOTS.);
#15745 = CARTESIAN_POINT('',(-5.7177734375,-8.846169921875,2.));
#15746 = CARTESIAN_POINT('',(-5.2587890625,-8.846169921875,2.));
#15747 = CARTESIAN_POINT('',(-5.06591796875,-8.675271484375,2.));
#15748 = VECTOR('',#15749,1.);
#15749 = DIRECTION('',(-0.,-0.,-1.));
#15750 = DEFINITIONAL_REPRESENTATION('',(#15751),#15755);
#15751 = LINE('',#15752,#15753);
#15752 = CARTESIAN_POINT('',(0.,-0.35));
#15753 = VECTOR('',#15754,1.);
#15754 = DIRECTION('',(1.,0.));
#15755 = ( GEOMETRIC_REPRESENTATION_CONTEXT(2) 
PARAMETRIC_REPRESENTATION_CONTEXT() REPRESENTATION_CONTEXT('2D SPACE',''
  ) );
#15756 = ORIENTED_EDGE('',*,*,#15757,.T.);
#15757 = EDGE_CURVE('',#15728,#15758,#15760,.T.);
#15758 = VERTEX_POINT('',#15759);
#15759 = CARTESIAN_POINT('',(-4.873046875,-8.194314453125,2.35));
#15760 = SURFACE_CURVE('',#15761,(#15765,#15772),.PCURVE_S1.);
#15761 = B_SPLINE_CURVE_WITH_KNOTS('',2,(#15762,#15763,#15764),
  .UNSPECIFIED.,.F.,.F.,(3,3),(0.,1.),.PIECEWISE_BEZIER_KNOTS.);
#15762 = CARTESIAN_POINT('',(-5.06591796875,-8.675271484375,2.35));
#15763 = CARTESIAN_POINT('',(-4.873046875,-8.504373046875,2.35));
#15764 = CARTESIAN_POINT('',(-4.873046875,-8.194314453125,2.35));
#15765 = PCURVE('',#9307,#15766);
#15766 = DEFINITIONAL_REPRESENTATION('',(#15767),#15771);
#15767 = B_SPLINE_CURVE_WITH_KNOTS('',2,(#15768,#15769,#15770),
  .UNSPECIFIED.,.F.,.F.,(3,3),(0.,1.),.PIECEWISE_BEZIER_KNOTS.);
#15768 = CARTESIAN_POINT('',(2.4365234375,2.04833984375));
#15769 = CARTESIAN_POINT('',(2.62939453125,2.21923828125));
#15770 = CARTESIAN_POINT('',(2.62939453125,2.529296875));
#15771 = ( GEOMETRIC_REPRESENTATION_CONTEXT(2) 
PARAMETRIC_REPRESENTATION_CONTEXT() REPRESENTATION_CONTEXT('2D SPACE',''
  ) );
#15772 = PCURVE('',#15773,#15780);
#15773 = SURFACE_OF_LINEAR_EXTRUSION('',#15774,#15778);
#15774 = B_SPLINE_CURVE_WITH_KNOTS('',2,(#15775,#15776,#15777),
  .UNSPECIFIED.,.F.,.F.,(3,3),(0.,1.),.PIECEWISE_BEZIER_KNOTS.);
#15775 = CARTESIAN_POINT('',(-5.06591796875,-8.675271484375,2.));
#15776 = CARTESIAN_POINT('',(-4.873046875,-8.504373046875,2.));
#15777 = CARTESIAN_POINT('',(-4.873046875,-8.194314453125,2.));
#15778 = VECTOR('',#15779,1.);
#15779 = DIRECTION('',(-0.,-0.,-1.));
#15780 = DEFINITIONAL_REPRESENTATION('',(#15781),#15785);
#15781 = LINE('',#15782,#15783);
#15782 = CARTESIAN_POINT('',(0.,-0.35));
#15783 = VECTOR('',#15784,1.);
#15784 = DIRECTION('',(1.,0.));
#15785 = ( GEOMETRIC_REPRESENTATION_CONTEXT(2) 
PARAMETRIC_REPRESENTATION_CONTEXT() REPRESENTATION_CONTEXT('2D SPACE',''
  ) );
#15786 = ORIENTED_EDGE('',*,*,#15787,.T.);
#15787 = EDGE_CURVE('',#15758,#15788,#15790,.T.);
#15788 = VERTEX_POINT('',#15789);
#15789 = CARTESIAN_POINT('',(-4.986572265625,-7.80979296875,2.35));
#15790 = SURFACE_CURVE('',#15791,(#15795,#15802),.PCURVE_S1.);
#15791 = B_SPLINE_CURVE_WITH_KNOTS('',2,(#15792,#15793,#15794),
  .UNSPECIFIED.,.F.,.F.,(3,3),(0.,1.),.PIECEWISE_BEZIER_KNOTS.);
#15792 = CARTESIAN_POINT('',(-4.873046875,-8.194314453125,2.35));
#15793 = CARTESIAN_POINT('',(-4.873046875,-7.969705078125,2.35));
#15794 = CARTESIAN_POINT('',(-4.986572265625,-7.80979296875,2.35));
#15795 = PCURVE('',#9307,#15796);
#15796 = DEFINITIONAL_REPRESENTATION('',(#15797),#15801);
#15797 = B_SPLINE_CURVE_WITH_KNOTS('',2,(#15798,#15799,#15800),
  .UNSPECIFIED.,.F.,.F.,(3,3),(0.,1.),.PIECEWISE_BEZIER_KNOTS.);
#15798 = CARTESIAN_POINT('',(2.62939453125,2.529296875));
#15799 = CARTESIAN_POINT('',(2.62939453125,2.75390625));
#15800 = CARTESIAN_POINT('',(2.515869140625,2.913818359375));
#15801 = ( GEOMETRIC_REPRESENTATION_CONTEXT(2) 
PARAMETRIC_REPRESENTATION_CONTEXT() REPRESENTATION_CONTEXT('2D SPACE',''
  ) );
#15802 = PCURVE('',#15803,#15810);
#15803 = SURFACE_OF_LINEAR_EXTRUSION('',#15804,#15808);
#15804 = B_SPLINE_CURVE_WITH_KNOTS('',2,(#15805,#15806,#15807),
  .UNSPECIFIED.,.F.,.F.,(3,3),(0.,1.),.PIECEWISE_BEZIER_KNOTS.);
#15805 = CARTESIAN_POINT('',(-4.873046875,-8.194314453125,2.));
#15806 = CARTESIAN_POINT('',(-4.873046875,-7.969705078125,2.));
#15807 = CARTESIAN_POINT('',(-4.986572265625,-7.80979296875,2.));
#15808 = VECTOR('',#15809,1.);
#15809 = DIRECTION('',(-0.,-0.,-1.));
#15810 = DEFINITIONAL_REPRESENTATION('',(#15811),#15815);
#15811 = LINE('',#15812,#15813);
#15812 = CARTESIAN_POINT('',(0.,-0.35));
#15813 = VECTOR('',#15814,1.);
#15814 = DIRECTION('',(1.,0.));
#15815 = ( GEOMETRIC_REPRESENTATION_CONTEXT(2) 
PARAMETRIC_REPRESENTATION_CONTEXT() REPRESENTATION_CONTEXT('2D SPACE',''
  ) );
#15816 = ORIENTED_EDGE('',*,*,#15817,.T.);
#15817 = EDGE_CURVE('',#15788,#15818,#15820,.T.);
#15818 = VERTEX_POINT('',#15819);
#15819 = CARTESIAN_POINT('',(-5.28564453125,-7.598611328125,2.35));
#15820 = SURFACE_CURVE('',#15821,(#15825,#15832),.PCURVE_S1.);
#15821 = B_SPLINE_CURVE_WITH_KNOTS('',2,(#15822,#15823,#15824),
  .UNSPECIFIED.,.F.,.F.,(3,3),(0.,1.),.PIECEWISE_BEZIER_KNOTS.);
#15822 = CARTESIAN_POINT('',(-4.986572265625,-7.80979296875,2.35));
#15823 = CARTESIAN_POINT('',(-5.10009765625,-7.649880859375,2.35));
#15824 = CARTESIAN_POINT('',(-5.28564453125,-7.598611328125,2.35));
#15825 = PCURVE('',#9307,#15826);
#15826 = DEFINITIONAL_REPRESENTATION('',(#15827),#15831);
#15827 = B_SPLINE_CURVE_WITH_KNOTS('',2,(#15828,#15829,#15830),
  .UNSPECIFIED.,.F.,.F.,(3,3),(0.,1.),.PIECEWISE_BEZIER_KNOTS.);
#15828 = CARTESIAN_POINT('',(2.515869140625,2.913818359375));
#15829 = CARTESIAN_POINT('',(2.40234375,3.07373046875));
#15830 = CARTESIAN_POINT('',(2.216796875,3.125));
#15831 = ( GEOMETRIC_REPRESENTATION_CONTEXT(2) 
PARAMETRIC_REPRESENTATION_CONTEXT() REPRESENTATION_CONTEXT('2D SPACE',''
  ) );
#15832 = PCURVE('',#15833,#15840);
#15833 = SURFACE_OF_LINEAR_EXTRUSION('',#15834,#15838);
#15834 = B_SPLINE_CURVE_WITH_KNOTS('',2,(#15835,#15836,#15837),
  .UNSPECIFIED.,.F.,.F.,(3,3),(0.,1.),.PIECEWISE_BEZIER_KNOTS.);
#15835 = CARTESIAN_POINT('',(-4.986572265625,-7.80979296875,2.));
#15836 = CARTESIAN_POINT('',(-5.10009765625,-7.649880859375,2.));
#15837 = CARTESIAN_POINT('',(-5.28564453125,-7.598611328125,2.));
#15838 = VECTOR('',#15839,1.);
#15839 = DIRECTION('',(-0.,-0.,-1.));
#15840 = DEFINITIONAL_REPRESENTATION('',(#15841),#15845);
#15841 = LINE('',#15842,#15843);
#15842 = CARTESIAN_POINT('',(0.,-0.35));
#15843 = VECTOR('',#15844,1.);
#15844 = DIRECTION('',(1.,0.));
#15845 = ( GEOMETRIC_REPRESENTATION_CONTEXT(2) 
PARAMETRIC_REPRESENTATION_CONTEXT() REPRESENTATION_CONTEXT('2D SPACE',''
  ) );
#15846 = ORIENTED_EDGE('',*,*,#15847,.T.);
#15847 = EDGE_CURVE('',#15818,#15848,#15850,.T.);
#15848 = VERTEX_POINT('',#15849);
#15849 = CARTESIAN_POINT('',(-5.7275390625,-7.566873046875,2.35));
#15850 = SURFACE_CURVE('',#15851,(#15855,#15862),.PCURVE_S1.);
#15851 = B_SPLINE_CURVE_WITH_KNOTS('',2,(#15852,#15853,#15854),
  .UNSPECIFIED.,.F.,.F.,(3,3),(0.,1.),.PIECEWISE_BEZIER_KNOTS.);
#15852 = CARTESIAN_POINT('',(-5.28564453125,-7.598611328125,2.35));
#15853 = CARTESIAN_POINT('',(-5.4052734375,-7.566873046875,2.35));
#15854 = CARTESIAN_POINT('',(-5.7275390625,-7.566873046875,2.35));
#15855 = PCURVE('',#9307,#15856);
#15856 = DEFINITIONAL_REPRESENTATION('',(#15857),#15861);
#15857 = B_SPLINE_CURVE_WITH_KNOTS('',2,(#15858,#15859,#15860),
  .UNSPECIFIED.,.F.,.F.,(3,3),(0.,1.),.PIECEWISE_BEZIER_KNOTS.);
#15858 = CARTESIAN_POINT('',(2.216796875,3.125));
#15859 = CARTESIAN_POINT('',(2.09716796875,3.15673828125));
#15860 = CARTESIAN_POINT('',(1.77490234375,3.15673828125));
#15861 = ( GEOMETRIC_REPRESENTATION_CONTEXT(2) 
PARAMETRIC_REPRESENTATION_CONTEXT() REPRESENTATION_CONTEXT('2D SPACE',''
  ) );
#15862 = PCURVE('',#15863,#15870);
#15863 = SURFACE_OF_LINEAR_EXTRUSION('',#15864,#15868);
#15864 = B_SPLINE_CURVE_WITH_KNOTS('',2,(#15865,#15866,#15867),
  .UNSPECIFIED.,.F.,.F.,(3,3),(0.,1.),.PIECEWISE_BEZIER_KNOTS.);
#15865 = CARTESIAN_POINT('',(-5.28564453125,-7.598611328125,2.));
#15866 = CARTESIAN_POINT('',(-5.4052734375,-7.566873046875,2.));
#15867 = CARTESIAN_POINT('',(-5.7275390625,-7.566873046875,2.));
#15868 = VECTOR('',#15869,1.);
#15869 = DIRECTION('',(-0.,-0.,-1.));
#15870 = DEFINITIONAL_REPRESENTATION('',(#15871),#15875);
#15871 = LINE('',#15872,#15873);
#15872 = CARTESIAN_POINT('',(0.,-0.35));
#15873 = VECTOR('',#15874,1.);
#15874 = DIRECTION('',(1.,0.));
#15875 = ( GEOMETRIC_REPRESENTATION_CONTEXT(2) 
PARAMETRIC_REPRESENTATION_CONTEXT() REPRESENTATION_CONTEXT('2D SPACE',''
  ) );
#15876 = ORIENTED_EDGE('',*,*,#15877,.T.);
#15877 = EDGE_CURVE('',#15848,#15670,#15878,.T.);
#15878 = SURFACE_CURVE('',#15879,(#15883,#15890),.PCURVE_S1.);
#15879 = LINE('',#15880,#15881);
#15880 = CARTESIAN_POINT('',(-5.7275390625,-7.566873046875,2.35));
#15881 = VECTOR('',#15882,1.);
#15882 = DIRECTION('',(-1.,0.,0.));
#15883 = PCURVE('',#9307,#15884);
#15884 = DEFINITIONAL_REPRESENTATION('',(#15885),#15889);
#15885 = LINE('',#15886,#15887);
#15886 = CARTESIAN_POINT('',(1.77490234375,3.15673828125));
#15887 = VECTOR('',#15888,1.);
#15888 = DIRECTION('',(-1.,0.));
#15889 = ( GEOMETRIC_REPRESENTATION_CONTEXT(2) 
PARAMETRIC_REPRESENTATION_CONTEXT() REPRESENTATION_CONTEXT('2D SPACE',''
  ) );
#15890 = PCURVE('',#15891,#15896);
#15891 = PLANE('',#15892);
#15892 = AXIS2_PLACEMENT_3D('',#15893,#15894,#15895);
#15893 = CARTESIAN_POINT('',(-5.7275390625,-7.566873046875,2.));
#15894 = DIRECTION('',(0.,-1.,0.));
#15895 = DIRECTION('',(-1.,0.,0.));
#15896 = DEFINITIONAL_REPRESENTATION('',(#15897),#15901);
#15897 = LINE('',#15898,#15899);
#15898 = CARTESIAN_POINT('',(0.,-0.35));
#15899 = VECTOR('',#15900,1.);
#15900 = DIRECTION('',(1.,0.));
#15901 = ( GEOMETRIC_REPRESENTATION_CONTEXT(2) 
PARAMETRIC_REPRESENTATION_CONTEXT() REPRESENTATION_CONTEXT('2D SPACE',''
  ) );
#15902 = ADVANCED_FACE('',(#15903),#9684,.T.);
#15903 = FACE_BOUND('',#15904,.T.);
#15904 = EDGE_LOOP('',(#15905,#15926,#15927,#15928));
#15905 = ORIENTED_EDGE('',*,*,#15906,.T.);
#15906 = EDGE_CURVE('',#13405,#15615,#15907,.T.);
#15907 = SURFACE_CURVE('',#15908,(#15912,#15919),.PCURVE_S1.);
#15908 = LINE('',#15909,#15910);
#15909 = CARTESIAN_POINT('',(-6.64306640625,-10.72361132812,2.));
#15910 = VECTOR('',#15911,1.);
#15911 = DIRECTION('',(0.,0.,1.));
#15912 = PCURVE('',#9684,#15913);
#15913 = DEFINITIONAL_REPRESENTATION('',(#15914),#15918);
#15914 = LINE('',#15915,#15916);
#15915 = CARTESIAN_POINT('',(0.,-0.));
#15916 = VECTOR('',#15917,1.);
#15917 = DIRECTION('',(0.,-1.));
#15918 = ( GEOMETRIC_REPRESENTATION_CONTEXT(2) 
PARAMETRIC_REPRESENTATION_CONTEXT() REPRESENTATION_CONTEXT('2D SPACE',''
  ) );
#15919 = PCURVE('',#13443,#15920);
#15920 = DEFINITIONAL_REPRESENTATION('',(#15921),#15925);
#15921 = LINE('',#15922,#15923);
#15922 = CARTESIAN_POINT('',(1.455078125,0.));
#15923 = VECTOR('',#15924,1.);
#15924 = DIRECTION('',(0.,-1.));
#15925 = ( GEOMETRIC_REPRESENTATION_CONTEXT(2) 
PARAMETRIC_REPRESENTATION_CONTEXT() REPRESENTATION_CONTEXT('2D SPACE',''
  ) );
#15926 = ORIENTED_EDGE('',*,*,#15614,.T.);
#15927 = ORIENTED_EDGE('',*,*,#9666,.F.);
#15928 = ORIENTED_EDGE('',*,*,#13404,.F.);
#15929 = ADVANCED_FACE('',(#15930),#9810,.T.);
#15930 = FACE_BOUND('',#15931,.T.);
#15931 = EDGE_LOOP('',(#15932,#15933,#15956,#15977));
#15932 = ORIENTED_EDGE('',*,*,#9794,.T.);
#15933 = ORIENTED_EDGE('',*,*,#15934,.T.);
#15934 = EDGE_CURVE('',#9767,#15935,#15937,.T.);
#15935 = VERTEX_POINT('',#15936);
#15936 = CARTESIAN_POINT('',(-7.763671875,-9.712869140625,2.35));
#15937 = SURFACE_CURVE('',#15938,(#15942,#15949),.PCURVE_S1.);
#15938 = B_SPLINE_CURVE_WITH_KNOTS('',2,(#15939,#15940,#15941),
  .UNSPECIFIED.,.F.,.F.,(3,3),(0.,1.),.PIECEWISE_BEZIER_KNOTS.);
#15939 = CARTESIAN_POINT('',(-7.91259765625,-9.2038359375,2.35));
#15940 = CARTESIAN_POINT('',(-7.763671875,-9.424783203125,2.35));
#15941 = CARTESIAN_POINT('',(-7.763671875,-9.712869140625,2.35));
#15942 = PCURVE('',#9810,#15943);
#15943 = DEFINITIONAL_REPRESENTATION('',(#15944),#15948);
#15944 = LINE('',#15945,#15946);
#15945 = CARTESIAN_POINT('',(0.,-0.35));
#15946 = VECTOR('',#15947,1.);
#15947 = DIRECTION('',(1.,0.));
#15948 = ( GEOMETRIC_REPRESENTATION_CONTEXT(2) 
PARAMETRIC_REPRESENTATION_CONTEXT() REPRESENTATION_CONTEXT('2D SPACE',''
  ) );
#15949 = PCURVE('',#9782,#15950);
#15950 = DEFINITIONAL_REPRESENTATION('',(#15951),#15955);
#15951 = B_SPLINE_CURVE_WITH_KNOTS('',2,(#15952,#15953,#15954),
  .UNSPECIFIED.,.F.,.F.,(3,3),(0.,1.),.PIECEWISE_BEZIER_KNOTS.);
#15952 = CARTESIAN_POINT('',(2.9248046875,1.519775390625));
#15953 = CARTESIAN_POINT('',(3.07373046875,1.298828125));
#15954 = CARTESIAN_POINT('',(3.07373046875,1.0107421875));
#15955 = ( GEOMETRIC_REPRESENTATION_CONTEXT(2) 
PARAMETRIC_REPRESENTATION_CONTEXT() REPRESENTATION_CONTEXT('2D SPACE',''
  ) );
#15956 = ORIENTED_EDGE('',*,*,#15957,.F.);
#15957 = EDGE_CURVE('',#13242,#15935,#15958,.T.);
#15958 = SURFACE_CURVE('',#15959,(#15963,#15970),.PCURVE_S1.);
#15959 = LINE('',#15960,#15961);
#15960 = CARTESIAN_POINT('',(-7.763671875,-9.712869140625,2.));
#15961 = VECTOR('',#15962,1.);
#15962 = DIRECTION('',(0.,0.,1.));
#15963 = PCURVE('',#9810,#15964);
#15964 = DEFINITIONAL_REPRESENTATION('',(#15965),#15969);
#15965 = LINE('',#15966,#15967);
#15966 = CARTESIAN_POINT('',(1.,0.));
#15967 = VECTOR('',#15968,1.);
#15968 = DIRECTION('',(0.,-1.));
#15969 = ( GEOMETRIC_REPRESENTATION_CONTEXT(2) 
PARAMETRIC_REPRESENTATION_CONTEXT() REPRESENTATION_CONTEXT('2D SPACE',''
  ) );
#15970 = PCURVE('',#13257,#15971);
#15971 = DEFINITIONAL_REPRESENTATION('',(#15972),#15976);
#15972 = LINE('',#15973,#15974);
#15973 = CARTESIAN_POINT('',(0.,0.));
#15974 = VECTOR('',#15975,1.);
#15975 = DIRECTION('',(0.,-1.));
#15976 = ( GEOMETRIC_REPRESENTATION_CONTEXT(2) 
PARAMETRIC_REPRESENTATION_CONTEXT() REPRESENTATION_CONTEXT('2D SPACE',''
  ) );
#15977 = ORIENTED_EDGE('',*,*,#13271,.F.);
#15978 = ADVANCED_FACE('',(#15979),#9782,.T.);
#15979 = FACE_BOUND('',#15980,.F.);
#15980 = EDGE_LOOP('',(#15981,#15982,#15983,#15984,#15985,#15986,#16009,
    #16032,#16055,#16076,#16077,#16078,#16079,#16080,#16081,#16082,
    #16083,#16084,#16085,#16086,#16087,#16088,#16089,#16090,#16091,
    #16092,#16093,#16094,#16095,#16096,#16119,#16140,#16141,#16142,
    #16143));
#15981 = ORIENTED_EDGE('',*,*,#11122,.T.);
#15982 = ORIENTED_EDGE('',*,*,#11073,.T.);
#15983 = ORIENTED_EDGE('',*,*,#11024,.T.);
#15984 = ORIENTED_EDGE('',*,*,#10975,.T.);
#15985 = ORIENTED_EDGE('',*,*,#10874,.T.);
#15986 = ORIENTED_EDGE('',*,*,#15987,.T.);
#15987 = EDGE_CURVE('',#10875,#15988,#15990,.T.);
#15988 = VERTEX_POINT('',#15989);
#15989 = CARTESIAN_POINT('',(-8.321533203125,-10.058328125,2.35));
#15990 = SURFACE_CURVE('',#15991,(#15995,#16002),.PCURVE_S1.);
#15991 = B_SPLINE_CURVE_WITH_KNOTS('',2,(#15992,#15993,#15994),
  .UNSPECIFIED.,.F.,.F.,(3,3),(0.,1.),.PIECEWISE_BEZIER_KNOTS.);
#15992 = CARTESIAN_POINT('',(-8.63037109375,-10.27927539062,2.35));
#15993 = CARTESIAN_POINT('',(-8.4228515625,-10.19870898437,2.35));
#15994 = CARTESIAN_POINT('',(-8.321533203125,-10.058328125,2.35));
#15995 = PCURVE('',#9782,#15996);
#15996 = DEFINITIONAL_REPRESENTATION('',(#15997),#16001);
#15997 = B_SPLINE_CURVE_WITH_KNOTS('',2,(#15998,#15999,#16000),
  .UNSPECIFIED.,.F.,.F.,(3,3),(0.,1.),.PIECEWISE_BEZIER_KNOTS.);
#15998 = CARTESIAN_POINT('',(2.20703125,0.4443359375));
#15999 = CARTESIAN_POINT('',(2.41455078125,0.52490234375));
#16000 = CARTESIAN_POINT('',(2.515869140625,0.665283203125));
#16001 = ( GEOMETRIC_REPRESENTATION_CONTEXT(2) 
PARAMETRIC_REPRESENTATION_CONTEXT() REPRESENTATION_CONTEXT('2D SPACE',''
  ) );
#16002 = PCURVE('',#10913,#16003);
#16003 = DEFINITIONAL_REPRESENTATION('',(#16004),#16008);
#16004 = LINE('',#16005,#16006);
#16005 = CARTESIAN_POINT('',(0.,-0.35));
#16006 = VECTOR('',#16007,1.);
#16007 = DIRECTION('',(1.,0.));
#16008 = ( GEOMETRIC_REPRESENTATION_CONTEXT(2) 
PARAMETRIC_REPRESENTATION_CONTEXT() REPRESENTATION_CONTEXT('2D SPACE',''
  ) );
#16009 = ORIENTED_EDGE('',*,*,#16010,.T.);
#16010 = EDGE_CURVE('',#15988,#16011,#16013,.T.);
#16011 = VERTEX_POINT('',#16012);
#16012 = CARTESIAN_POINT('',(-8.22021484375,-9.751931640625,2.35));
#16013 = SURFACE_CURVE('',#16014,(#16018,#16025),.PCURVE_S1.);
#16014 = B_SPLINE_CURVE_WITH_KNOTS('',2,(#16015,#16016,#16017),
  .UNSPECIFIED.,.F.,.F.,(3,3),(0.,1.),.PIECEWISE_BEZIER_KNOTS.);
#16015 = CARTESIAN_POINT('',(-8.321533203125,-10.058328125,2.35));
#16016 = CARTESIAN_POINT('',(-8.22021484375,-9.917947265625,2.35));
#16017 = CARTESIAN_POINT('',(-8.22021484375,-9.751931640625,2.35));
#16018 = PCURVE('',#9782,#16019);
#16019 = DEFINITIONAL_REPRESENTATION('',(#16020),#16024);
#16020 = B_SPLINE_CURVE_WITH_KNOTS('',2,(#16021,#16022,#16023),
  .UNSPECIFIED.,.F.,.F.,(3,3),(0.,1.),.PIECEWISE_BEZIER_KNOTS.);
#16021 = CARTESIAN_POINT('',(2.515869140625,0.665283203125));
#16022 = CARTESIAN_POINT('',(2.6171875,0.8056640625));
#16023 = CARTESIAN_POINT('',(2.6171875,0.9716796875));
#16024 = ( GEOMETRIC_REPRESENTATION_CONTEXT(2) 
PARAMETRIC_REPRESENTATION_CONTEXT() REPRESENTATION_CONTEXT('2D SPACE',''
  ) );
#16025 = PCURVE('',#13365,#16026);
#16026 = DEFINITIONAL_REPRESENTATION('',(#16027),#16031);
#16027 = LINE('',#16028,#16029);
#16028 = CARTESIAN_POINT('',(0.,-0.35));
#16029 = VECTOR('',#16030,1.);
#16030 = DIRECTION('',(1.,0.));
#16031 = ( GEOMETRIC_REPRESENTATION_CONTEXT(2) 
PARAMETRIC_REPRESENTATION_CONTEXT() REPRESENTATION_CONTEXT('2D SPACE',''
  ) );
#16032 = ORIENTED_EDGE('',*,*,#16033,.T.);
#16033 = EDGE_CURVE('',#16011,#16034,#16036,.T.);
#16034 = VERTEX_POINT('',#16035);
#16035 = CARTESIAN_POINT('',(-8.31787109375,-9.4577421875,2.35));
#16036 = SURFACE_CURVE('',#16037,(#16041,#16048),.PCURVE_S1.);
#16037 = B_SPLINE_CURVE_WITH_KNOTS('',2,(#16038,#16039,#16040),
  .UNSPECIFIED.,.F.,.F.,(3,3),(0.,1.),.PIECEWISE_BEZIER_KNOTS.);
#16038 = CARTESIAN_POINT('',(-8.22021484375,-9.751931640625,2.35));
#16039 = CARTESIAN_POINT('',(-8.22021484375,-9.583474609375,2.35));
#16040 = CARTESIAN_POINT('',(-8.31787109375,-9.4577421875,2.35));
#16041 = PCURVE('',#9782,#16042);
#16042 = DEFINITIONAL_REPRESENTATION('',(#16043),#16047);
#16043 = B_SPLINE_CURVE_WITH_KNOTS('',2,(#16044,#16045,#16046),
  .UNSPECIFIED.,.F.,.F.,(3,3),(0.,1.),.PIECEWISE_BEZIER_KNOTS.);
#16044 = CARTESIAN_POINT('',(2.6171875,0.9716796875));
#16045 = CARTESIAN_POINT('',(2.6171875,1.14013671875));
#16046 = CARTESIAN_POINT('',(2.51953125,1.265869140625));
#16047 = ( GEOMETRIC_REPRESENTATION_CONTEXT(2) 
PARAMETRIC_REPRESENTATION_CONTEXT() REPRESENTATION_CONTEXT('2D SPACE',''
  ) );
#16048 = PCURVE('',#13335,#16049);
#16049 = DEFINITIONAL_REPRESENTATION('',(#16050),#16054);
#16050 = LINE('',#16051,#16052);
#16051 = CARTESIAN_POINT('',(0.,-0.35));
#16052 = VECTOR('',#16053,1.);
#16053 = DIRECTION('',(1.,0.));
#16054 = ( GEOMETRIC_REPRESENTATION_CONTEXT(2) 
PARAMETRIC_REPRESENTATION_CONTEXT() REPRESENTATION_CONTEXT('2D SPACE',''
  ) );
#16055 = ORIENTED_EDGE('',*,*,#16056,.T.);
#16056 = EDGE_CURVE('',#16034,#10685,#16057,.T.);
#16057 = SURFACE_CURVE('',#16058,(#16062,#16069),.PCURVE_S1.);
#16058 = B_SPLINE_CURVE_WITH_KNOTS('',2,(#16059,#16060,#16061),
  .UNSPECIFIED.,.F.,.F.,(3,3),(0.,1.),.PIECEWISE_BEZIER_KNOTS.);
#16059 = CARTESIAN_POINT('',(-8.31787109375,-9.4577421875,2.35));
#16060 = CARTESIAN_POINT('',(-8.41552734375,-9.332009765625,2.35));
#16061 = CARTESIAN_POINT('',(-8.64013671875,-9.246560546875,2.35));
#16062 = PCURVE('',#9782,#16063);
#16063 = DEFINITIONAL_REPRESENTATION('',(#16064),#16068);
#16064 = B_SPLINE_CURVE_WITH_KNOTS('',2,(#16065,#16066,#16067),
  .UNSPECIFIED.,.F.,.F.,(3,3),(0.,1.),.PIECEWISE_BEZIER_KNOTS.);
#16065 = CARTESIAN_POINT('',(2.51953125,1.265869140625));
#16066 = CARTESIAN_POINT('',(2.421875,1.3916015625));
#16067 = CARTESIAN_POINT('',(2.197265625,1.47705078125));
#16068 = ( GEOMETRIC_REPRESENTATION_CONTEXT(2) 
PARAMETRIC_REPRESENTATION_CONTEXT() REPRESENTATION_CONTEXT('2D SPACE',''
  ) );
#16069 = PCURVE('',#10700,#16070);
#16070 = DEFINITIONAL_REPRESENTATION('',(#16071),#16075);
#16071 = LINE('',#16072,#16073);
#16072 = CARTESIAN_POINT('',(0.,-0.35));
#16073 = VECTOR('',#16074,1.);
#16074 = DIRECTION('',(1.,0.));
#16075 = ( GEOMETRIC_REPRESENTATION_CONTEXT(2) 
PARAMETRIC_REPRESENTATION_CONTEXT() REPRESENTATION_CONTEXT('2D SPACE',''
  ) );
#16076 = ORIENTED_EDGE('',*,*,#10714,.T.);
#16077 = ORIENTED_EDGE('',*,*,#10656,.T.);
#16078 = ORIENTED_EDGE('',*,*,#10607,.T.);
#16079 = ORIENTED_EDGE('',*,*,#10558,.T.);
#16080 = ORIENTED_EDGE('',*,*,#10509,.T.);
#16081 = ORIENTED_EDGE('',*,*,#10460,.T.);
#16082 = ORIENTED_EDGE('',*,*,#10411,.T.);
#16083 = ORIENTED_EDGE('',*,*,#10362,.T.);
#16084 = ORIENTED_EDGE('',*,*,#10313,.T.);
#16085 = ORIENTED_EDGE('',*,*,#10264,.T.);
#16086 = ORIENTED_EDGE('',*,*,#10215,.T.);
#16087 = ORIENTED_EDGE('',*,*,#10166,.T.);
#16088 = ORIENTED_EDGE('',*,*,#10117,.T.);
#16089 = ORIENTED_EDGE('',*,*,#10068,.T.);
#16090 = ORIENTED_EDGE('',*,*,#10019,.T.);
#16091 = ORIENTED_EDGE('',*,*,#9970,.T.);
#16092 = ORIENTED_EDGE('',*,*,#9921,.T.);
#16093 = ORIENTED_EDGE('',*,*,#9872,.T.);
#16094 = ORIENTED_EDGE('',*,*,#9766,.T.);
#16095 = ORIENTED_EDGE('',*,*,#15934,.T.);
#16096 = ORIENTED_EDGE('',*,*,#16097,.T.);
#16097 = EDGE_CURVE('',#15935,#16098,#16100,.T.);
#16098 = VERTEX_POINT('',#16099);
#16099 = CARTESIAN_POINT('',(-7.92724609375,-10.25119921875,2.35));
#16100 = SURFACE_CURVE('',#16101,(#16105,#16112),.PCURVE_S1.);
#16101 = B_SPLINE_CURVE_WITH_KNOTS('',2,(#16102,#16103,#16104),
  .UNSPECIFIED.,.F.,.F.,(3,3),(0.,1.),.PIECEWISE_BEZIER_KNOTS.);
#16102 = CARTESIAN_POINT('',(-7.763671875,-9.712869140625,2.35));
#16103 = CARTESIAN_POINT('',(-7.763671875,-9.998513671875,2.35));
#16104 = CARTESIAN_POINT('',(-7.92724609375,-10.25119921875,2.35));
#16105 = PCURVE('',#9782,#16106);
#16106 = DEFINITIONAL_REPRESENTATION('',(#16107),#16111);
#16107 = B_SPLINE_CURVE_WITH_KNOTS('',2,(#16108,#16109,#16110),
  .UNSPECIFIED.,.F.,.F.,(3,3),(0.,1.),.PIECEWISE_BEZIER_KNOTS.);
#16108 = CARTESIAN_POINT('',(3.07373046875,1.0107421875));
#16109 = CARTESIAN_POINT('',(3.07373046875,0.72509765625));
#16110 = CARTESIAN_POINT('',(2.91015625,0.472412109375));
#16111 = ( GEOMETRIC_REPRESENTATION_CONTEXT(2) 
PARAMETRIC_REPRESENTATION_CONTEXT() REPRESENTATION_CONTEXT('2D SPACE',''
  ) );
#16112 = PCURVE('',#13257,#16113);
#16113 = DEFINITIONAL_REPRESENTATION('',(#16114),#16118);
#16114 = LINE('',#16115,#16116);
#16115 = CARTESIAN_POINT('',(0.,-0.35));
#16116 = VECTOR('',#16117,1.);
#16117 = DIRECTION('',(1.,0.));
#16118 = ( GEOMETRIC_REPRESENTATION_CONTEXT(2) 
PARAMETRIC_REPRESENTATION_CONTEXT() REPRESENTATION_CONTEXT('2D SPACE',''
  ) );
#16119 = ORIENTED_EDGE('',*,*,#16120,.T.);
#16120 = EDGE_CURVE('',#16098,#11298,#16121,.T.);
#16121 = SURFACE_CURVE('',#16122,(#16126,#16133),.PCURVE_S1.);
#16122 = B_SPLINE_CURVE_WITH_KNOTS('',2,(#16123,#16124,#16125),
  .UNSPECIFIED.,.F.,.F.,(3,3),(0.,1.),.PIECEWISE_BEZIER_KNOTS.);
#16123 = CARTESIAN_POINT('',(-7.92724609375,-10.25119921875,2.35));
#16124 = CARTESIAN_POINT('',(-8.0908203125,-10.50388476562,2.35));
#16125 = CARTESIAN_POINT('',(-8.397216796875,-10.644265625,2.35));
#16126 = PCURVE('',#9782,#16127);
#16127 = DEFINITIONAL_REPRESENTATION('',(#16128),#16132);
#16128 = B_SPLINE_CURVE_WITH_KNOTS('',2,(#16129,#16130,#16131),
  .UNSPECIFIED.,.F.,.F.,(3,3),(0.,1.),.PIECEWISE_BEZIER_KNOTS.);
#16129 = CARTESIAN_POINT('',(2.91015625,0.472412109375));
#16130 = CARTESIAN_POINT('',(2.74658203125,0.2197265625));
#16131 = CARTESIAN_POINT('',(2.440185546875,7.9345703125E-02));
#16132 = ( GEOMETRIC_REPRESENTATION_CONTEXT(2) 
PARAMETRIC_REPRESENTATION_CONTEXT() REPRESENTATION_CONTEXT('2D SPACE',''
  ) );
#16133 = PCURVE('',#11313,#16134);
#16134 = DEFINITIONAL_REPRESENTATION('',(#16135),#16139);
#16135 = LINE('',#16136,#16137);
#16136 = CARTESIAN_POINT('',(0.,-0.35));
#16137 = VECTOR('',#16138,1.);
#16138 = DIRECTION('',(1.,0.));
#16139 = ( GEOMETRIC_REPRESENTATION_CONTEXT(2) 
PARAMETRIC_REPRESENTATION_CONTEXT() REPRESENTATION_CONTEXT('2D SPACE',''
  ) );
#16140 = ORIENTED_EDGE('',*,*,#11327,.T.);
#16141 = ORIENTED_EDGE('',*,*,#11269,.T.);
#16142 = ORIENTED_EDGE('',*,*,#11220,.T.);
#16143 = ORIENTED_EDGE('',*,*,#11171,.T.);
#16144 = ADVANCED_FACE('',(#16145),#10700,.T.);
#16145 = FACE_BOUND('',#16146,.T.);
#16146 = EDGE_LOOP('',(#16147,#16168,#16169,#16170));
#16147 = ORIENTED_EDGE('',*,*,#16148,.T.);
#16148 = EDGE_CURVE('',#13297,#16034,#16149,.T.);
#16149 = SURFACE_CURVE('',#16150,(#16154,#16161),.PCURVE_S1.);
#16150 = LINE('',#16151,#16152);
#16151 = CARTESIAN_POINT('',(-8.31787109375,-9.4577421875,2.));
#16152 = VECTOR('',#16153,1.);
#16153 = DIRECTION('',(0.,0.,1.));
#16154 = PCURVE('',#10700,#16155);
#16155 = DEFINITIONAL_REPRESENTATION('',(#16156),#16160);
#16156 = LINE('',#16157,#16158);
#16157 = CARTESIAN_POINT('',(0.,0.));
#16158 = VECTOR('',#16159,1.);
#16159 = DIRECTION('',(0.,-1.));
#16160 = ( GEOMETRIC_REPRESENTATION_CONTEXT(2) 
PARAMETRIC_REPRESENTATION_CONTEXT() REPRESENTATION_CONTEXT('2D SPACE',''
  ) );
#16161 = PCURVE('',#13335,#16162);
#16162 = DEFINITIONAL_REPRESENTATION('',(#16163),#16167);
#16163 = LINE('',#16164,#16165);
#16164 = CARTESIAN_POINT('',(1.,0.));
#16165 = VECTOR('',#16166,1.);
#16166 = DIRECTION('',(0.,-1.));
#16167 = ( GEOMETRIC_REPRESENTATION_CONTEXT(2) 
PARAMETRIC_REPRESENTATION_CONTEXT() REPRESENTATION_CONTEXT('2D SPACE',''
  ) );
#16168 = ORIENTED_EDGE('',*,*,#16056,.T.);
#16169 = ORIENTED_EDGE('',*,*,#10682,.F.);
#16170 = ORIENTED_EDGE('',*,*,#13296,.F.);
#16171 = ADVANCED_FACE('',(#16172),#10913,.T.);
#16172 = FACE_BOUND('',#16173,.T.);
#16173 = EDGE_LOOP('',(#16174,#16175,#16176,#16197));
#16174 = ORIENTED_EDGE('',*,*,#10897,.T.);
#16175 = ORIENTED_EDGE('',*,*,#15987,.T.);
#16176 = ORIENTED_EDGE('',*,*,#16177,.F.);
#16177 = EDGE_CURVE('',#13350,#15988,#16178,.T.);
#16178 = SURFACE_CURVE('',#16179,(#16183,#16190),.PCURVE_S1.);
#16179 = LINE('',#16180,#16181);
#16180 = CARTESIAN_POINT('',(-8.321533203125,-10.058328125,2.));
#16181 = VECTOR('',#16182,1.);
#16182 = DIRECTION('',(0.,0.,1.));
#16183 = PCURVE('',#10913,#16184);
#16184 = DEFINITIONAL_REPRESENTATION('',(#16185),#16189);
#16185 = LINE('',#16186,#16187);
#16186 = CARTESIAN_POINT('',(1.,0.));
#16187 = VECTOR('',#16188,1.);
#16188 = DIRECTION('',(0.,-1.));
#16189 = ( GEOMETRIC_REPRESENTATION_CONTEXT(2) 
PARAMETRIC_REPRESENTATION_CONTEXT() REPRESENTATION_CONTEXT('2D SPACE',''
  ) );
#16190 = PCURVE('',#13365,#16191);
#16191 = DEFINITIONAL_REPRESENTATION('',(#16192),#16196);
#16192 = LINE('',#16193,#16194);
#16193 = CARTESIAN_POINT('',(0.,0.));
#16194 = VECTOR('',#16195,1.);
#16195 = DIRECTION('',(0.,-1.));
#16196 = ( GEOMETRIC_REPRESENTATION_CONTEXT(2) 
PARAMETRIC_REPRESENTATION_CONTEXT() REPRESENTATION_CONTEXT('2D SPACE',''
  ) );
#16197 = ORIENTED_EDGE('',*,*,#13379,.F.);
#16198 = ADVANCED_FACE('',(#16199),#11313,.T.);
#16199 = FACE_BOUND('',#16200,.T.);
#16200 = EDGE_LOOP('',(#16201,#16222,#16223,#16224));
#16201 = ORIENTED_EDGE('',*,*,#16202,.T.);
#16202 = EDGE_CURVE('',#13219,#16098,#16203,.T.);
#16203 = SURFACE_CURVE('',#16204,(#16208,#16215),.PCURVE_S1.);
#16204 = LINE('',#16205,#16206);
#16205 = CARTESIAN_POINT('',(-7.92724609375,-10.25119921875,2.));
#16206 = VECTOR('',#16207,1.);
#16207 = DIRECTION('',(0.,0.,1.));
#16208 = PCURVE('',#11313,#16209);
#16209 = DEFINITIONAL_REPRESENTATION('',(#16210),#16214);
#16210 = LINE('',#16211,#16212);
#16211 = CARTESIAN_POINT('',(0.,0.));
#16212 = VECTOR('',#16213,1.);
#16213 = DIRECTION('',(0.,-1.));
#16214 = ( GEOMETRIC_REPRESENTATION_CONTEXT(2) 
PARAMETRIC_REPRESENTATION_CONTEXT() REPRESENTATION_CONTEXT('2D SPACE',''
  ) );
#16215 = PCURVE('',#13257,#16216);
#16216 = DEFINITIONAL_REPRESENTATION('',(#16217),#16221);
#16217 = LINE('',#16218,#16219);
#16218 = CARTESIAN_POINT('',(1.,0.));
#16219 = VECTOR('',#16220,1.);
#16220 = DIRECTION('',(0.,-1.));
#16221 = ( GEOMETRIC_REPRESENTATION_CONTEXT(2) 
PARAMETRIC_REPRESENTATION_CONTEXT() REPRESENTATION_CONTEXT('2D SPACE',''
  ) );
#16222 = ORIENTED_EDGE('',*,*,#16120,.T.);
#16223 = ORIENTED_EDGE('',*,*,#11295,.F.);
#16224 = ORIENTED_EDGE('',*,*,#13218,.F.);
#16225 = ADVANCED_FACE('',(#16226),#11530,.T.);
#16226 = FACE_BOUND('',#16227,.F.);
#16227 = EDGE_LOOP('',(#16228,#16229,#16230,#16231,#16232,#16233));
#16228 = ORIENTED_EDGE('',*,*,#11764,.T.);
#16229 = ORIENTED_EDGE('',*,*,#11737,.T.);
#16230 = ORIENTED_EDGE('',*,*,#11688,.T.);
#16231 = ORIENTED_EDGE('',*,*,#11639,.T.);
#16232 = ORIENTED_EDGE('',*,*,#11590,.T.);
#16233 = ORIENTED_EDGE('',*,*,#11514,.T.);
#16234 = ADVANCED_FACE('',(#16235,#16238),#11807,.T.);
#16235 = FACE_BOUND('',#16236,.T.);
#16236 = EDGE_LOOP('',(#16237));
#16237 = ORIENTED_EDGE('',*,*,#11790,.T.);
#16238 = FACE_BOUND('',#16239,.T.);
#16239 = EDGE_LOOP('',(#16240));
#16240 = ORIENTED_EDGE('',*,*,#16241,.T.);
#16241 = EDGE_CURVE('',#16242,#16242,#16244,.T.);
#16242 = VERTEX_POINT('',#16243);
#16243 = CARTESIAN_POINT('',(24.6,-10.2,0.9));
#16244 = SURFACE_CURVE('',#16245,(#16250,#16261),.PCURVE_S1.);
#16245 = CIRCLE('',#16246,1.4);
#16246 = AXIS2_PLACEMENT_3D('',#16247,#16248,#16249);
#16247 = CARTESIAN_POINT('',(23.2,-10.2,0.9));
#16248 = DIRECTION('',(0.,0.,-1.));
#16249 = DIRECTION('',(1.,0.,0.));
#16250 = PCURVE('',#11807,#16251);
#16251 = DEFINITIONAL_REPRESENTATION('',(#16252),#16260);
#16252 = ( BOUNDED_CURVE() B_SPLINE_CURVE(2,(#16253,#16254,#16255,#16256
    ,#16257,#16258,#16259),.UNSPECIFIED.,.T.,.F.) 
B_SPLINE_CURVE_WITH_KNOTS((1,2,2,2,2,1),(-2.094395102393,0.,
    2.094395102393,4.188790204786,6.28318530718,8.377580409573),
.UNSPECIFIED.) CURVE() GEOMETRIC_REPRESENTATION_ITEM() 
RATIONAL_B_SPLINE_CURVE((1.,0.5,1.,0.5,1.,0.5,1.)) REPRESENTATION_ITEM(
  '') );
#16253 = CARTESIAN_POINT('',(1.4,0.));
#16254 = CARTESIAN_POINT('',(1.4,-2.424871130596));
#16255 = CARTESIAN_POINT('',(-0.7,-1.212435565298));
#16256 = CARTESIAN_POINT('',(-2.8,-3.429011037613E-16));
#16257 = CARTESIAN_POINT('',(-0.7,1.212435565298));
#16258 = CARTESIAN_POINT('',(1.4,2.424871130596));
#16259 = CARTESIAN_POINT('',(1.4,0.));
#16260 = ( GEOMETRIC_REPRESENTATION_CONTEXT(2) 
PARAMETRIC_REPRESENTATION_CONTEXT() REPRESENTATION_CONTEXT('2D SPACE',''
  ) );
#16261 = PCURVE('',#16262,#16267);
#16262 = CYLINDRICAL_SURFACE('',#16263,1.4);
#16263 = AXIS2_PLACEMENT_3D('',#16264,#16265,#16266);
#16264 = CARTESIAN_POINT('',(23.2,-10.2,0.));
#16265 = DIRECTION('',(-0.,-0.,-1.));
#16266 = DIRECTION('',(1.,0.,0.));
#16267 = DEFINITIONAL_REPRESENTATION('',(#16268),#16272);
#16268 = LINE('',#16269,#16270);
#16269 = CARTESIAN_POINT('',(-6.28318530718,-0.9));
#16270 = VECTOR('',#16271,1.);
#16271 = DIRECTION('',(1.,-0.));
#16272 = ( GEOMETRIC_REPRESENTATION_CONTEXT(2) 
PARAMETRIC_REPRESENTATION_CONTEXT() REPRESENTATION_CONTEXT('2D SPACE',''
  ) );
#16273 = ADVANCED_FACE('',(#16274),#11863,.T.);
#16274 = FACE_BOUND('',#16275,.T.);
#16275 = EDGE_LOOP('',(#16276,#16277,#16278,#16279));
#16276 = ORIENTED_EDGE('',*,*,#11970,.T.);
#16277 = ORIENTED_EDGE('',*,*,#11845,.T.);
#16278 = ORIENTED_EDGE('',*,*,#11921,.T.);
#16279 = ORIENTED_EDGE('',*,*,#12019,.T.);
#16280 = ADVANCED_FACE('',(#16281),#12064,.T.);
#16281 = FACE_BOUND('',#16282,.T.);
#16282 = EDGE_LOOP('',(#16283,#16284,#16285,#16286));
#16283 = ORIENTED_EDGE('',*,*,#12171,.T.);
#16284 = ORIENTED_EDGE('',*,*,#12046,.T.);
#16285 = ORIENTED_EDGE('',*,*,#12122,.T.);
#16286 = ORIENTED_EDGE('',*,*,#12220,.T.);
#16287 = ADVANCED_FACE('',(#16288,#16291),#12264,.T.);
#16288 = FACE_BOUND('',#16289,.T.);
#16289 = EDGE_LOOP('',(#16290));
#16290 = ORIENTED_EDGE('',*,*,#12247,.T.);
#16291 = FACE_BOUND('',#16292,.T.);
#16292 = EDGE_LOOP('',(#16293));
#16293 = ORIENTED_EDGE('',*,*,#16294,.T.);
#16294 = EDGE_CURVE('',#16295,#16295,#16297,.T.);
#16295 = VERTEX_POINT('',#16296);
#16296 = CARTESIAN_POINT('',(-21.8,10.2,0.9));
#16297 = SURFACE_CURVE('',#16298,(#16303,#16314),.PCURVE_S1.);
#16298 = CIRCLE('',#16299,1.4);
#16299 = AXIS2_PLACEMENT_3D('',#16300,#16301,#16302);
#16300 = CARTESIAN_POINT('',(-23.2,10.2,0.9));
#16301 = DIRECTION('',(0.,0.,-1.));
#16302 = DIRECTION('',(1.,0.,0.));
#16303 = PCURVE('',#12264,#16304);
#16304 = DEFINITIONAL_REPRESENTATION('',(#16305),#16313);
#16305 = ( BOUNDED_CURVE() B_SPLINE_CURVE(2,(#16306,#16307,#16308,#16309
    ,#16310,#16311,#16312),.UNSPECIFIED.,.T.,.F.) 
B_SPLINE_CURVE_WITH_KNOTS((1,2,2,2,2,1),(-2.094395102393,0.,
    2.094395102393,4.188790204786,6.28318530718,8.377580409573),
.UNSPECIFIED.) CURVE() GEOMETRIC_REPRESENTATION_ITEM() 
RATIONAL_B_SPLINE_CURVE((1.,0.5,1.,0.5,1.,0.5,1.)) REPRESENTATION_ITEM(
  '') );
#16306 = CARTESIAN_POINT('',(1.4,0.));
#16307 = CARTESIAN_POINT('',(1.4,-2.424871130596));
#16308 = CARTESIAN_POINT('',(-0.7,-1.212435565298));
#16309 = CARTESIAN_POINT('',(-2.8,-3.429011037613E-16));
#16310 = CARTESIAN_POINT('',(-0.7,1.212435565298));
#16311 = CARTESIAN_POINT('',(1.4,2.424871130596));
#16312 = CARTESIAN_POINT('',(1.4,0.));
#16313 = ( GEOMETRIC_REPRESENTATION_CONTEXT(2) 
PARAMETRIC_REPRESENTATION_CONTEXT() REPRESENTATION_CONTEXT('2D SPACE',''
  ) );
#16314 = PCURVE('',#16315,#16320);
#16315 = CYLINDRICAL_SURFACE('',#16316,1.4);
#16316 = AXIS2_PLACEMENT_3D('',#16317,#16318,#16319);
#16317 = CARTESIAN_POINT('',(-23.2,10.2,0.));
#16318 = DIRECTION('',(-0.,-0.,-1.));
#16319 = DIRECTION('',(1.,0.,0.));
#16320 = DEFINITIONAL_REPRESENTATION('',(#16321),#16325);
#16321 = LINE('',#16322,#16323);
#16322 = CARTESIAN_POINT('',(-6.28318530718,-0.9));
#16323 = VECTOR('',#16324,1.);
#16324 = DIRECTION('',(1.,-0.));
#16325 = ( GEOMETRIC_REPRESENTATION_CONTEXT(2) 
PARAMETRIC_REPRESENTATION_CONTEXT() REPRESENTATION_CONTEXT('2D SPACE',''
  ) );
#16326 = ADVANCED_FACE('',(#16327),#12320,.T.);
#16327 = FACE_BOUND('',#16328,.T.);
#16328 = EDGE_LOOP('',(#16329,#16330,#16331,#16332));
#16329 = ORIENTED_EDGE('',*,*,#12427,.T.);
#16330 = ORIENTED_EDGE('',*,*,#12302,.T.);
#16331 = ORIENTED_EDGE('',*,*,#12378,.T.);
#16332 = ORIENTED_EDGE('',*,*,#12476,.T.);
#16333 = ADVANCED_FACE('',(#16334),#12521,.T.);
#16334 = FACE_BOUND('',#16335,.T.);
#16335 = EDGE_LOOP('',(#16336,#16337,#16338,#16339));
#16336 = ORIENTED_EDGE('',*,*,#12628,.T.);
#16337 = ORIENTED_EDGE('',*,*,#12503,.T.);
#16338 = ORIENTED_EDGE('',*,*,#12579,.T.);
#16339 = ORIENTED_EDGE('',*,*,#12677,.T.);
#16340 = ADVANCED_FACE('',(#16341,#16344),#12721,.T.);
#16341 = FACE_BOUND('',#16342,.T.);
#16342 = EDGE_LOOP('',(#16343));
#16343 = ORIENTED_EDGE('',*,*,#12704,.T.);
#16344 = FACE_BOUND('',#16345,.T.);
#16345 = EDGE_LOOP('',(#16346));
#16346 = ORIENTED_EDGE('',*,*,#16347,.T.);
#16347 = EDGE_CURVE('',#16348,#16348,#16350,.T.);
#16348 = VERTEX_POINT('',#16349);
#16349 = CARTESIAN_POINT('',(24.6,10.2,0.9));
#16350 = SURFACE_CURVE('',#16351,(#16356,#16367),.PCURVE_S1.);
#16351 = CIRCLE('',#16352,1.4);
#16352 = AXIS2_PLACEMENT_3D('',#16353,#16354,#16355);
#16353 = CARTESIAN_POINT('',(23.2,10.2,0.9));
#16354 = DIRECTION('',(0.,0.,-1.));
#16355 = DIRECTION('',(1.,0.,0.));
#16356 = PCURVE('',#12721,#16357);
#16357 = DEFINITIONAL_REPRESENTATION('',(#16358),#16366);
#16358 = ( BOUNDED_CURVE() B_SPLINE_CURVE(2,(#16359,#16360,#16361,#16362
    ,#16363,#16364,#16365),.UNSPECIFIED.,.T.,.F.) 
B_SPLINE_CURVE_WITH_KNOTS((1,2,2,2,2,1),(-2.094395102393,0.,
    2.094395102393,4.188790204786,6.28318530718,8.377580409573),
.UNSPECIFIED.) CURVE() GEOMETRIC_REPRESENTATION_ITEM() 
RATIONAL_B_SPLINE_CURVE((1.,0.5,1.,0.5,1.,0.5,1.)) REPRESENTATION_ITEM(
  '') );
#16359 = CARTESIAN_POINT('',(1.4,0.));
#16360 = CARTESIAN_POINT('',(1.4,-2.424871130596));
#16361 = CARTESIAN_POINT('',(-0.7,-1.212435565298));
#16362 = CARTESIAN_POINT('',(-2.8,-3.429011037613E-16));
#16363 = CARTESIAN_POINT('',(-0.7,1.212435565298));
#16364 = CARTESIAN_POINT('',(1.4,2.424871130596));
#16365 = CARTESIAN_POINT('',(1.4,0.));
#16366 = ( GEOMETRIC_REPRESENTATION_CONTEXT(2) 
PARAMETRIC_REPRESENTATION_CONTEXT() REPRESENTATION_CONTEXT('2D SPACE',''
  ) );
#16367 = PCURVE('',#16368,#16373);
#16368 = CYLINDRICAL_SURFACE('',#16369,1.4);
#16369 = AXIS2_PLACEMENT_3D('',#16370,#16371,#16372);
#16370 = CARTESIAN_POINT('',(23.2,10.2,0.));
#16371 = DIRECTION('',(-0.,-0.,-1.));
#16372 = DIRECTION('',(1.,0.,0.));
#16373 = DEFINITIONAL_REPRESENTATION('',(#16374),#16378);
#16374 = LINE('',#16375,#16376);
#16375 = CARTESIAN_POINT('',(-6.28318530718,-0.9));
#16376 = VECTOR('',#16377,1.);
#16377 = DIRECTION('',(1.,-0.));
#16378 = ( GEOMETRIC_REPRESENTATION_CONTEXT(2) 
PARAMETRIC_REPRESENTATION_CONTEXT() REPRESENTATION_CONTEXT('2D SPACE',''
  ) );
#16379 = ADVANCED_FACE('',(#16380),#12794,.F.);
#16380 = FACE_BOUND('',#16381,.T.);
#16381 = EDGE_LOOP('',(#16382,#16405,#16432,#16433));
#16382 = ORIENTED_EDGE('',*,*,#16383,.F.);
#16383 = EDGE_CURVE('',#16384,#12774,#16386,.T.);
#16384 = VERTEX_POINT('',#16385);
#16385 = CARTESIAN_POINT('',(-21.8,-10.2,0.));
#16386 = SEAM_CURVE('',#16387,(#16391,#16398),.PCURVE_S1.);
#16387 = LINE('',#16388,#16389);
#16388 = CARTESIAN_POINT('',(-21.8,-10.2,0.));
#16389 = VECTOR('',#16390,1.);
#16390 = DIRECTION('',(0.,0.,1.));
#16391 = PCURVE('',#12794,#16392);
#16392 = DEFINITIONAL_REPRESENTATION('',(#16393),#16397);
#16393 = LINE('',#16394,#16395);
#16394 = CARTESIAN_POINT('',(-6.28318530718,0.));
#16395 = VECTOR('',#16396,1.);
#16396 = DIRECTION('',(-0.,-1.));
#16397 = ( GEOMETRIC_REPRESENTATION_CONTEXT(2) 
PARAMETRIC_REPRESENTATION_CONTEXT() REPRESENTATION_CONTEXT('2D SPACE',''
  ) );
#16398 = PCURVE('',#12794,#16399);
#16399 = DEFINITIONAL_REPRESENTATION('',(#16400),#16404);
#16400 = LINE('',#16401,#16402);
#16401 = CARTESIAN_POINT('',(-0.,0.));
#16402 = VECTOR('',#16403,1.);
#16403 = DIRECTION('',(-0.,-1.));
#16404 = ( GEOMETRIC_REPRESENTATION_CONTEXT(2) 
PARAMETRIC_REPRESENTATION_CONTEXT() REPRESENTATION_CONTEXT('2D SPACE',''
  ) );
#16405 = ORIENTED_EDGE('',*,*,#16406,.F.);
#16406 = EDGE_CURVE('',#16384,#16384,#16407,.T.);
#16407 = SURFACE_CURVE('',#16408,(#16413,#16420),.PCURVE_S1.);
#16408 = CIRCLE('',#16409,1.4);
#16409 = AXIS2_PLACEMENT_3D('',#16410,#16411,#16412);
#16410 = CARTESIAN_POINT('',(-23.2,-10.2,0.));
#16411 = DIRECTION('',(0.,0.,1.));
#16412 = DIRECTION('',(1.,0.,0.));
#16413 = PCURVE('',#12794,#16414);
#16414 = DEFINITIONAL_REPRESENTATION('',(#16415),#16419);
#16415 = LINE('',#16416,#16417);
#16416 = CARTESIAN_POINT('',(-0.,0.));
#16417 = VECTOR('',#16418,1.);
#16418 = DIRECTION('',(-1.,0.));
#16419 = ( GEOMETRIC_REPRESENTATION_CONTEXT(2) 
PARAMETRIC_REPRESENTATION_CONTEXT() REPRESENTATION_CONTEXT('2D SPACE',''
  ) );
#16420 = PCURVE('',#16421,#16426);
#16421 = PLANE('',#16422);
#16422 = AXIS2_PLACEMENT_3D('',#16423,#16424,#16425);
#16423 = CARTESIAN_POINT('',(-23.2,-10.2,0.));
#16424 = DIRECTION('',(0.,0.,1.));
#16425 = DIRECTION('',(1.,0.,-0.));
#16426 = DEFINITIONAL_REPRESENTATION('',(#16427),#16431);
#16427 = CIRCLE('',#16428,1.4);
#16428 = AXIS2_PLACEMENT_2D('',#16429,#16430);
#16429 = CARTESIAN_POINT('',(0.,-1.7763568394E-15));
#16430 = DIRECTION('',(1.,0.));
#16431 = ( GEOMETRIC_REPRESENTATION_CONTEXT(2) 
PARAMETRIC_REPRESENTATION_CONTEXT() REPRESENTATION_CONTEXT('2D SPACE',''
  ) );
#16432 = ORIENTED_EDGE('',*,*,#16383,.T.);
#16433 = ORIENTED_EDGE('',*,*,#12773,.F.);
#16434 = ADVANCED_FACE('',(#16435),#12920,.T.);
#16435 = FACE_BOUND('',#16436,.T.);
#16436 = EDGE_LOOP('',(#16437,#16458,#16459,#16480,#16481));
#16437 = ORIENTED_EDGE('',*,*,#16438,.T.);
#16438 = EDGE_CURVE('',#14585,#12951,#16439,.T.);
#16439 = SURFACE_CURVE('',#16440,(#16444,#16451),.PCURVE_S1.);
#16440 = LINE('',#16441,#16442);
#16441 = CARTESIAN_POINT('',(8.232421875,-8.987771484375,2.));
#16442 = VECTOR('',#16443,1.);
#16443 = DIRECTION('',(0.,0.,1.));
#16444 = PCURVE('',#12920,#16445);
#16445 = DEFINITIONAL_REPRESENTATION('',(#16446),#16450);
#16446 = LINE('',#16447,#16448);
#16447 = CARTESIAN_POINT('',(0.,0.));
#16448 = VECTOR('',#16449,1.);
#16449 = DIRECTION('',(0.,-1.));
#16450 = ( GEOMETRIC_REPRESENTATION_CONTEXT(2) 
PARAMETRIC_REPRESENTATION_CONTEXT() REPRESENTATION_CONTEXT('2D SPACE',''
  ) );
#16451 = PCURVE('',#13192,#16452);
#16452 = DEFINITIONAL_REPRESENTATION('',(#16453),#16457);
#16453 = LINE('',#16454,#16455);
#16454 = CARTESIAN_POINT('',(1.,0.));
#16455 = VECTOR('',#16456,1.);
#16456 = DIRECTION('',(0.,-1.));
#16457 = ( GEOMETRIC_REPRESENTATION_CONTEXT(2) 
PARAMETRIC_REPRESENTATION_CONTEXT() REPRESENTATION_CONTEXT('2D SPACE',''
  ) );
#16458 = ORIENTED_EDGE('',*,*,#12950,.T.);
#16459 = ORIENTED_EDGE('',*,*,#16460,.F.);
#16460 = EDGE_CURVE('',#12877,#12953,#16461,.T.);
#16461 = SURFACE_CURVE('',#16462,(#16466,#16473),.PCURVE_S1.);
#16462 = LINE('',#16463,#16464);
#16463 = CARTESIAN_POINT('',(8.580322265625,-10.00705859375,2.));
#16464 = VECTOR('',#16465,1.);
#16465 = DIRECTION('',(0.,0.,1.));
#16466 = PCURVE('',#12920,#16467);
#16467 = DEFINITIONAL_REPRESENTATION('',(#16468),#16472);
#16468 = LINE('',#16469,#16470);
#16469 = CARTESIAN_POINT('',(1.,0.));
#16470 = VECTOR('',#16471,1.);
#16471 = DIRECTION('',(0.,-1.));
#16472 = ( GEOMETRIC_REPRESENTATION_CONTEXT(2) 
PARAMETRIC_REPRESENTATION_CONTEXT() REPRESENTATION_CONTEXT('2D SPACE',''
  ) );
#16473 = PCURVE('',#12892,#16474);
#16474 = DEFINITIONAL_REPRESENTATION('',(#16475),#16479);
#16475 = LINE('',#16476,#16477);
#16476 = CARTESIAN_POINT('',(0.,0.));
#16477 = VECTOR('',#16478,1.);
#16478 = DIRECTION('',(0.,-1.));
#16479 = ( GEOMETRIC_REPRESENTATION_CONTEXT(2) 
PARAMETRIC_REPRESENTATION_CONTEXT() REPRESENTATION_CONTEXT('2D SPACE',''
  ) );
#16480 = ORIENTED_EDGE('',*,*,#12906,.F.);
#16481 = ORIENTED_EDGE('',*,*,#14607,.F.);
#16482 = ADVANCED_FACE('',(#16483),#12892,.T.);
#16483 = FACE_BOUND('',#16484,.T.);
#16484 = EDGE_LOOP('',(#16485,#16486,#16487,#16508,#16509));
#16485 = ORIENTED_EDGE('',*,*,#16460,.T.);
#16486 = ORIENTED_EDGE('',*,*,#12975,.T.);
#16487 = ORIENTED_EDGE('',*,*,#16488,.F.);
#16488 = EDGE_CURVE('',#14424,#12976,#16489,.T.);
#16489 = SURFACE_CURVE('',#16490,(#16494,#16501),.PCURVE_S1.);
#16490 = LINE('',#16491,#16492);
#16491 = CARTESIAN_POINT('',(9.453125,-10.37937304687,2.));
#16492 = VECTOR('',#16493,1.);
#16493 = DIRECTION('',(0.,0.,1.));
#16494 = PCURVE('',#12892,#16495);
#16495 = DEFINITIONAL_REPRESENTATION('',(#16496),#16500);
#16496 = LINE('',#16497,#16498);
#16497 = CARTESIAN_POINT('',(1.,0.));
#16498 = VECTOR('',#16499,1.);
#16499 = DIRECTION('',(0.,-1.));
#16500 = ( GEOMETRIC_REPRESENTATION_CONTEXT(2) 
PARAMETRIC_REPRESENTATION_CONTEXT() REPRESENTATION_CONTEXT('2D SPACE',''
  ) );
#16501 = PCURVE('',#13014,#16502);
#16502 = DEFINITIONAL_REPRESENTATION('',(#16503),#16507);
#16503 = LINE('',#16504,#16505);
#16504 = CARTESIAN_POINT('',(0.,0.));
#16505 = VECTOR('',#16506,1.);
#16506 = DIRECTION('',(0.,-1.));
#16507 = ( GEOMETRIC_REPRESENTATION_CONTEXT(2) 
PARAMETRIC_REPRESENTATION_CONTEXT() REPRESENTATION_CONTEXT('2D SPACE',''
  ) );
#16508 = ORIENTED_EDGE('',*,*,#14423,.F.);
#16509 = ORIENTED_EDGE('',*,*,#12876,.F.);
#16510 = ADVANCED_FACE('',(#16511),#13014,.T.);
#16511 = FACE_BOUND('',#16512,.T.);
#16512 = EDGE_LOOP('',(#16513,#16514,#16515,#16536));
#16513 = ORIENTED_EDGE('',*,*,#16488,.T.);
#16514 = ORIENTED_EDGE('',*,*,#12998,.T.);
#16515 = ORIENTED_EDGE('',*,*,#16516,.F.);
#16516 = EDGE_CURVE('',#14447,#12999,#16517,.T.);
#16517 = SURFACE_CURVE('',#16518,(#16522,#16529),.PCURVE_S1.);
#16518 = LINE('',#16519,#16520);
#16519 = CARTESIAN_POINT('',(10.333251953125,-10.00339648437,2.));
#16520 = VECTOR('',#16521,1.);
#16521 = DIRECTION('',(0.,0.,1.));
#16522 = PCURVE('',#13014,#16523);
#16523 = DEFINITIONAL_REPRESENTATION('',(#16524),#16528);
#16524 = LINE('',#16525,#16526);
#16525 = CARTESIAN_POINT('',(1.,0.));
#16526 = VECTOR('',#16527,1.);
#16527 = DIRECTION('',(0.,-1.));
#16528 = ( GEOMETRIC_REPRESENTATION_CONTEXT(2) 
PARAMETRIC_REPRESENTATION_CONTEXT() REPRESENTATION_CONTEXT('2D SPACE',''
  ) );
#16529 = PCURVE('',#13044,#16530);
#16530 = DEFINITIONAL_REPRESENTATION('',(#16531),#16535);
#16531 = LINE('',#16532,#16533);
#16532 = CARTESIAN_POINT('',(0.,0.));
#16533 = VECTOR('',#16534,1.);
#16534 = DIRECTION('',(0.,-1.));
#16535 = ( GEOMETRIC_REPRESENTATION_CONTEXT(2) 
PARAMETRIC_REPRESENTATION_CONTEXT() REPRESENTATION_CONTEXT('2D SPACE',''
  ) );
#16536 = ORIENTED_EDGE('',*,*,#14446,.F.);
#16537 = ADVANCED_FACE('',(#16538),#13044,.T.);
#16538 = FACE_BOUND('',#16539,.T.);
#16539 = EDGE_LOOP('',(#16540,#16541,#16542,#16563));
#16540 = ORIENTED_EDGE('',*,*,#16516,.T.);
#16541 = ORIENTED_EDGE('',*,*,#13028,.T.);
#16542 = ORIENTED_EDGE('',*,*,#16543,.F.);
#16543 = EDGE_CURVE('',#14470,#13029,#16544,.T.);
#16544 = SURFACE_CURVE('',#16545,(#16549,#16556),.PCURVE_S1.);
#16545 = LINE('',#16546,#16547);
#16546 = CARTESIAN_POINT('',(10.6787109375,-8.936501953125,2.));
#16547 = VECTOR('',#16548,1.);
#16548 = DIRECTION('',(0.,0.,1.));
#16549 = PCURVE('',#13044,#16550);
#16550 = DEFINITIONAL_REPRESENTATION('',(#16551),#16555);
#16551 = LINE('',#16552,#16553);
#16552 = CARTESIAN_POINT('',(1.,0.));
#16553 = VECTOR('',#16554,1.);
#16554 = DIRECTION('',(0.,-1.));
#16555 = ( GEOMETRIC_REPRESENTATION_CONTEXT(2) 
PARAMETRIC_REPRESENTATION_CONTEXT() REPRESENTATION_CONTEXT('2D SPACE',''
  ) );
#16556 = PCURVE('',#13074,#16557);
#16557 = DEFINITIONAL_REPRESENTATION('',(#16558),#16562);
#16558 = LINE('',#16559,#16560);
#16559 = CARTESIAN_POINT('',(0.,0.));
#16560 = VECTOR('',#16561,1.);
#16561 = DIRECTION('',(0.,-1.));
#16562 = ( GEOMETRIC_REPRESENTATION_CONTEXT(2) 
PARAMETRIC_REPRESENTATION_CONTEXT() REPRESENTATION_CONTEXT('2D SPACE',''
  ) );
#16563 = ORIENTED_EDGE('',*,*,#14469,.F.);
#16564 = ADVANCED_FACE('',(#16565),#13074,.T.);
#16565 = FACE_BOUND('',#16566,.T.);
#16566 = EDGE_LOOP('',(#16567,#16568,#16569,#16590));
#16567 = ORIENTED_EDGE('',*,*,#16543,.T.);
#16568 = ORIENTED_EDGE('',*,*,#13058,.T.);
#16569 = ORIENTED_EDGE('',*,*,#16570,.F.);
#16570 = EDGE_CURVE('',#14493,#13059,#16571,.T.);
#16571 = SURFACE_CURVE('',#16572,(#16576,#16583),.PCURVE_S1.);
#16572 = LINE('',#16573,#16574);
#16573 = CARTESIAN_POINT('',(10.531005859375,-8.1735625,2.));
#16574 = VECTOR('',#16575,1.);
#16575 = DIRECTION('',(0.,0.,1.));
#16576 = PCURVE('',#13074,#16577);
#16577 = DEFINITIONAL_REPRESENTATION('',(#16578),#16582);
#16578 = LINE('',#16579,#16580);
#16579 = CARTESIAN_POINT('',(1.,0.));
#16580 = VECTOR('',#16581,1.);
#16581 = DIRECTION('',(0.,-1.));
#16582 = ( GEOMETRIC_REPRESENTATION_CONTEXT(2) 
PARAMETRIC_REPRESENTATION_CONTEXT() REPRESENTATION_CONTEXT('2D SPACE',''
  ) );
#16583 = PCURVE('',#13104,#16584);
#16584 = DEFINITIONAL_REPRESENTATION('',(#16585),#16589);
#16585 = LINE('',#16586,#16587);
#16586 = CARTESIAN_POINT('',(0.,0.));
#16587 = VECTOR('',#16588,1.);
#16588 = DIRECTION('',(0.,-1.));
#16589 = ( GEOMETRIC_REPRESENTATION_CONTEXT(2) 
PARAMETRIC_REPRESENTATION_CONTEXT() REPRESENTATION_CONTEXT('2D SPACE',''
  ) );
#16590 = ORIENTED_EDGE('',*,*,#14492,.F.);
#16591 = ADVANCED_FACE('',(#16592),#13104,.T.);
#16592 = FACE_BOUND('',#16593,.T.);
#16593 = EDGE_LOOP('',(#16594,#16595,#16596,#16617));
#16594 = ORIENTED_EDGE('',*,*,#16570,.T.);
#16595 = ORIENTED_EDGE('',*,*,#13088,.T.);
#16596 = ORIENTED_EDGE('',*,*,#16597,.F.);
#16597 = EDGE_CURVE('',#14516,#13089,#16598,.T.);
#16598 = SURFACE_CURVE('',#16599,(#16603,#16610),.PCURVE_S1.);
#16599 = LINE('',#16600,#16601);
#16600 = CARTESIAN_POINT('',(10.098876953125,-7.66819140625,2.));
#16601 = VECTOR('',#16602,1.);
#16602 = DIRECTION('',(0.,0.,1.));
#16603 = PCURVE('',#13104,#16604);
#16604 = DEFINITIONAL_REPRESENTATION('',(#16605),#16609);
#16605 = LINE('',#16606,#16607);
#16606 = CARTESIAN_POINT('',(1.,0.));
#16607 = VECTOR('',#16608,1.);
#16608 = DIRECTION('',(0.,-1.));
#16609 = ( GEOMETRIC_REPRESENTATION_CONTEXT(2) 
PARAMETRIC_REPRESENTATION_CONTEXT() REPRESENTATION_CONTEXT('2D SPACE',''
  ) );
#16610 = PCURVE('',#13134,#16611);
#16611 = DEFINITIONAL_REPRESENTATION('',(#16612),#16616);
#16612 = LINE('',#16613,#16614);
#16613 = CARTESIAN_POINT('',(0.,0.));
#16614 = VECTOR('',#16615,1.);
#16615 = DIRECTION('',(0.,-1.));
#16616 = ( GEOMETRIC_REPRESENTATION_CONTEXT(2) 
PARAMETRIC_REPRESENTATION_CONTEXT() REPRESENTATION_CONTEXT('2D SPACE',''
  ) );
#16617 = ORIENTED_EDGE('',*,*,#14515,.F.);
#16618 = ADVANCED_FACE('',(#16619),#13134,.T.);
#16619 = FACE_BOUND('',#16620,.T.);
#16620 = EDGE_LOOP('',(#16621,#16622,#16623,#16644));
#16621 = ORIENTED_EDGE('',*,*,#16597,.T.);
#16622 = ORIENTED_EDGE('',*,*,#13118,.T.);
#16623 = ORIENTED_EDGE('',*,*,#16624,.F.);
#16624 = EDGE_CURVE('',#14539,#13119,#16625,.T.);
#16625 = SURFACE_CURVE('',#16626,(#16630,#16637),.PCURVE_S1.);
#16626 = LINE('',#16627,#16628);
#16627 = CARTESIAN_POINT('',(9.46044921875,-7.488748046875,2.));
#16628 = VECTOR('',#16629,1.);
#16629 = DIRECTION('',(0.,0.,1.));
#16630 = PCURVE('',#13134,#16631);
#16631 = DEFINITIONAL_REPRESENTATION('',(#16632),#16636);
#16632 = LINE('',#16633,#16634);
#16633 = CARTESIAN_POINT('',(1.,0.));
#16634 = VECTOR('',#16635,1.);
#16635 = DIRECTION('',(0.,-1.));
#16636 = ( GEOMETRIC_REPRESENTATION_CONTEXT(2) 
PARAMETRIC_REPRESENTATION_CONTEXT() REPRESENTATION_CONTEXT('2D SPACE',''
  ) );
#16637 = PCURVE('',#13164,#16638);
#16638 = DEFINITIONAL_REPRESENTATION('',(#16639),#16643);
#16639 = LINE('',#16640,#16641);
#16640 = CARTESIAN_POINT('',(0.,0.));
#16641 = VECTOR('',#16642,1.);
#16642 = DIRECTION('',(0.,-1.));
#16643 = ( GEOMETRIC_REPRESENTATION_CONTEXT(2) 
PARAMETRIC_REPRESENTATION_CONTEXT() REPRESENTATION_CONTEXT('2D SPACE',''
  ) );
#16644 = ORIENTED_EDGE('',*,*,#14538,.F.);
#16645 = ADVANCED_FACE('',(#16646),#13164,.T.);
#16646 = FACE_BOUND('',#16647,.T.);
#16647 = EDGE_LOOP('',(#16648,#16649,#16650,#16671));
#16648 = ORIENTED_EDGE('',*,*,#16624,.T.);
#16649 = ORIENTED_EDGE('',*,*,#13148,.T.);
#16650 = ORIENTED_EDGE('',*,*,#16651,.F.);
#16651 = EDGE_CURVE('',#14562,#13149,#16652,.T.);
#16652 = SURFACE_CURVE('',#16653,(#16657,#16664),.PCURVE_S1.);
#16653 = LINE('',#16654,#16655);
#16654 = CARTESIAN_POINT('',(8.594970703125,-7.83420703125,2.));
#16655 = VECTOR('',#16656,1.);
#16656 = DIRECTION('',(0.,0.,1.));
#16657 = PCURVE('',#13164,#16658);
#16658 = DEFINITIONAL_REPRESENTATION('',(#16659),#16663);
#16659 = LINE('',#16660,#16661);
#16660 = CARTESIAN_POINT('',(1.,0.));
#16661 = VECTOR('',#16662,1.);
#16662 = DIRECTION('',(0.,-1.));
#16663 = ( GEOMETRIC_REPRESENTATION_CONTEXT(2) 
PARAMETRIC_REPRESENTATION_CONTEXT() REPRESENTATION_CONTEXT('2D SPACE',''
  ) );
#16664 = PCURVE('',#13192,#16665);
#16665 = DEFINITIONAL_REPRESENTATION('',(#16666),#16670);
#16666 = LINE('',#16667,#16668);
#16667 = CARTESIAN_POINT('',(0.,0.));
#16668 = VECTOR('',#16669,1.);
#16669 = DIRECTION('',(0.,-1.));
#16670 = ( GEOMETRIC_REPRESENTATION_CONTEXT(2) 
PARAMETRIC_REPRESENTATION_CONTEXT() REPRESENTATION_CONTEXT('2D SPACE',''
  ) );
#16671 = ORIENTED_EDGE('',*,*,#14561,.F.);
#16672 = ADVANCED_FACE('',(#16673),#13192,.T.);
#16673 = FACE_BOUND('',#16674,.T.);
#16674 = EDGE_LOOP('',(#16675,#16676,#16677,#16678));
#16675 = ORIENTED_EDGE('',*,*,#16651,.T.);
#16676 = ORIENTED_EDGE('',*,*,#13178,.T.);
#16677 = ORIENTED_EDGE('',*,*,#16438,.F.);
#16678 = ORIENTED_EDGE('',*,*,#14584,.F.);
#16679 = ADVANCED_FACE('',(#16680),#13365,.T.);
#16680 = FACE_BOUND('',#16681,.T.);
#16681 = EDGE_LOOP('',(#16682,#16683,#16684,#16705));
#16682 = ORIENTED_EDGE('',*,*,#16177,.T.);
#16683 = ORIENTED_EDGE('',*,*,#16010,.T.);
#16684 = ORIENTED_EDGE('',*,*,#16685,.F.);
#16685 = EDGE_CURVE('',#13320,#16011,#16686,.T.);
#16686 = SURFACE_CURVE('',#16687,(#16691,#16698),.PCURVE_S1.);
#16687 = LINE('',#16688,#16689);
#16688 = CARTESIAN_POINT('',(-8.22021484375,-9.751931640625,2.));
#16689 = VECTOR('',#16690,1.);
#16690 = DIRECTION('',(0.,0.,1.));
#16691 = PCURVE('',#13365,#16692);
#16692 = DEFINITIONAL_REPRESENTATION('',(#16693),#16697);
#16693 = LINE('',#16694,#16695);
#16694 = CARTESIAN_POINT('',(1.,0.));
#16695 = VECTOR('',#16696,1.);
#16696 = DIRECTION('',(0.,-1.));
#16697 = ( GEOMETRIC_REPRESENTATION_CONTEXT(2) 
PARAMETRIC_REPRESENTATION_CONTEXT() REPRESENTATION_CONTEXT('2D SPACE',''
  ) );
#16698 = PCURVE('',#13335,#16699);
#16699 = DEFINITIONAL_REPRESENTATION('',(#16700),#16704);
#16700 = LINE('',#16701,#16702);
#16701 = CARTESIAN_POINT('',(0.,0.));
#16702 = VECTOR('',#16703,1.);
#16703 = DIRECTION('',(0.,-1.));
#16704 = ( GEOMETRIC_REPRESENTATION_CONTEXT(2) 
PARAMETRIC_REPRESENTATION_CONTEXT() REPRESENTATION_CONTEXT('2D SPACE',''
  ) );
#16705 = ORIENTED_EDGE('',*,*,#13349,.F.);
#16706 = ADVANCED_FACE('',(#16707),#13335,.T.);
#16707 = FACE_BOUND('',#16708,.T.);
#16708 = EDGE_LOOP('',(#16709,#16710,#16711,#16712));
#16709 = ORIENTED_EDGE('',*,*,#16685,.T.);
#16710 = ORIENTED_EDGE('',*,*,#16033,.T.);
#16711 = ORIENTED_EDGE('',*,*,#16148,.F.);
#16712 = ORIENTED_EDGE('',*,*,#13319,.F.);
#16713 = ADVANCED_FACE('',(#16714),#13257,.T.);
#16714 = FACE_BOUND('',#16715,.T.);
#16715 = EDGE_LOOP('',(#16716,#16717,#16718,#16719));
#16716 = ORIENTED_EDGE('',*,*,#15957,.T.);
#16717 = ORIENTED_EDGE('',*,*,#16097,.T.);
#16718 = ORIENTED_EDGE('',*,*,#16202,.F.);
#16719 = ORIENTED_EDGE('',*,*,#13241,.F.);
#16720 = ADVANCED_FACE('',(#16721),#13443,.T.);
#16721 = FACE_BOUND('',#16722,.T.);
#16722 = EDGE_LOOP('',(#16723,#16724,#16725,#16726));
#16723 = ORIENTED_EDGE('',*,*,#15589,.T.);
#16724 = ORIENTED_EDGE('',*,*,#15646,.T.);
#16725 = ORIENTED_EDGE('',*,*,#15906,.F.);
#16726 = ORIENTED_EDGE('',*,*,#13427,.F.);
#16727 = ADVANCED_FACE('',(#16728),#13546,.T.);
#16728 = FACE_BOUND('',#16729,.T.);
#16729 = EDGE_LOOP('',(#16730,#16751,#16752,#16753,#16754));
#16730 = ORIENTED_EDGE('',*,*,#16731,.T.);
#16731 = EDGE_CURVE('',#13737,#15360,#16732,.T.);
#16732 = SURFACE_CURVE('',#16733,(#16737,#16744),.PCURVE_S1.);
#16733 = LINE('',#16734,#16735);
#16734 = CARTESIAN_POINT('',(-2.27783203125,-9.17698046875,2.));
#16735 = VECTOR('',#16736,1.);
#16736 = DIRECTION('',(0.,0.,1.));
#16737 = PCURVE('',#13546,#16738);
#16738 = DEFINITIONAL_REPRESENTATION('',(#16739),#16743);
#16739 = LINE('',#16740,#16741);
#16740 = CARTESIAN_POINT('',(0.,0.));
#16741 = VECTOR('',#16742,1.);
#16742 = DIRECTION('',(0.,-1.));
#16743 = ( GEOMETRIC_REPRESENTATION_CONTEXT(2) 
PARAMETRIC_REPRESENTATION_CONTEXT() REPRESENTATION_CONTEXT('2D SPACE',''
  ) );
#16744 = PCURVE('',#13775,#16745);
#16745 = DEFINITIONAL_REPRESENTATION('',(#16746),#16750);
#16746 = LINE('',#16747,#16748);
#16747 = CARTESIAN_POINT('',(1.,0.));
#16748 = VECTOR('',#16749,1.);
#16749 = DIRECTION('',(0.,-1.));
#16750 = ( GEOMETRIC_REPRESENTATION_CONTEXT(2) 
PARAMETRIC_REPRESENTATION_CONTEXT() REPRESENTATION_CONTEXT('2D SPACE',''
  ) );
#16751 = ORIENTED_EDGE('',*,*,#15382,.T.);
#16752 = ORIENTED_EDGE('',*,*,#15537,.F.);
#16753 = ORIENTED_EDGE('',*,*,#13532,.F.);
#16754 = ORIENTED_EDGE('',*,*,#13736,.F.);
#16755 = ADVANCED_FACE('',(#16756),#13581,.T.);
#16756 = FACE_BOUND('',#16757,.T.);
#16757 = EDGE_LOOP('',(#16758,#16779,#16780,#16801));
#16758 = ORIENTED_EDGE('',*,*,#16759,.T.);
#16759 = EDGE_CURVE('',#13564,#15243,#16760,.T.);
#16760 = SURFACE_CURVE('',#16761,(#16765,#16772),.PCURVE_S1.);
#16761 = LINE('',#16762,#16763);
#16762 = CARTESIAN_POINT('',(-3.95751953125,-9.778787109375,2.));
#16763 = VECTOR('',#16764,1.);
#16764 = DIRECTION('',(0.,0.,1.));
#16765 = PCURVE('',#13581,#16766);
#16766 = DEFINITIONAL_REPRESENTATION('',(#16767),#16771);
#16767 = LINE('',#16768,#16769);
#16768 = CARTESIAN_POINT('',(0.,0.));
#16769 = VECTOR('',#16770,1.);
#16770 = DIRECTION('',(0.,-1.));
#16771 = ( GEOMETRIC_REPRESENTATION_CONTEXT(2) 
PARAMETRIC_REPRESENTATION_CONTEXT() REPRESENTATION_CONTEXT('2D SPACE',''
  ) );
#16772 = PCURVE('',#13609,#16773);
#16773 = DEFINITIONAL_REPRESENTATION('',(#16774),#16778);
#16774 = LINE('',#16775,#16776);
#16775 = CARTESIAN_POINT('',(1.,0.));
#16776 = VECTOR('',#16777,1.);
#16777 = DIRECTION('',(0.,-1.));
#16778 = ( GEOMETRIC_REPRESENTATION_CONTEXT(2) 
PARAMETRIC_REPRESENTATION_CONTEXT() REPRESENTATION_CONTEXT('2D SPACE',''
  ) );
#16779 = ORIENTED_EDGE('',*,*,#15242,.T.);
#16780 = ORIENTED_EDGE('',*,*,#16781,.F.);
#16781 = EDGE_CURVE('',#13566,#15245,#16782,.T.);
#16782 = SURFACE_CURVE('',#16783,(#16787,#16794),.PCURVE_S1.);
#16783 = LINE('',#16784,#16785);
#16784 = CARTESIAN_POINT('',(-3.51806640625,-9.720193359375,2.));
#16785 = VECTOR('',#16786,1.);
#16786 = DIRECTION('',(0.,0.,1.));
#16787 = PCURVE('',#13581,#16788);
#16788 = DEFINITIONAL_REPRESENTATION('',(#16789),#16793);
#16789 = LINE('',#16790,#16791);
#16790 = CARTESIAN_POINT('',(0.443342166516,0.));
#16791 = VECTOR('',#16792,1.);
#16792 = DIRECTION('',(0.,-1.));
#16793 = ( GEOMETRIC_REPRESENTATION_CONTEXT(2) 
PARAMETRIC_REPRESENTATION_CONTEXT() REPRESENTATION_CONTEXT('2D SPACE',''
  ) );
#16794 = PCURVE('',#13893,#16795);
#16795 = DEFINITIONAL_REPRESENTATION('',(#16796),#16800);
#16796 = LINE('',#16797,#16798);
#16797 = CARTESIAN_POINT('',(0.,0.));
#16798 = VECTOR('',#16799,1.);
#16799 = DIRECTION('',(0.,-1.));
#16800 = ( GEOMETRIC_REPRESENTATION_CONTEXT(2) 
PARAMETRIC_REPRESENTATION_CONTEXT() REPRESENTATION_CONTEXT('2D SPACE',''
  ) );
#16801 = ORIENTED_EDGE('',*,*,#13563,.F.);
#16802 = ADVANCED_FACE('',(#16803),#13893,.T.);
#16803 = FACE_BOUND('',#16804,.T.);
#16804 = EDGE_LOOP('',(#16805,#16806,#16807,#16828));
#16805 = ORIENTED_EDGE('',*,*,#16781,.T.);
#16806 = ORIENTED_EDGE('',*,*,#15267,.T.);
#16807 = ORIENTED_EDGE('',*,*,#16808,.F.);
#16808 = EDGE_CURVE('',#13850,#15268,#16809,.T.);
#16809 = SURFACE_CURVE('',#16810,(#16814,#16821),.PCURVE_S1.);
#16810 = LINE('',#16811,#16812);
#16811 = CARTESIAN_POINT('',(-3.260498046875,-10.2585234375,2.));
#16812 = VECTOR('',#16813,1.);
#16813 = DIRECTION('',(0.,0.,1.));
#16814 = PCURVE('',#13893,#16815);
#16815 = DEFINITIONAL_REPRESENTATION('',(#16816),#16820);
#16816 = LINE('',#16817,#16818);
#16817 = CARTESIAN_POINT('',(1.,0.));
#16818 = VECTOR('',#16819,1.);
#16819 = DIRECTION('',(0.,-1.));
#16820 = ( GEOMETRIC_REPRESENTATION_CONTEXT(2) 
PARAMETRIC_REPRESENTATION_CONTEXT() REPRESENTATION_CONTEXT('2D SPACE',''
  ) );
#16821 = PCURVE('',#13865,#16822);
#16822 = DEFINITIONAL_REPRESENTATION('',(#16823),#16827);
#16823 = LINE('',#16824,#16825);
#16824 = CARTESIAN_POINT('',(0.,0.));
#16825 = VECTOR('',#16826,1.);
#16826 = DIRECTION('',(0.,-1.));
#16827 = ( GEOMETRIC_REPRESENTATION_CONTEXT(2) 
PARAMETRIC_REPRESENTATION_CONTEXT() REPRESENTATION_CONTEXT('2D SPACE',''
  ) );
#16828 = ORIENTED_EDGE('',*,*,#13879,.F.);
#16829 = ADVANCED_FACE('',(#16830),#13865,.T.);
#16830 = FACE_BOUND('',#16831,.T.);
#16831 = EDGE_LOOP('',(#16832,#16833,#16834,#16855));
#16832 = ORIENTED_EDGE('',*,*,#16808,.T.);
#16833 = ORIENTED_EDGE('',*,*,#15290,.T.);
#16834 = ORIENTED_EDGE('',*,*,#16835,.F.);
#16835 = EDGE_CURVE('',#13820,#15291,#16836,.T.);
#16836 = SURFACE_CURVE('',#16837,(#16841,#16848),.PCURVE_S1.);
#16837 = LINE('',#16838,#16839);
#16838 = CARTESIAN_POINT('',(-2.8173828125,-10.42331835937,2.));
#16839 = VECTOR('',#16840,1.);
#16840 = DIRECTION('',(0.,0.,1.));
#16841 = PCURVE('',#13865,#16842);
#16842 = DEFINITIONAL_REPRESENTATION('',(#16843),#16847);
#16843 = LINE('',#16844,#16845);
#16844 = CARTESIAN_POINT('',(1.,0.));
#16845 = VECTOR('',#16846,1.);
#16846 = DIRECTION('',(0.,-1.));
#16847 = ( GEOMETRIC_REPRESENTATION_CONTEXT(2) 
PARAMETRIC_REPRESENTATION_CONTEXT() REPRESENTATION_CONTEXT('2D SPACE',''
  ) );
#16848 = PCURVE('',#13835,#16849);
#16849 = DEFINITIONAL_REPRESENTATION('',(#16850),#16854);
#16850 = LINE('',#16851,#16852);
#16851 = CARTESIAN_POINT('',(0.,0.));
#16852 = VECTOR('',#16853,1.);
#16853 = DIRECTION('',(0.,-1.));
#16854 = ( GEOMETRIC_REPRESENTATION_CONTEXT(2) 
PARAMETRIC_REPRESENTATION_CONTEXT() REPRESENTATION_CONTEXT('2D SPACE',''
  ) );
#16855 = ORIENTED_EDGE('',*,*,#13849,.F.);
#16856 = ADVANCED_FACE('',(#16857),#13835,.T.);
#16857 = FACE_BOUND('',#16858,.T.);
#16858 = EDGE_LOOP('',(#16859,#16860,#16861,#16882));
#16859 = ORIENTED_EDGE('',*,*,#16835,.T.);
#16860 = ORIENTED_EDGE('',*,*,#15313,.T.);
#16861 = ORIENTED_EDGE('',*,*,#16862,.F.);
#16862 = EDGE_CURVE('',#13790,#15314,#16863,.T.);
#16863 = SURFACE_CURVE('',#16864,(#16868,#16875),.PCURVE_S1.);
#16864 = LINE('',#16865,#16866);
#16865 = CARTESIAN_POINT('',(-2.293701171875,-10.20847460937,2.));
#16866 = VECTOR('',#16867,1.);
#16867 = DIRECTION('',(0.,0.,1.));
#16868 = PCURVE('',#13835,#16869);
#16869 = DEFINITIONAL_REPRESENTATION('',(#16870),#16874);
#16870 = LINE('',#16871,#16872);
#16871 = CARTESIAN_POINT('',(1.,0.));
#16872 = VECTOR('',#16873,1.);
#16873 = DIRECTION('',(0.,-1.));
#16874 = ( GEOMETRIC_REPRESENTATION_CONTEXT(2) 
PARAMETRIC_REPRESENTATION_CONTEXT() REPRESENTATION_CONTEXT('2D SPACE',''
  ) );
#16875 = PCURVE('',#13805,#16876);
#16876 = DEFINITIONAL_REPRESENTATION('',(#16877),#16881);
#16877 = LINE('',#16878,#16879);
#16878 = CARTESIAN_POINT('',(0.,0.));
#16879 = VECTOR('',#16880,1.);
#16880 = DIRECTION('',(0.,-1.));
#16881 = ( GEOMETRIC_REPRESENTATION_CONTEXT(2) 
PARAMETRIC_REPRESENTATION_CONTEXT() REPRESENTATION_CONTEXT('2D SPACE',''
  ) );
#16882 = ORIENTED_EDGE('',*,*,#13819,.F.);
#16883 = ADVANCED_FACE('',(#16884),#13805,.T.);
#16884 = FACE_BOUND('',#16885,.T.);
#16885 = EDGE_LOOP('',(#16886,#16887,#16888,#16909));
#16886 = ORIENTED_EDGE('',*,*,#16862,.T.);
#16887 = ORIENTED_EDGE('',*,*,#15336,.T.);
#16888 = ORIENTED_EDGE('',*,*,#16889,.F.);
#16889 = EDGE_CURVE('',#13760,#15337,#16890,.T.);
#16890 = SURFACE_CURVE('',#16891,(#16895,#16902),.PCURVE_S1.);
#16891 = LINE('',#16892,#16893);
#16892 = CARTESIAN_POINT('',(-2.080078125,-9.676248046875,2.));
#16893 = VECTOR('',#16894,1.);
#16894 = DIRECTION('',(0.,0.,1.));
#16895 = PCURVE('',#13805,#16896);
#16896 = DEFINITIONAL_REPRESENTATION('',(#16897),#16901);
#16897 = LINE('',#16898,#16899);
#16898 = CARTESIAN_POINT('',(1.,0.));
#16899 = VECTOR('',#16900,1.);
#16900 = DIRECTION('',(0.,-1.));
#16901 = ( GEOMETRIC_REPRESENTATION_CONTEXT(2) 
PARAMETRIC_REPRESENTATION_CONTEXT() REPRESENTATION_CONTEXT('2D SPACE',''
  ) );
#16902 = PCURVE('',#13775,#16903);
#16903 = DEFINITIONAL_REPRESENTATION('',(#16904),#16908);
#16904 = LINE('',#16905,#16906);
#16905 = CARTESIAN_POINT('',(0.,0.));
#16906 = VECTOR('',#16907,1.);
#16907 = DIRECTION('',(0.,-1.));
#16908 = ( GEOMETRIC_REPRESENTATION_CONTEXT(2) 
PARAMETRIC_REPRESENTATION_CONTEXT() REPRESENTATION_CONTEXT('2D SPACE',''
  ) );
#16909 = ORIENTED_EDGE('',*,*,#13789,.F.);
#16910 = ADVANCED_FACE('',(#16911),#13775,.T.);
#16911 = FACE_BOUND('',#16912,.T.);
#16912 = EDGE_LOOP('',(#16913,#16914,#16915,#16916));
#16913 = ORIENTED_EDGE('',*,*,#16889,.T.);
#16914 = ORIENTED_EDGE('',*,*,#15359,.T.);
#16915 = ORIENTED_EDGE('',*,*,#16731,.F.);
#16916 = ORIENTED_EDGE('',*,*,#13759,.F.);
#16917 = ADVANCED_FACE('',(#16918),#13699,.T.);
#16918 = FACE_BOUND('',#16919,.T.);
#16919 = EDGE_LOOP('',(#16920,#16921,#16922,#16943));
#16920 = ORIENTED_EDGE('',*,*,#15217,.T.);
#16921 = ORIENTED_EDGE('',*,*,#15444,.T.);
#16922 = ORIENTED_EDGE('',*,*,#16923,.F.);
#16923 = EDGE_CURVE('',#13654,#15445,#16924,.T.);
#16924 = SURFACE_CURVE('',#16925,(#16929,#16936),.PCURVE_S1.);
#16925 = LINE('',#16926,#16927);
#16926 = CARTESIAN_POINT('',(-1.95556640625,-10.46116015625,2.));
#16927 = VECTOR('',#16928,1.);
#16928 = DIRECTION('',(0.,0.,1.));
#16929 = PCURVE('',#13699,#16930);
#16930 = DEFINITIONAL_REPRESENTATION('',(#16931),#16935);
#16931 = LINE('',#16932,#16933);
#16932 = CARTESIAN_POINT('',(1.,0.));
#16933 = VECTOR('',#16934,1.);
#16934 = DIRECTION('',(0.,-1.));
#16935 = ( GEOMETRIC_REPRESENTATION_CONTEXT(2) 
PARAMETRIC_REPRESENTATION_CONTEXT() REPRESENTATION_CONTEXT('2D SPACE',''
  ) );
#16936 = PCURVE('',#13669,#16937);
#16937 = DEFINITIONAL_REPRESENTATION('',(#16938),#16942);
#16938 = LINE('',#16939,#16940);
#16939 = CARTESIAN_POINT('',(0.,0.));
#16940 = VECTOR('',#16941,1.);
#16941 = DIRECTION('',(0.,-1.));
#16942 = ( GEOMETRIC_REPRESENTATION_CONTEXT(2) 
PARAMETRIC_REPRESENTATION_CONTEXT() REPRESENTATION_CONTEXT('2D SPACE',''
  ) );
#16943 = ORIENTED_EDGE('',*,*,#13683,.F.);
#16944 = ADVANCED_FACE('',(#16945),#13669,.T.);
#16945 = FACE_BOUND('',#16946,.T.);
#16946 = EDGE_LOOP('',(#16947,#16948,#16949,#16970));
#16947 = ORIENTED_EDGE('',*,*,#16923,.T.);
#16948 = ORIENTED_EDGE('',*,*,#15467,.T.);
#16949 = ORIENTED_EDGE('',*,*,#16950,.F.);
#16950 = EDGE_CURVE('',#13624,#15468,#16951,.T.);
#16951 = SURFACE_CURVE('',#16952,(#16956,#16963),.PCURVE_S1.);
#16952 = LINE('',#16953,#16954);
#16953 = CARTESIAN_POINT('',(-2.81982421875,-10.78708789062,2.));
#16954 = VECTOR('',#16955,1.);
#16955 = DIRECTION('',(0.,0.,1.));
#16956 = PCURVE('',#13669,#16957);
#16957 = DEFINITIONAL_REPRESENTATION('',(#16958),#16962);
#16958 = LINE('',#16959,#16960);
#16959 = CARTESIAN_POINT('',(1.,0.));
#16960 = VECTOR('',#16961,1.);
#16961 = DIRECTION('',(0.,-1.));
#16962 = ( GEOMETRIC_REPRESENTATION_CONTEXT(2) 
PARAMETRIC_REPRESENTATION_CONTEXT() REPRESENTATION_CONTEXT('2D SPACE',''
  ) );
#16963 = PCURVE('',#13639,#16964);
#16964 = DEFINITIONAL_REPRESENTATION('',(#16965),#16969);
#16965 = LINE('',#16966,#16967);
#16966 = CARTESIAN_POINT('',(0.,0.));
#16967 = VECTOR('',#16968,1.);
#16968 = DIRECTION('',(0.,-1.));
#16969 = ( GEOMETRIC_REPRESENTATION_CONTEXT(2) 
PARAMETRIC_REPRESENTATION_CONTEXT() REPRESENTATION_CONTEXT('2D SPACE',''
  ) );
#16970 = ORIENTED_EDGE('',*,*,#13653,.F.);
#16971 = ADVANCED_FACE('',(#16972),#13639,.T.);
#16972 = FACE_BOUND('',#16973,.T.);
#16973 = EDGE_LOOP('',(#16974,#16975,#16976,#16997));
#16974 = ORIENTED_EDGE('',*,*,#16950,.T.);
#16975 = ORIENTED_EDGE('',*,*,#15490,.T.);
#16976 = ORIENTED_EDGE('',*,*,#16977,.F.);
#16977 = EDGE_CURVE('',#13594,#15491,#16978,.T.);
#16978 = SURFACE_CURVE('',#16979,(#16983,#16990),.PCURVE_S1.);
#16979 = LINE('',#16980,#16981);
#16980 = CARTESIAN_POINT('',(-3.602294921875,-10.50632617187,2.));
#16981 = VECTOR('',#16982,1.);
#16982 = DIRECTION('',(0.,0.,1.));
#16983 = PCURVE('',#13639,#16984);
#16984 = DEFINITIONAL_REPRESENTATION('',(#16985),#16989);
#16985 = LINE('',#16986,#16987);
#16986 = CARTESIAN_POINT('',(1.,0.));
#16987 = VECTOR('',#16988,1.);
#16988 = DIRECTION('',(0.,-1.));
#16989 = ( GEOMETRIC_REPRESENTATION_CONTEXT(2) 
PARAMETRIC_REPRESENTATION_CONTEXT() REPRESENTATION_CONTEXT('2D SPACE',''
  ) );
#16990 = PCURVE('',#13609,#16991);
#16991 = DEFINITIONAL_REPRESENTATION('',(#16992),#16996);
#16992 = LINE('',#16993,#16994);
#16993 = CARTESIAN_POINT('',(0.,0.));
#16994 = VECTOR('',#16995,1.);
#16995 = DIRECTION('',(0.,-1.));
#16996 = ( GEOMETRIC_REPRESENTATION_CONTEXT(2) 
PARAMETRIC_REPRESENTATION_CONTEXT() REPRESENTATION_CONTEXT('2D SPACE',''
  ) );
#16997 = ORIENTED_EDGE('',*,*,#13623,.F.);
#16998 = ADVANCED_FACE('',(#16999),#13609,.T.);
#16999 = FACE_BOUND('',#17000,.T.);
#17000 = EDGE_LOOP('',(#17001,#17002,#17003,#17004));
#17001 = ORIENTED_EDGE('',*,*,#16977,.T.);
#17002 = ORIENTED_EDGE('',*,*,#15513,.T.);
#17003 = ORIENTED_EDGE('',*,*,#16759,.F.);
#17004 = ORIENTED_EDGE('',*,*,#13593,.F.);
#17005 = ADVANCED_FACE('',(#17006),#13928,.T.);
#17006 = FACE_BOUND('',#17007,.T.);
#17007 = EDGE_LOOP('',(#17008,#17029,#17030,#17051));
#17008 = ORIENTED_EDGE('',*,*,#17009,.T.);
#17009 = EDGE_CURVE('',#13911,#14990,#17010,.T.);
#17010 = SURFACE_CURVE('',#17011,(#17015,#17022),.PCURVE_S1.);
#17011 = LINE('',#17012,#17013);
#17012 = CARTESIAN_POINT('',(-0.625,-10.30124804687,2.));
#17013 = VECTOR('',#17014,1.);
#17014 = DIRECTION('',(0.,0.,1.));
#17015 = PCURVE('',#13928,#17016);
#17016 = DEFINITIONAL_REPRESENTATION('',(#17017),#17021);
#17017 = LINE('',#17018,#17019);
#17018 = CARTESIAN_POINT('',(0.,0.));
#17019 = VECTOR('',#17020,1.);
#17020 = DIRECTION('',(0.,-1.));
#17021 = ( GEOMETRIC_REPRESENTATION_CONTEXT(2) 
PARAMETRIC_REPRESENTATION_CONTEXT() REPRESENTATION_CONTEXT('2D SPACE',''
  ) );
#17022 = PCURVE('',#13956,#17023);
#17023 = DEFINITIONAL_REPRESENTATION('',(#17024),#17028);
#17024 = LINE('',#17025,#17026);
#17025 = CARTESIAN_POINT('',(1.,0.));
#17026 = VECTOR('',#17027,1.);
#17027 = DIRECTION('',(0.,-1.));
#17028 = ( GEOMETRIC_REPRESENTATION_CONTEXT(2) 
PARAMETRIC_REPRESENTATION_CONTEXT() REPRESENTATION_CONTEXT('2D SPACE',''
  ) );
#17029 = ORIENTED_EDGE('',*,*,#14989,.T.);
#17030 = ORIENTED_EDGE('',*,*,#17031,.F.);
#17031 = EDGE_CURVE('',#13913,#14992,#17032,.T.);
#17032 = SURFACE_CURVE('',#17033,(#17037,#17044),.PCURVE_S1.);
#17033 = LINE('',#17034,#17035);
#17034 = CARTESIAN_POINT('',(1.13037109375,-10.30124804687,2.));
#17035 = VECTOR('',#17036,1.);
#17036 = DIRECTION('',(0.,0.,1.));
#17037 = PCURVE('',#13928,#17038);
#17038 = DEFINITIONAL_REPRESENTATION('',(#17039),#17043);
#17039 = LINE('',#17040,#17041);
#17040 = CARTESIAN_POINT('',(1.75537109375,0.));
#17041 = VECTOR('',#17042,1.);
#17042 = DIRECTION('',(0.,-1.));
#17043 = ( GEOMETRIC_REPRESENTATION_CONTEXT(2) 
PARAMETRIC_REPRESENTATION_CONTEXT() REPRESENTATION_CONTEXT('2D SPACE',''
  ) );
#17044 = PCURVE('',#14119,#17045);
#17045 = DEFINITIONAL_REPRESENTATION('',(#17046),#17050);
#17046 = LINE('',#17047,#17048);
#17047 = CARTESIAN_POINT('',(0.,0.));
#17048 = VECTOR('',#17049,1.);
#17049 = DIRECTION('',(0.,-1.));
#17050 = ( GEOMETRIC_REPRESENTATION_CONTEXT(2) 
PARAMETRIC_REPRESENTATION_CONTEXT() REPRESENTATION_CONTEXT('2D SPACE',''
  ) );
#17051 = ORIENTED_EDGE('',*,*,#13910,.F.);
#17052 = ADVANCED_FACE('',(#17053),#14119,.T.);
#17053 = FACE_BOUND('',#17054,.T.);
#17054 = EDGE_LOOP('',(#17055,#17056,#17057,#17078));
#17055 = ORIENTED_EDGE('',*,*,#17031,.T.);
#17056 = ORIENTED_EDGE('',*,*,#15014,.T.);
#17057 = ORIENTED_EDGE('',*,*,#17058,.F.);
#17058 = EDGE_CURVE('',#14078,#15015,#17059,.T.);
#17059 = SURFACE_CURVE('',#17060,(#17064,#17071),.PCURVE_S1.);
#17060 = LINE('',#17061,#17062);
#17061 = CARTESIAN_POINT('',(1.13037109375,-10.72361132812,2.));
#17062 = VECTOR('',#17063,1.);
#17063 = DIRECTION('',(0.,0.,1.));
#17064 = PCURVE('',#14119,#17065);
#17065 = DEFINITIONAL_REPRESENTATION('',(#17066),#17070);
#17066 = LINE('',#17067,#17068);
#17067 = CARTESIAN_POINT('',(0.42236328125,0.));
#17068 = VECTOR('',#17069,1.);
#17069 = DIRECTION('',(0.,-1.));
#17070 = ( GEOMETRIC_REPRESENTATION_CONTEXT(2) 
PARAMETRIC_REPRESENTATION_CONTEXT() REPRESENTATION_CONTEXT('2D SPACE',''
  ) );
#17071 = PCURVE('',#14093,#17072);
#17072 = DEFINITIONAL_REPRESENTATION('',(#17073),#17077);
#17073 = LINE('',#17074,#17075);
#17074 = CARTESIAN_POINT('',(0.,-0.));
#17075 = VECTOR('',#17076,1.);
#17076 = DIRECTION('',(0.,-1.));
#17077 = ( GEOMETRIC_REPRESENTATION_CONTEXT(2) 
PARAMETRIC_REPRESENTATION_CONTEXT() REPRESENTATION_CONTEXT('2D SPACE',''
  ) );
#17078 = ORIENTED_EDGE('',*,*,#14105,.F.);
#17079 = ADVANCED_FACE('',(#17080),#14093,.T.);
#17080 = FACE_BOUND('',#17081,.T.);
#17081 = EDGE_LOOP('',(#17082,#17083,#17084,#17105));
#17082 = ORIENTED_EDGE('',*,*,#17058,.T.);
#17083 = ORIENTED_EDGE('',*,*,#15037,.T.);
#17084 = ORIENTED_EDGE('',*,*,#17085,.F.);
#17085 = EDGE_CURVE('',#14048,#15038,#17086,.T.);
#17086 = SURFACE_CURVE('',#17087,(#17091,#17098),.PCURVE_S1.);
#17087 = LINE('',#17088,#17089);
#17088 = CARTESIAN_POINT('',(-1.2353515625,-10.72361132812,2.));
#17089 = VECTOR('',#17090,1.);
#17090 = DIRECTION('',(0.,0.,1.));
#17091 = PCURVE('',#14093,#17092);
#17092 = DEFINITIONAL_REPRESENTATION('',(#17093),#17097);
#17093 = LINE('',#17094,#17095);
#17094 = CARTESIAN_POINT('',(2.36572265625,0.));
#17095 = VECTOR('',#17096,1.);
#17096 = DIRECTION('',(0.,-1.));
#17097 = ( GEOMETRIC_REPRESENTATION_CONTEXT(2) 
PARAMETRIC_REPRESENTATION_CONTEXT() REPRESENTATION_CONTEXT('2D SPACE',''
  ) );
#17098 = PCURVE('',#14063,#17099);
#17099 = DEFINITIONAL_REPRESENTATION('',(#17100),#17104);
#17100 = LINE('',#17101,#17102);
#17101 = CARTESIAN_POINT('',(0.,0.));
#17102 = VECTOR('',#17103,1.);
#17103 = DIRECTION('',(0.,-1.));
#17104 = ( GEOMETRIC_REPRESENTATION_CONTEXT(2) 
PARAMETRIC_REPRESENTATION_CONTEXT() REPRESENTATION_CONTEXT('2D SPACE',''
  ) );
#17105 = ORIENTED_EDGE('',*,*,#14077,.F.);
#17106 = ADVANCED_FACE('',(#17107),#14063,.T.);
#17107 = FACE_BOUND('',#17108,.T.);
#17108 = EDGE_LOOP('',(#17109,#17110,#17111,#17132));
#17109 = ORIENTED_EDGE('',*,*,#17085,.T.);
#17110 = ORIENTED_EDGE('',*,*,#15060,.T.);
#17111 = ORIENTED_EDGE('',*,*,#17112,.F.);
#17112 = EDGE_CURVE('',#14018,#15061,#17113,.T.);
#17113 = SURFACE_CURVE('',#17114,(#17118,#17125),.PCURVE_S1.);
#17114 = LINE('',#17115,#17116);
#17115 = CARTESIAN_POINT('',(-1.18408203125,-10.41843554687,2.));
#17116 = VECTOR('',#17117,1.);
#17117 = DIRECTION('',(0.,0.,1.));
#17118 = PCURVE('',#14063,#17119);
#17119 = DEFINITIONAL_REPRESENTATION('',(#17120),#17124);
#17120 = LINE('',#17121,#17122);
#17121 = CARTESIAN_POINT('',(1.,0.));
#17122 = VECTOR('',#17123,1.);
#17123 = DIRECTION('',(0.,-1.));
#17124 = ( GEOMETRIC_REPRESENTATION_CONTEXT(2) 
PARAMETRIC_REPRESENTATION_CONTEXT() REPRESENTATION_CONTEXT('2D SPACE',''
  ) );
#17125 = PCURVE('',#14033,#17126);
#17126 = DEFINITIONAL_REPRESENTATION('',(#17127),#17131);
#17127 = LINE('',#17128,#17129);
#17128 = CARTESIAN_POINT('',(0.,0.));
#17129 = VECTOR('',#17130,1.);
#17130 = DIRECTION('',(0.,-1.));
#17131 = ( GEOMETRIC_REPRESENTATION_CONTEXT(2) 
PARAMETRIC_REPRESENTATION_CONTEXT() REPRESENTATION_CONTEXT('2D SPACE',''
  ) );
#17132 = ORIENTED_EDGE('',*,*,#14047,.F.);
#17133 = ADVANCED_FACE('',(#17134),#14033,.T.);
#17134 = FACE_BOUND('',#17135,.T.);
#17135 = EDGE_LOOP('',(#17136,#17137,#17138,#17139));
#17136 = ORIENTED_EDGE('',*,*,#17112,.T.);
#17137 = ORIENTED_EDGE('',*,*,#15083,.T.);
#17138 = ORIENTED_EDGE('',*,*,#15166,.F.);
#17139 = ORIENTED_EDGE('',*,*,#14017,.F.);
#17140 = ADVANCED_FACE('',(#17141),#13956,.T.);
#17141 = FACE_BOUND('',#17142,.T.);
#17142 = EDGE_LOOP('',(#17143,#17144,#17145,#17146));
#17143 = ORIENTED_EDGE('',*,*,#14964,.T.);
#17144 = ORIENTED_EDGE('',*,*,#15142,.T.);
#17145 = ORIENTED_EDGE('',*,*,#17009,.F.);
#17146 = ORIENTED_EDGE('',*,*,#13940,.F.);
#17147 = ADVANCED_FACE('',(#17148),#14171,.T.);
#17148 = FACE_BOUND('',#17149,.T.);
#17149 = EDGE_LOOP('',(#17150,#17171,#17172,#17173,#17174));
#17150 = ORIENTED_EDGE('',*,*,#17151,.T.);
#17151 = EDGE_CURVE('',#14295,#14826,#17152,.T.);
#17152 = SURFACE_CURVE('',#17153,(#17157,#17164),.PCURVE_S1.);
#17153 = LINE('',#17154,#17155);
#17154 = CARTESIAN_POINT('',(5.03662109375,-7.996560546875,2.));
#17155 = VECTOR('',#17156,1.);
#17156 = DIRECTION('',(0.,0.,1.));
#17157 = PCURVE('',#14171,#17158);
#17158 = DEFINITIONAL_REPRESENTATION('',(#17159),#17163);
#17159 = LINE('',#17160,#17161);
#17160 = CARTESIAN_POINT('',(0.,0.));
#17161 = VECTOR('',#17162,1.);
#17162 = DIRECTION('',(0.,-1.));
#17163 = ( GEOMETRIC_REPRESENTATION_CONTEXT(2) 
PARAMETRIC_REPRESENTATION_CONTEXT() REPRESENTATION_CONTEXT('2D SPACE',''
  ) );
#17164 = PCURVE('',#14310,#17165);
#17165 = DEFINITIONAL_REPRESENTATION('',(#17166),#17170);
#17166 = LINE('',#17167,#17168);
#17167 = CARTESIAN_POINT('',(1.,0.));
#17168 = VECTOR('',#17169,1.);
#17169 = DIRECTION('',(0.,-1.));
#17170 = ( GEOMETRIC_REPRESENTATION_CONTEXT(2) 
PARAMETRIC_REPRESENTATION_CONTEXT() REPRESENTATION_CONTEXT('2D SPACE',''
  ) );
#17171 = ORIENTED_EDGE('',*,*,#14848,.T.);
#17172 = ORIENTED_EDGE('',*,*,#14913,.F.);
#17173 = ORIENTED_EDGE('',*,*,#14157,.F.);
#17174 = ORIENTED_EDGE('',*,*,#14324,.F.);
#17175 = ADVANCED_FACE('',(#17176),#14310,.T.);
#17176 = FACE_BOUND('',#17177,.T.);
#17177 = EDGE_LOOP('',(#17178,#17199,#17200,#17201));
#17178 = ORIENTED_EDGE('',*,*,#17179,.T.);
#17179 = EDGE_CURVE('',#14265,#14803,#17180,.T.);
#17180 = SURFACE_CURVE('',#17181,(#17185,#17192),.PCURVE_S1.);
#17181 = LINE('',#17182,#17183);
#17182 = CARTESIAN_POINT('',(5.1416015625,-7.576638671875,2.));
#17183 = VECTOR('',#17184,1.);
#17184 = DIRECTION('',(0.,0.,1.));
#17185 = PCURVE('',#14310,#17186);
#17186 = DEFINITIONAL_REPRESENTATION('',(#17187),#17191);
#17187 = LINE('',#17188,#17189);
#17188 = CARTESIAN_POINT('',(0.,0.));
#17189 = VECTOR('',#17190,1.);
#17190 = DIRECTION('',(0.,-1.));
#17191 = ( GEOMETRIC_REPRESENTATION_CONTEXT(2) 
PARAMETRIC_REPRESENTATION_CONTEXT() REPRESENTATION_CONTEXT('2D SPACE',''
  ) );
#17192 = PCURVE('',#14280,#17193);
#17193 = DEFINITIONAL_REPRESENTATION('',(#17194),#17198);
#17194 = LINE('',#17195,#17196);
#17195 = CARTESIAN_POINT('',(1.,0.));
#17196 = VECTOR('',#17197,1.);
#17197 = DIRECTION('',(0.,-1.));
#17198 = ( GEOMETRIC_REPRESENTATION_CONTEXT(2) 
PARAMETRIC_REPRESENTATION_CONTEXT() REPRESENTATION_CONTEXT('2D SPACE',''
  ) );
#17199 = ORIENTED_EDGE('',*,*,#14825,.T.);
#17200 = ORIENTED_EDGE('',*,*,#17151,.F.);
#17201 = ORIENTED_EDGE('',*,*,#14294,.F.);
#17202 = ADVANCED_FACE('',(#17203),#14280,.T.);
#17203 = FACE_BOUND('',#17204,.T.);
#17204 = EDGE_LOOP('',(#17205,#17226,#17227,#17228));
#17205 = ORIENTED_EDGE('',*,*,#17206,.T.);
#17206 = EDGE_CURVE('',#14237,#14780,#17207,.T.);
#17207 = SURFACE_CURVE('',#17208,(#17212,#17219),.PCURVE_S1.);
#17208 = LINE('',#17209,#17210);
#17209 = CARTESIAN_POINT('',(5.25390625,-7.996560546875,2.));
#17210 = VECTOR('',#17211,1.);
#17211 = DIRECTION('',(0.,0.,1.));
#17212 = PCURVE('',#14280,#17213);
#17213 = DEFINITIONAL_REPRESENTATION('',(#17214),#17218);
#17214 = LINE('',#17215,#17216);
#17215 = CARTESIAN_POINT('',(0.,0.));
#17216 = VECTOR('',#17217,1.);
#17217 = DIRECTION('',(0.,-1.));
#17218 = ( GEOMETRIC_REPRESENTATION_CONTEXT(2) 
PARAMETRIC_REPRESENTATION_CONTEXT() REPRESENTATION_CONTEXT('2D SPACE',''
  ) );
#17219 = PCURVE('',#14252,#17220);
#17220 = DEFINITIONAL_REPRESENTATION('',(#17221),#17225);
#17221 = LINE('',#17222,#17223);
#17222 = CARTESIAN_POINT('',(2.82947293189,0.));
#17223 = VECTOR('',#17224,1.);
#17224 = DIRECTION('',(0.,-1.));
#17225 = ( GEOMETRIC_REPRESENTATION_CONTEXT(2) 
PARAMETRIC_REPRESENTATION_CONTEXT() REPRESENTATION_CONTEXT('2D SPACE',''
  ) );
#17226 = ORIENTED_EDGE('',*,*,#14802,.T.);
#17227 = ORIENTED_EDGE('',*,*,#17179,.F.);
#17228 = ORIENTED_EDGE('',*,*,#14264,.F.);
#17229 = ADVANCED_FACE('',(#17230),#14252,.T.);
#17230 = FACE_BOUND('',#17231,.T.);
#17231 = EDGE_LOOP('',(#17232,#17233,#17234,#17235,#17236));
#17232 = ORIENTED_EDGE('',*,*,#14655,.T.);
#17233 = ORIENTED_EDGE('',*,*,#14779,.T.);
#17234 = ORIENTED_EDGE('',*,*,#17206,.F.);
#17235 = ORIENTED_EDGE('',*,*,#14236,.F.);
#17236 = ORIENTED_EDGE('',*,*,#14349,.F.);
#17237 = ADVANCED_FACE('',(#17238),#15687,.T.);
#17238 = FACE_BOUND('',#17239,.T.);
#17239 = EDGE_LOOP('',(#17240,#17263,#17264,#17287));
#17240 = ORIENTED_EDGE('',*,*,#17241,.T.);
#17241 = EDGE_CURVE('',#17242,#15670,#17244,.T.);
#17242 = VERTEX_POINT('',#17243);
#17243 = CARTESIAN_POINT('',(-6.64306640625,-7.566873046875,2.));
#17244 = SURFACE_CURVE('',#17245,(#17249,#17256),.PCURVE_S1.);
#17245 = LINE('',#17246,#17247);
#17246 = CARTESIAN_POINT('',(-6.64306640625,-7.566873046875,2.));
#17247 = VECTOR('',#17248,1.);
#17248 = DIRECTION('',(0.,0.,1.));
#17249 = PCURVE('',#15687,#17250);
#17250 = DEFINITIONAL_REPRESENTATION('',(#17251),#17255);
#17251 = LINE('',#17252,#17253);
#17252 = CARTESIAN_POINT('',(0.,0.));
#17253 = VECTOR('',#17254,1.);
#17254 = DIRECTION('',(0.,-1.));
#17255 = ( GEOMETRIC_REPRESENTATION_CONTEXT(2) 
PARAMETRIC_REPRESENTATION_CONTEXT() REPRESENTATION_CONTEXT('2D SPACE',''
  ) );
#17256 = PCURVE('',#15891,#17257);
#17257 = DEFINITIONAL_REPRESENTATION('',(#17258),#17262);
#17258 = LINE('',#17259,#17260);
#17259 = CARTESIAN_POINT('',(0.91552734375,0.));
#17260 = VECTOR('',#17261,1.);
#17261 = DIRECTION('',(0.,-1.));
#17262 = ( GEOMETRIC_REPRESENTATION_CONTEXT(2) 
PARAMETRIC_REPRESENTATION_CONTEXT() REPRESENTATION_CONTEXT('2D SPACE',''
  ) );
#17263 = ORIENTED_EDGE('',*,*,#15669,.T.);
#17264 = ORIENTED_EDGE('',*,*,#17265,.F.);
#17265 = EDGE_CURVE('',#17266,#15672,#17268,.T.);
#17266 = VERTEX_POINT('',#17267);
#17267 = CARTESIAN_POINT('',(-6.64306640625,-8.846169921875,2.));
#17268 = SURFACE_CURVE('',#17269,(#17273,#17280),.PCURVE_S1.);
#17269 = LINE('',#17270,#17271);
#17270 = CARTESIAN_POINT('',(-6.64306640625,-8.846169921875,2.));
#17271 = VECTOR('',#17272,1.);
#17272 = DIRECTION('',(0.,0.,1.));
#17273 = PCURVE('',#15687,#17274);
#17274 = DEFINITIONAL_REPRESENTATION('',(#17275),#17279);
#17275 = LINE('',#17276,#17277);
#17276 = CARTESIAN_POINT('',(1.279296875,0.));
#17277 = VECTOR('',#17278,1.);
#17278 = DIRECTION('',(0.,-1.));
#17279 = ( GEOMETRIC_REPRESENTATION_CONTEXT(2) 
PARAMETRIC_REPRESENTATION_CONTEXT() REPRESENTATION_CONTEXT('2D SPACE',''
  ) );
#17280 = PCURVE('',#15715,#17281);
#17281 = DEFINITIONAL_REPRESENTATION('',(#17282),#17286);
#17282 = LINE('',#17283,#17284);
#17283 = CARTESIAN_POINT('',(0.,0.));
#17284 = VECTOR('',#17285,1.);
#17285 = DIRECTION('',(0.,-1.));
#17286 = ( GEOMETRIC_REPRESENTATION_CONTEXT(2) 
PARAMETRIC_REPRESENTATION_CONTEXT() REPRESENTATION_CONTEXT('2D SPACE',''
  ) );
#17287 = ORIENTED_EDGE('',*,*,#17288,.F.);
#17288 = EDGE_CURVE('',#17242,#17266,#17289,.T.);
#17289 = SURFACE_CURVE('',#17290,(#17294,#17301),.PCURVE_S1.);
#17290 = LINE('',#17291,#17292);
#17291 = CARTESIAN_POINT('',(-6.64306640625,-7.566873046875,2.));
#17292 = VECTOR('',#17293,1.);
#17293 = DIRECTION('',(0.,-1.,0.));
#17294 = PCURVE('',#15687,#17295);
#17295 = DEFINITIONAL_REPRESENTATION('',(#17296),#17300);
#17296 = LINE('',#17297,#17298);
#17297 = CARTESIAN_POINT('',(0.,0.));
#17298 = VECTOR('',#17299,1.);
#17299 = DIRECTION('',(1.,0.));
#17300 = ( GEOMETRIC_REPRESENTATION_CONTEXT(2) 
PARAMETRIC_REPRESENTATION_CONTEXT() REPRESENTATION_CONTEXT('2D SPACE',''
  ) );
#17301 = PCURVE('',#17302,#17307);
#17302 = PLANE('',#17303);
#17303 = AXIS2_PLACEMENT_3D('',#17304,#17305,#17306);
#17304 = CARTESIAN_POINT('',(-6.260288420794E-16,0.,2.));
#17305 = DIRECTION('',(0.,0.,1.));
#17306 = DIRECTION('',(1.,0.,-0.));
#17307 = DEFINITIONAL_REPRESENTATION('',(#17308),#17312);
#17308 = LINE('',#17309,#17310);
#17309 = CARTESIAN_POINT('',(-6.64306640625,-7.566873046875));
#17310 = VECTOR('',#17311,1.);
#17311 = DIRECTION('',(0.,-1.));
#17312 = ( GEOMETRIC_REPRESENTATION_CONTEXT(2) 
PARAMETRIC_REPRESENTATION_CONTEXT() REPRESENTATION_CONTEXT('2D SPACE',''
  ) );
#17313 = ADVANCED_FACE('',(#17314),#15715,.T.);
#17314 = FACE_BOUND('',#17315,.T.);
#17315 = EDGE_LOOP('',(#17316,#17317,#17318,#17341));
#17316 = ORIENTED_EDGE('',*,*,#17265,.T.);
#17317 = ORIENTED_EDGE('',*,*,#15699,.T.);
#17318 = ORIENTED_EDGE('',*,*,#17319,.F.);
#17319 = EDGE_CURVE('',#17320,#15700,#17322,.T.);
#17320 = VERTEX_POINT('',#17321);
#17321 = CARTESIAN_POINT('',(-5.7177734375,-8.846169921875,2.));
#17322 = SURFACE_CURVE('',#17323,(#17327,#17334),.PCURVE_S1.);
#17323 = LINE('',#17324,#17325);
#17324 = CARTESIAN_POINT('',(-5.7177734375,-8.846169921875,2.));
#17325 = VECTOR('',#17326,1.);
#17326 = DIRECTION('',(0.,0.,1.));
#17327 = PCURVE('',#15715,#17328);
#17328 = DEFINITIONAL_REPRESENTATION('',(#17329),#17333);
#17329 = LINE('',#17330,#17331);
#17330 = CARTESIAN_POINT('',(0.92529296875,0.));
#17331 = VECTOR('',#17332,1.);
#17332 = DIRECTION('',(0.,-1.));
#17333 = ( GEOMETRIC_REPRESENTATION_CONTEXT(2) 
PARAMETRIC_REPRESENTATION_CONTEXT() REPRESENTATION_CONTEXT('2D SPACE',''
  ) );
#17334 = PCURVE('',#15743,#17335);
#17335 = DEFINITIONAL_REPRESENTATION('',(#17336),#17340);
#17336 = LINE('',#17337,#17338);
#17337 = CARTESIAN_POINT('',(0.,0.));
#17338 = VECTOR('',#17339,1.);
#17339 = DIRECTION('',(0.,-1.));
#17340 = ( GEOMETRIC_REPRESENTATION_CONTEXT(2) 
PARAMETRIC_REPRESENTATION_CONTEXT() REPRESENTATION_CONTEXT('2D SPACE',''
  ) );
#17341 = ORIENTED_EDGE('',*,*,#17342,.F.);
#17342 = EDGE_CURVE('',#17266,#17320,#17343,.T.);
#17343 = SURFACE_CURVE('',#17344,(#17348,#17355),.PCURVE_S1.);
#17344 = LINE('',#17345,#17346);
#17345 = CARTESIAN_POINT('',(-6.64306640625,-8.846169921875,2.));
#17346 = VECTOR('',#17347,1.);
#17347 = DIRECTION('',(1.,0.,0.));
#17348 = PCURVE('',#15715,#17349);
#17349 = DEFINITIONAL_REPRESENTATION('',(#17350),#17354);
#17350 = LINE('',#17351,#17352);
#17351 = CARTESIAN_POINT('',(0.,0.));
#17352 = VECTOR('',#17353,1.);
#17353 = DIRECTION('',(1.,0.));
#17354 = ( GEOMETRIC_REPRESENTATION_CONTEXT(2) 
PARAMETRIC_REPRESENTATION_CONTEXT() REPRESENTATION_CONTEXT('2D SPACE',''
  ) );
#17355 = PCURVE('',#17302,#17356);
#17356 = DEFINITIONAL_REPRESENTATION('',(#17357),#17361);
#17357 = LINE('',#17358,#17359);
#17358 = CARTESIAN_POINT('',(-6.64306640625,-8.846169921875));
#17359 = VECTOR('',#17360,1.);
#17360 = DIRECTION('',(1.,0.));
#17361 = ( GEOMETRIC_REPRESENTATION_CONTEXT(2) 
PARAMETRIC_REPRESENTATION_CONTEXT() REPRESENTATION_CONTEXT('2D SPACE',''
  ) );
#17362 = ADVANCED_FACE('',(#17363),#15743,.T.);
#17363 = FACE_BOUND('',#17364,.T.);
#17364 = EDGE_LOOP('',(#17365,#17366,#17367,#17390));
#17365 = ORIENTED_EDGE('',*,*,#17319,.T.);
#17366 = ORIENTED_EDGE('',*,*,#15727,.T.);
#17367 = ORIENTED_EDGE('',*,*,#17368,.F.);
#17368 = EDGE_CURVE('',#17369,#15728,#17371,.T.);
#17369 = VERTEX_POINT('',#17370);
#17370 = CARTESIAN_POINT('',(-5.06591796875,-8.675271484375,2.));
#17371 = SURFACE_CURVE('',#17372,(#17376,#17383),.PCURVE_S1.);
#17372 = LINE('',#17373,#17374);
#17373 = CARTESIAN_POINT('',(-5.06591796875,-8.675271484375,2.));
#17374 = VECTOR('',#17375,1.);
#17375 = DIRECTION('',(0.,0.,1.));
#17376 = PCURVE('',#15743,#17377);
#17377 = DEFINITIONAL_REPRESENTATION('',(#17378),#17382);
#17378 = LINE('',#17379,#17380);
#17379 = CARTESIAN_POINT('',(1.,0.));
#17380 = VECTOR('',#17381,1.);
#17381 = DIRECTION('',(0.,-1.));
#17382 = ( GEOMETRIC_REPRESENTATION_CONTEXT(2) 
PARAMETRIC_REPRESENTATION_CONTEXT() REPRESENTATION_CONTEXT('2D SPACE',''
  ) );
#17383 = PCURVE('',#15773,#17384);
#17384 = DEFINITIONAL_REPRESENTATION('',(#17385),#17389);
#17385 = LINE('',#17386,#17387);
#17386 = CARTESIAN_POINT('',(0.,0.));
#17387 = VECTOR('',#17388,1.);
#17388 = DIRECTION('',(0.,-1.));
#17389 = ( GEOMETRIC_REPRESENTATION_CONTEXT(2) 
PARAMETRIC_REPRESENTATION_CONTEXT() REPRESENTATION_CONTEXT('2D SPACE',''
  ) );
#17390 = ORIENTED_EDGE('',*,*,#17391,.F.);
#17391 = EDGE_CURVE('',#17320,#17369,#17392,.T.);
#17392 = SURFACE_CURVE('',#17393,(#17397,#17404),.PCURVE_S1.);
#17393 = B_SPLINE_CURVE_WITH_KNOTS('',2,(#17394,#17395,#17396),
  .UNSPECIFIED.,.F.,.F.,(3,3),(0.,1.),.PIECEWISE_BEZIER_KNOTS.);
#17394 = CARTESIAN_POINT('',(-5.7177734375,-8.846169921875,2.));
#17395 = CARTESIAN_POINT('',(-5.2587890625,-8.846169921875,2.));
#17396 = CARTESIAN_POINT('',(-5.06591796875,-8.675271484375,2.));
#17397 = PCURVE('',#15743,#17398);
#17398 = DEFINITIONAL_REPRESENTATION('',(#17399),#17403);
#17399 = LINE('',#17400,#17401);
#17400 = CARTESIAN_POINT('',(0.,0.));
#17401 = VECTOR('',#17402,1.);
#17402 = DIRECTION('',(1.,0.));
#17403 = ( GEOMETRIC_REPRESENTATION_CONTEXT(2) 
PARAMETRIC_REPRESENTATION_CONTEXT() REPRESENTATION_CONTEXT('2D SPACE',''
  ) );
#17404 = PCURVE('',#17302,#17405);
#17405 = DEFINITIONAL_REPRESENTATION('',(#17406),#17410);
#17406 = B_SPLINE_CURVE_WITH_KNOTS('',2,(#17407,#17408,#17409),
  .UNSPECIFIED.,.F.,.F.,(3,3),(0.,1.),.PIECEWISE_BEZIER_KNOTS.);
#17407 = CARTESIAN_POINT('',(-5.7177734375,-8.846169921875));
#17408 = CARTESIAN_POINT('',(-5.2587890625,-8.846169921875));
#17409 = CARTESIAN_POINT('',(-5.06591796875,-8.675271484375));
#17410 = ( GEOMETRIC_REPRESENTATION_CONTEXT(2) 
PARAMETRIC_REPRESENTATION_CONTEXT() REPRESENTATION_CONTEXT('2D SPACE',''
  ) );
#17411 = ADVANCED_FACE('',(#17412),#15773,.T.);
#17412 = FACE_BOUND('',#17413,.T.);
#17413 = EDGE_LOOP('',(#17414,#17415,#17416,#17439));
#17414 = ORIENTED_EDGE('',*,*,#17368,.T.);
#17415 = ORIENTED_EDGE('',*,*,#15757,.T.);
#17416 = ORIENTED_EDGE('',*,*,#17417,.F.);
#17417 = EDGE_CURVE('',#17418,#15758,#17420,.T.);
#17418 = VERTEX_POINT('',#17419);
#17419 = CARTESIAN_POINT('',(-4.873046875,-8.194314453125,2.));
#17420 = SURFACE_CURVE('',#17421,(#17425,#17432),.PCURVE_S1.);
#17421 = LINE('',#17422,#17423);
#17422 = CARTESIAN_POINT('',(-4.873046875,-8.194314453125,2.));
#17423 = VECTOR('',#17424,1.);
#17424 = DIRECTION('',(0.,0.,1.));
#17425 = PCURVE('',#15773,#17426);
#17426 = DEFINITIONAL_REPRESENTATION('',(#17427),#17431);
#17427 = LINE('',#17428,#17429);
#17428 = CARTESIAN_POINT('',(1.,0.));
#17429 = VECTOR('',#17430,1.);
#17430 = DIRECTION('',(0.,-1.));
#17431 = ( GEOMETRIC_REPRESENTATION_CONTEXT(2) 
PARAMETRIC_REPRESENTATION_CONTEXT() REPRESENTATION_CONTEXT('2D SPACE',''
  ) );
#17432 = PCURVE('',#15803,#17433);
#17433 = DEFINITIONAL_REPRESENTATION('',(#17434),#17438);
#17434 = LINE('',#17435,#17436);
#17435 = CARTESIAN_POINT('',(0.,0.));
#17436 = VECTOR('',#17437,1.);
#17437 = DIRECTION('',(0.,-1.));
#17438 = ( GEOMETRIC_REPRESENTATION_CONTEXT(2) 
PARAMETRIC_REPRESENTATION_CONTEXT() REPRESENTATION_CONTEXT('2D SPACE',''
  ) );
#17439 = ORIENTED_EDGE('',*,*,#17440,.F.);
#17440 = EDGE_CURVE('',#17369,#17418,#17441,.T.);
#17441 = SURFACE_CURVE('',#17442,(#17446,#17453),.PCURVE_S1.);
#17442 = B_SPLINE_CURVE_WITH_KNOTS('',2,(#17443,#17444,#17445),
  .UNSPECIFIED.,.F.,.F.,(3,3),(0.,1.),.PIECEWISE_BEZIER_KNOTS.);
#17443 = CARTESIAN_POINT('',(-5.06591796875,-8.675271484375,2.));
#17444 = CARTESIAN_POINT('',(-4.873046875,-8.504373046875,2.));
#17445 = CARTESIAN_POINT('',(-4.873046875,-8.194314453125,2.));
#17446 = PCURVE('',#15773,#17447);
#17447 = DEFINITIONAL_REPRESENTATION('',(#17448),#17452);
#17448 = LINE('',#17449,#17450);
#17449 = CARTESIAN_POINT('',(0.,0.));
#17450 = VECTOR('',#17451,1.);
#17451 = DIRECTION('',(1.,0.));
#17452 = ( GEOMETRIC_REPRESENTATION_CONTEXT(2) 
PARAMETRIC_REPRESENTATION_CONTEXT() REPRESENTATION_CONTEXT('2D SPACE',''
  ) );
#17453 = PCURVE('',#17302,#17454);
#17454 = DEFINITIONAL_REPRESENTATION('',(#17455),#17459);
#17455 = B_SPLINE_CURVE_WITH_KNOTS('',2,(#17456,#17457,#17458),
  .UNSPECIFIED.,.F.,.F.,(3,3),(0.,1.),.PIECEWISE_BEZIER_KNOTS.);
#17456 = CARTESIAN_POINT('',(-5.06591796875,-8.675271484375));
#17457 = CARTESIAN_POINT('',(-4.873046875,-8.504373046875));
#17458 = CARTESIAN_POINT('',(-4.873046875,-8.194314453125));
#17459 = ( GEOMETRIC_REPRESENTATION_CONTEXT(2) 
PARAMETRIC_REPRESENTATION_CONTEXT() REPRESENTATION_CONTEXT('2D SPACE',''
  ) );
#17460 = ADVANCED_FACE('',(#17461),#15803,.T.);
#17461 = FACE_BOUND('',#17462,.T.);
#17462 = EDGE_LOOP('',(#17463,#17464,#17465,#17488));
#17463 = ORIENTED_EDGE('',*,*,#17417,.T.);
#17464 = ORIENTED_EDGE('',*,*,#15787,.T.);
#17465 = ORIENTED_EDGE('',*,*,#17466,.F.);
#17466 = EDGE_CURVE('',#17467,#15788,#17469,.T.);
#17467 = VERTEX_POINT('',#17468);
#17468 = CARTESIAN_POINT('',(-4.986572265625,-7.80979296875,2.));
#17469 = SURFACE_CURVE('',#17470,(#17474,#17481),.PCURVE_S1.);
#17470 = LINE('',#17471,#17472);
#17471 = CARTESIAN_POINT('',(-4.986572265625,-7.80979296875,2.));
#17472 = VECTOR('',#17473,1.);
#17473 = DIRECTION('',(0.,0.,1.));
#17474 = PCURVE('',#15803,#17475);
#17475 = DEFINITIONAL_REPRESENTATION('',(#17476),#17480);
#17476 = LINE('',#17477,#17478);
#17477 = CARTESIAN_POINT('',(1.,0.));
#17478 = VECTOR('',#17479,1.);
#17479 = DIRECTION('',(0.,-1.));
#17480 = ( GEOMETRIC_REPRESENTATION_CONTEXT(2) 
PARAMETRIC_REPRESENTATION_CONTEXT() REPRESENTATION_CONTEXT('2D SPACE',''
  ) );
#17481 = PCURVE('',#15833,#17482);
#17482 = DEFINITIONAL_REPRESENTATION('',(#17483),#17487);
#17483 = LINE('',#17484,#17485);
#17484 = CARTESIAN_POINT('',(0.,0.));
#17485 = VECTOR('',#17486,1.);
#17486 = DIRECTION('',(0.,-1.));
#17487 = ( GEOMETRIC_REPRESENTATION_CONTEXT(2) 
PARAMETRIC_REPRESENTATION_CONTEXT() REPRESENTATION_CONTEXT('2D SPACE',''
  ) );
#17488 = ORIENTED_EDGE('',*,*,#17489,.F.);
#17489 = EDGE_CURVE('',#17418,#17467,#17490,.T.);
#17490 = SURFACE_CURVE('',#17491,(#17495,#17502),.PCURVE_S1.);
#17491 = B_SPLINE_CURVE_WITH_KNOTS('',2,(#17492,#17493,#17494),
  .UNSPECIFIED.,.F.,.F.,(3,3),(0.,1.),.PIECEWISE_BEZIER_KNOTS.);
#17492 = CARTESIAN_POINT('',(-4.873046875,-8.194314453125,2.));
#17493 = CARTESIAN_POINT('',(-4.873046875,-7.969705078125,2.));
#17494 = CARTESIAN_POINT('',(-4.986572265625,-7.80979296875,2.));
#17495 = PCURVE('',#15803,#17496);
#17496 = DEFINITIONAL_REPRESENTATION('',(#17497),#17501);
#17497 = LINE('',#17498,#17499);
#17498 = CARTESIAN_POINT('',(0.,0.));
#17499 = VECTOR('',#17500,1.);
#17500 = DIRECTION('',(1.,0.));
#17501 = ( GEOMETRIC_REPRESENTATION_CONTEXT(2) 
PARAMETRIC_REPRESENTATION_CONTEXT() REPRESENTATION_CONTEXT('2D SPACE',''
  ) );
#17502 = PCURVE('',#17302,#17503);
#17503 = DEFINITIONAL_REPRESENTATION('',(#17504),#17508);
#17504 = B_SPLINE_CURVE_WITH_KNOTS('',2,(#17505,#17506,#17507),
  .UNSPECIFIED.,.F.,.F.,(3,3),(0.,1.),.PIECEWISE_BEZIER_KNOTS.);
#17505 = CARTESIAN_POINT('',(-4.873046875,-8.194314453125));
#17506 = CARTESIAN_POINT('',(-4.873046875,-7.969705078125));
#17507 = CARTESIAN_POINT('',(-4.986572265625,-7.80979296875));
#17508 = ( GEOMETRIC_REPRESENTATION_CONTEXT(2) 
PARAMETRIC_REPRESENTATION_CONTEXT() REPRESENTATION_CONTEXT('2D SPACE',''
  ) );
#17509 = ADVANCED_FACE('',(#17510),#15833,.T.);
#17510 = FACE_BOUND('',#17511,.T.);
#17511 = EDGE_LOOP('',(#17512,#17513,#17514,#17537));
#17512 = ORIENTED_EDGE('',*,*,#17466,.T.);
#17513 = ORIENTED_EDGE('',*,*,#15817,.T.);
#17514 = ORIENTED_EDGE('',*,*,#17515,.F.);
#17515 = EDGE_CURVE('',#17516,#15818,#17518,.T.);
#17516 = VERTEX_POINT('',#17517);
#17517 = CARTESIAN_POINT('',(-5.28564453125,-7.598611328125,2.));
#17518 = SURFACE_CURVE('',#17519,(#17523,#17530),.PCURVE_S1.);
#17519 = LINE('',#17520,#17521);
#17520 = CARTESIAN_POINT('',(-5.28564453125,-7.598611328125,2.));
#17521 = VECTOR('',#17522,1.);
#17522 = DIRECTION('',(0.,0.,1.));
#17523 = PCURVE('',#15833,#17524);
#17524 = DEFINITIONAL_REPRESENTATION('',(#17525),#17529);
#17525 = LINE('',#17526,#17527);
#17526 = CARTESIAN_POINT('',(1.,0.));
#17527 = VECTOR('',#17528,1.);
#17528 = DIRECTION('',(0.,-1.));
#17529 = ( GEOMETRIC_REPRESENTATION_CONTEXT(2) 
PARAMETRIC_REPRESENTATION_CONTEXT() REPRESENTATION_CONTEXT('2D SPACE',''
  ) );
#17530 = PCURVE('',#15863,#17531);
#17531 = DEFINITIONAL_REPRESENTATION('',(#17532),#17536);
#17532 = LINE('',#17533,#17534);
#17533 = CARTESIAN_POINT('',(0.,0.));
#17534 = VECTOR('',#17535,1.);
#17535 = DIRECTION('',(0.,-1.));
#17536 = ( GEOMETRIC_REPRESENTATION_CONTEXT(2) 
PARAMETRIC_REPRESENTATION_CONTEXT() REPRESENTATION_CONTEXT('2D SPACE',''
  ) );
#17537 = ORIENTED_EDGE('',*,*,#17538,.F.);
#17538 = EDGE_CURVE('',#17467,#17516,#17539,.T.);
#17539 = SURFACE_CURVE('',#17540,(#17544,#17551),.PCURVE_S1.);
#17540 = B_SPLINE_CURVE_WITH_KNOTS('',2,(#17541,#17542,#17543),
  .UNSPECIFIED.,.F.,.F.,(3,3),(0.,1.),.PIECEWISE_BEZIER_KNOTS.);
#17541 = CARTESIAN_POINT('',(-4.986572265625,-7.80979296875,2.));
#17542 = CARTESIAN_POINT('',(-5.10009765625,-7.649880859375,2.));
#17543 = CARTESIAN_POINT('',(-5.28564453125,-7.598611328125,2.));
#17544 = PCURVE('',#15833,#17545);
#17545 = DEFINITIONAL_REPRESENTATION('',(#17546),#17550);
#17546 = LINE('',#17547,#17548);
#17547 = CARTESIAN_POINT('',(0.,0.));
#17548 = VECTOR('',#17549,1.);
#17549 = DIRECTION('',(1.,0.));
#17550 = ( GEOMETRIC_REPRESENTATION_CONTEXT(2) 
PARAMETRIC_REPRESENTATION_CONTEXT() REPRESENTATION_CONTEXT('2D SPACE',''
  ) );
#17551 = PCURVE('',#17302,#17552);
#17552 = DEFINITIONAL_REPRESENTATION('',(#17553),#17557);
#17553 = B_SPLINE_CURVE_WITH_KNOTS('',2,(#17554,#17555,#17556),
  .UNSPECIFIED.,.F.,.F.,(3,3),(0.,1.),.PIECEWISE_BEZIER_KNOTS.);
#17554 = CARTESIAN_POINT('',(-4.986572265625,-7.80979296875));
#17555 = CARTESIAN_POINT('',(-5.10009765625,-7.649880859375));
#17556 = CARTESIAN_POINT('',(-5.28564453125,-7.598611328125));
#17557 = ( GEOMETRIC_REPRESENTATION_CONTEXT(2) 
PARAMETRIC_REPRESENTATION_CONTEXT() REPRESENTATION_CONTEXT('2D SPACE',''
  ) );
#17558 = ADVANCED_FACE('',(#17559),#15863,.T.);
#17559 = FACE_BOUND('',#17560,.T.);
#17560 = EDGE_LOOP('',(#17561,#17562,#17563,#17586));
#17561 = ORIENTED_EDGE('',*,*,#17515,.T.);
#17562 = ORIENTED_EDGE('',*,*,#15847,.T.);
#17563 = ORIENTED_EDGE('',*,*,#17564,.F.);
#17564 = EDGE_CURVE('',#17565,#15848,#17567,.T.);
#17565 = VERTEX_POINT('',#17566);
#17566 = CARTESIAN_POINT('',(-5.7275390625,-7.566873046875,2.));
#17567 = SURFACE_CURVE('',#17568,(#17572,#17579),.PCURVE_S1.);
#17568 = LINE('',#17569,#17570);
#17569 = CARTESIAN_POINT('',(-5.7275390625,-7.566873046875,2.));
#17570 = VECTOR('',#17571,1.);
#17571 = DIRECTION('',(0.,0.,1.));
#17572 = PCURVE('',#15863,#17573);
#17573 = DEFINITIONAL_REPRESENTATION('',(#17574),#17578);
#17574 = LINE('',#17575,#17576);
#17575 = CARTESIAN_POINT('',(1.,0.));
#17576 = VECTOR('',#17577,1.);
#17577 = DIRECTION('',(0.,-1.));
#17578 = ( GEOMETRIC_REPRESENTATION_CONTEXT(2) 
PARAMETRIC_REPRESENTATION_CONTEXT() REPRESENTATION_CONTEXT('2D SPACE',''
  ) );
#17579 = PCURVE('',#15891,#17580);
#17580 = DEFINITIONAL_REPRESENTATION('',(#17581),#17585);
#17581 = LINE('',#17582,#17583);
#17582 = CARTESIAN_POINT('',(0.,-0.));
#17583 = VECTOR('',#17584,1.);
#17584 = DIRECTION('',(0.,-1.));
#17585 = ( GEOMETRIC_REPRESENTATION_CONTEXT(2) 
PARAMETRIC_REPRESENTATION_CONTEXT() REPRESENTATION_CONTEXT('2D SPACE',''
  ) );
#17586 = ORIENTED_EDGE('',*,*,#17587,.F.);
#17587 = EDGE_CURVE('',#17516,#17565,#17588,.T.);
#17588 = SURFACE_CURVE('',#17589,(#17593,#17600),.PCURVE_S1.);
#17589 = B_SPLINE_CURVE_WITH_KNOTS('',2,(#17590,#17591,#17592),
  .UNSPECIFIED.,.F.,.F.,(3,3),(0.,1.),.PIECEWISE_BEZIER_KNOTS.);
#17590 = CARTESIAN_POINT('',(-5.28564453125,-7.598611328125,2.));
#17591 = CARTESIAN_POINT('',(-5.4052734375,-7.566873046875,2.));
#17592 = CARTESIAN_POINT('',(-5.7275390625,-7.566873046875,2.));
#17593 = PCURVE('',#15863,#17594);
#17594 = DEFINITIONAL_REPRESENTATION('',(#17595),#17599);
#17595 = LINE('',#17596,#17597);
#17596 = CARTESIAN_POINT('',(0.,0.));
#17597 = VECTOR('',#17598,1.);
#17598 = DIRECTION('',(1.,0.));
#17599 = ( GEOMETRIC_REPRESENTATION_CONTEXT(2) 
PARAMETRIC_REPRESENTATION_CONTEXT() REPRESENTATION_CONTEXT('2D SPACE',''
  ) );
#17600 = PCURVE('',#17302,#17601);
#17601 = DEFINITIONAL_REPRESENTATION('',(#17602),#17606);
#17602 = B_SPLINE_CURVE_WITH_KNOTS('',2,(#17603,#17604,#17605),
  .UNSPECIFIED.,.F.,.F.,(3,3),(0.,1.),.PIECEWISE_BEZIER_KNOTS.);
#17603 = CARTESIAN_POINT('',(-5.28564453125,-7.598611328125));
#17604 = CARTESIAN_POINT('',(-5.4052734375,-7.566873046875));
#17605 = CARTESIAN_POINT('',(-5.7275390625,-7.566873046875));
#17606 = ( GEOMETRIC_REPRESENTATION_CONTEXT(2) 
PARAMETRIC_REPRESENTATION_CONTEXT() REPRESENTATION_CONTEXT('2D SPACE',''
  ) );
#17607 = ADVANCED_FACE('',(#17608),#15891,.T.);
#17608 = FACE_BOUND('',#17609,.T.);
#17609 = EDGE_LOOP('',(#17610,#17611,#17612,#17613));
#17610 = ORIENTED_EDGE('',*,*,#17564,.T.);
#17611 = ORIENTED_EDGE('',*,*,#15877,.T.);
#17612 = ORIENTED_EDGE('',*,*,#17241,.F.);
#17613 = ORIENTED_EDGE('',*,*,#17614,.F.);
#17614 = EDGE_CURVE('',#17565,#17242,#17615,.T.);
#17615 = SURFACE_CURVE('',#17616,(#17620,#17627),.PCURVE_S1.);
#17616 = LINE('',#17617,#17618);
#17617 = CARTESIAN_POINT('',(-5.7275390625,-7.566873046875,2.));
#17618 = VECTOR('',#17619,1.);
#17619 = DIRECTION('',(-1.,0.,0.));
#17620 = PCURVE('',#15891,#17621);
#17621 = DEFINITIONAL_REPRESENTATION('',(#17622),#17626);
#17622 = LINE('',#17623,#17624);
#17623 = CARTESIAN_POINT('',(0.,-0.));
#17624 = VECTOR('',#17625,1.);
#17625 = DIRECTION('',(1.,0.));
#17626 = ( GEOMETRIC_REPRESENTATION_CONTEXT(2) 
PARAMETRIC_REPRESENTATION_CONTEXT() REPRESENTATION_CONTEXT('2D SPACE',''
  ) );
#17627 = PCURVE('',#17302,#17628);
#17628 = DEFINITIONAL_REPRESENTATION('',(#17629),#17633);
#17629 = LINE('',#17630,#17631);
#17630 = CARTESIAN_POINT('',(-5.7275390625,-7.566873046875));
#17631 = VECTOR('',#17632,1.);
#17632 = DIRECTION('',(-1.,0.));
#17633 = ( GEOMETRIC_REPRESENTATION_CONTEXT(2) 
PARAMETRIC_REPRESENTATION_CONTEXT() REPRESENTATION_CONTEXT('2D SPACE',''
  ) );
#17634 = ADVANCED_FACE('',(#17635),#16262,.F.);
#17635 = FACE_BOUND('',#17636,.T.);
#17636 = EDGE_LOOP('',(#17637,#17660,#17687,#17688));
#17637 = ORIENTED_EDGE('',*,*,#17638,.F.);
#17638 = EDGE_CURVE('',#17639,#16242,#17641,.T.);
#17639 = VERTEX_POINT('',#17640);
#17640 = CARTESIAN_POINT('',(24.6,-10.2,0.));
#17641 = SEAM_CURVE('',#17642,(#17646,#17653),.PCURVE_S1.);
#17642 = LINE('',#17643,#17644);
#17643 = CARTESIAN_POINT('',(24.6,-10.2,0.));
#17644 = VECTOR('',#17645,1.);
#17645 = DIRECTION('',(0.,0.,1.));
#17646 = PCURVE('',#16262,#17647);
#17647 = DEFINITIONAL_REPRESENTATION('',(#17648),#17652);
#17648 = LINE('',#17649,#17650);
#17649 = CARTESIAN_POINT('',(-6.28318530718,0.));
#17650 = VECTOR('',#17651,1.);
#17651 = DIRECTION('',(-0.,-1.));
#17652 = ( GEOMETRIC_REPRESENTATION_CONTEXT(2) 
PARAMETRIC_REPRESENTATION_CONTEXT() REPRESENTATION_CONTEXT('2D SPACE',''
  ) );
#17653 = PCURVE('',#16262,#17654);
#17654 = DEFINITIONAL_REPRESENTATION('',(#17655),#17659);
#17655 = LINE('',#17656,#17657);
#17656 = CARTESIAN_POINT('',(-0.,0.));
#17657 = VECTOR('',#17658,1.);
#17658 = DIRECTION('',(-0.,-1.));
#17659 = ( GEOMETRIC_REPRESENTATION_CONTEXT(2) 
PARAMETRIC_REPRESENTATION_CONTEXT() REPRESENTATION_CONTEXT('2D SPACE',''
  ) );
#17660 = ORIENTED_EDGE('',*,*,#17661,.F.);
#17661 = EDGE_CURVE('',#17639,#17639,#17662,.T.);
#17662 = SURFACE_CURVE('',#17663,(#17668,#17675),.PCURVE_S1.);
#17663 = CIRCLE('',#17664,1.4);
#17664 = AXIS2_PLACEMENT_3D('',#17665,#17666,#17667);
#17665 = CARTESIAN_POINT('',(23.2,-10.2,0.));
#17666 = DIRECTION('',(0.,0.,1.));
#17667 = DIRECTION('',(1.,0.,0.));
#17668 = PCURVE('',#16262,#17669);
#17669 = DEFINITIONAL_REPRESENTATION('',(#17670),#17674);
#17670 = LINE('',#17671,#17672);
#17671 = CARTESIAN_POINT('',(-0.,0.));
#17672 = VECTOR('',#17673,1.);
#17673 = DIRECTION('',(-1.,0.));
#17674 = ( GEOMETRIC_REPRESENTATION_CONTEXT(2) 
PARAMETRIC_REPRESENTATION_CONTEXT() REPRESENTATION_CONTEXT('2D SPACE',''
  ) );
#17675 = PCURVE('',#17676,#17681);
#17676 = PLANE('',#17677);
#17677 = AXIS2_PLACEMENT_3D('',#17678,#17679,#17680);
#17678 = CARTESIAN_POINT('',(23.2,-10.2,0.));
#17679 = DIRECTION('',(0.,0.,1.));
#17680 = DIRECTION('',(1.,0.,-0.));
#17681 = DEFINITIONAL_REPRESENTATION('',(#17682),#17686);
#17682 = CIRCLE('',#17683,1.4);
#17683 = AXIS2_PLACEMENT_2D('',#17684,#17685);
#17684 = CARTESIAN_POINT('',(0.,-1.7763568394E-15));
#17685 = DIRECTION('',(1.,0.));
#17686 = ( GEOMETRIC_REPRESENTATION_CONTEXT(2) 
PARAMETRIC_REPRESENTATION_CONTEXT() REPRESENTATION_CONTEXT('2D SPACE',''
  ) );
#17687 = ORIENTED_EDGE('',*,*,#17638,.T.);
#17688 = ORIENTED_EDGE('',*,*,#16241,.F.);
#17689 = ADVANCED_FACE('',(#17690),#16315,.F.);
#17690 = FACE_BOUND('',#17691,.T.);
#17691 = EDGE_LOOP('',(#17692,#17715,#17742,#17743));
#17692 = ORIENTED_EDGE('',*,*,#17693,.F.);
#17693 = EDGE_CURVE('',#17694,#16295,#17696,.T.);
#17694 = VERTEX_POINT('',#17695);
#17695 = CARTESIAN_POINT('',(-21.8,10.2,0.));
#17696 = SEAM_CURVE('',#17697,(#17701,#17708),.PCURVE_S1.);
#17697 = LINE('',#17698,#17699);
#17698 = CARTESIAN_POINT('',(-21.8,10.2,0.));
#17699 = VECTOR('',#17700,1.);
#17700 = DIRECTION('',(0.,0.,1.));
#17701 = PCURVE('',#16315,#17702);
#17702 = DEFINITIONAL_REPRESENTATION('',(#17703),#17707);
#17703 = LINE('',#17704,#17705);
#17704 = CARTESIAN_POINT('',(-6.28318530718,0.));
#17705 = VECTOR('',#17706,1.);
#17706 = DIRECTION('',(-0.,-1.));
#17707 = ( GEOMETRIC_REPRESENTATION_CONTEXT(2) 
PARAMETRIC_REPRESENTATION_CONTEXT() REPRESENTATION_CONTEXT('2D SPACE',''
  ) );
#17708 = PCURVE('',#16315,#17709);
#17709 = DEFINITIONAL_REPRESENTATION('',(#17710),#17714);
#17710 = LINE('',#17711,#17712);
#17711 = CARTESIAN_POINT('',(-0.,0.));
#17712 = VECTOR('',#17713,1.);
#17713 = DIRECTION('',(-0.,-1.));
#17714 = ( GEOMETRIC_REPRESENTATION_CONTEXT(2) 
PARAMETRIC_REPRESENTATION_CONTEXT() REPRESENTATION_CONTEXT('2D SPACE',''
  ) );
#17715 = ORIENTED_EDGE('',*,*,#17716,.F.);
#17716 = EDGE_CURVE('',#17694,#17694,#17717,.T.);
#17717 = SURFACE_CURVE('',#17718,(#17723,#17730),.PCURVE_S1.);
#17718 = CIRCLE('',#17719,1.4);
#17719 = AXIS2_PLACEMENT_3D('',#17720,#17721,#17722);
#17720 = CARTESIAN_POINT('',(-23.2,10.2,0.));
#17721 = DIRECTION('',(0.,0.,1.));
#17722 = DIRECTION('',(1.,0.,0.));
#17723 = PCURVE('',#16315,#17724);
#17724 = DEFINITIONAL_REPRESENTATION('',(#17725),#17729);
#17725 = LINE('',#17726,#17727);
#17726 = CARTESIAN_POINT('',(-0.,0.));
#17727 = VECTOR('',#17728,1.);
#17728 = DIRECTION('',(-1.,0.));
#17729 = ( GEOMETRIC_REPRESENTATION_CONTEXT(2) 
PARAMETRIC_REPRESENTATION_CONTEXT() REPRESENTATION_CONTEXT('2D SPACE',''
  ) );
#17730 = PCURVE('',#17731,#17736);
#17731 = PLANE('',#17732);
#17732 = AXIS2_PLACEMENT_3D('',#17733,#17734,#17735);
#17733 = CARTESIAN_POINT('',(-23.2,10.2,0.));
#17734 = DIRECTION('',(0.,0.,1.));
#17735 = DIRECTION('',(1.,0.,-0.));
#17736 = DEFINITIONAL_REPRESENTATION('',(#17737),#17741);
#17737 = CIRCLE('',#17738,1.4);
#17738 = AXIS2_PLACEMENT_2D('',#17739,#17740);
#17739 = CARTESIAN_POINT('',(0.,1.7763568394E-15));
#17740 = DIRECTION('',(1.,0.));
#17741 = ( GEOMETRIC_REPRESENTATION_CONTEXT(2) 
PARAMETRIC_REPRESENTATION_CONTEXT() REPRESENTATION_CONTEXT('2D SPACE',''
  ) );
#17742 = ORIENTED_EDGE('',*,*,#17693,.T.);
#17743 = ORIENTED_EDGE('',*,*,#16294,.F.);
#17744 = ADVANCED_FACE('',(#17745),#16368,.F.);
#17745 = FACE_BOUND('',#17746,.T.);
#17746 = EDGE_LOOP('',(#17747,#17770,#17797,#17798));
#17747 = ORIENTED_EDGE('',*,*,#17748,.F.);
#17748 = EDGE_CURVE('',#17749,#16348,#17751,.T.);
#17749 = VERTEX_POINT('',#17750);
#17750 = CARTESIAN_POINT('',(24.6,10.2,0.));
#17751 = SEAM_CURVE('',#17752,(#17756,#17763),.PCURVE_S1.);
#17752 = LINE('',#17753,#17754);
#17753 = CARTESIAN_POINT('',(24.6,10.2,0.));
#17754 = VECTOR('',#17755,1.);
#17755 = DIRECTION('',(0.,0.,1.));
#17756 = PCURVE('',#16368,#17757);
#17757 = DEFINITIONAL_REPRESENTATION('',(#17758),#17762);
#17758 = LINE('',#17759,#17760);
#17759 = CARTESIAN_POINT('',(-6.28318530718,0.));
#17760 = VECTOR('',#17761,1.);
#17761 = DIRECTION('',(-0.,-1.));
#17762 = ( GEOMETRIC_REPRESENTATION_CONTEXT(2) 
PARAMETRIC_REPRESENTATION_CONTEXT() REPRESENTATION_CONTEXT('2D SPACE',''
  ) );
#17763 = PCURVE('',#16368,#17764);
#17764 = DEFINITIONAL_REPRESENTATION('',(#17765),#17769);
#17765 = LINE('',#17766,#17767);
#17766 = CARTESIAN_POINT('',(-0.,0.));
#17767 = VECTOR('',#17768,1.);
#17768 = DIRECTION('',(-0.,-1.));
#17769 = ( GEOMETRIC_REPRESENTATION_CONTEXT(2) 
PARAMETRIC_REPRESENTATION_CONTEXT() REPRESENTATION_CONTEXT('2D SPACE',''
  ) );
#17770 = ORIENTED_EDGE('',*,*,#17771,.F.);
#17771 = EDGE_CURVE('',#17749,#17749,#17772,.T.);
#17772 = SURFACE_CURVE('',#17773,(#17778,#17785),.PCURVE_S1.);
#17773 = CIRCLE('',#17774,1.4);
#17774 = AXIS2_PLACEMENT_3D('',#17775,#17776,#17777);
#17775 = CARTESIAN_POINT('',(23.2,10.2,0.));
#17776 = DIRECTION('',(0.,0.,1.));
#17777 = DIRECTION('',(1.,0.,0.));
#17778 = PCURVE('',#16368,#17779);
#17779 = DEFINITIONAL_REPRESENTATION('',(#17780),#17784);
#17780 = LINE('',#17781,#17782);
#17781 = CARTESIAN_POINT('',(-0.,0.));
#17782 = VECTOR('',#17783,1.);
#17783 = DIRECTION('',(-1.,0.));
#17784 = ( GEOMETRIC_REPRESENTATION_CONTEXT(2) 
PARAMETRIC_REPRESENTATION_CONTEXT() REPRESENTATION_CONTEXT('2D SPACE',''
  ) );
#17785 = PCURVE('',#17786,#17791);
#17786 = PLANE('',#17787);
#17787 = AXIS2_PLACEMENT_3D('',#17788,#17789,#17790);
#17788 = CARTESIAN_POINT('',(23.2,10.2,0.));
#17789 = DIRECTION('',(0.,0.,1.));
#17790 = DIRECTION('',(1.,0.,-0.));
#17791 = DEFINITIONAL_REPRESENTATION('',(#17792),#17796);
#17792 = CIRCLE('',#17793,1.4);
#17793 = AXIS2_PLACEMENT_2D('',#17794,#17795);
#17794 = CARTESIAN_POINT('',(0.,1.7763568394E-15));
#17795 = DIRECTION('',(1.,0.));
#17796 = ( GEOMETRIC_REPRESENTATION_CONTEXT(2) 
PARAMETRIC_REPRESENTATION_CONTEXT() REPRESENTATION_CONTEXT('2D SPACE',''
  ) );
#17797 = ORIENTED_EDGE('',*,*,#17748,.T.);
#17798 = ORIENTED_EDGE('',*,*,#16347,.F.);
#17799 = ADVANCED_FACE('',(#17800),#16421,.T.);
#17800 = FACE_BOUND('',#17801,.T.);
#17801 = EDGE_LOOP('',(#17802));
#17802 = ORIENTED_EDGE('',*,*,#16406,.T.);
#17803 = ADVANCED_FACE('',(#17804),#17302,.T.);
#17804 = FACE_BOUND('',#17805,.T.);
#17805 = EDGE_LOOP('',(#17806,#17807,#17808,#17809,#17810,#17811,#17812,
    #17813));
#17806 = ORIENTED_EDGE('',*,*,#17614,.T.);
#17807 = ORIENTED_EDGE('',*,*,#17288,.T.);
#17808 = ORIENTED_EDGE('',*,*,#17342,.T.);
#17809 = ORIENTED_EDGE('',*,*,#17391,.T.);
#17810 = ORIENTED_EDGE('',*,*,#17440,.T.);
#17811 = ORIENTED_EDGE('',*,*,#17489,.T.);
#17812 = ORIENTED_EDGE('',*,*,#17538,.T.);
#17813 = ORIENTED_EDGE('',*,*,#17587,.T.);
#17814 = ADVANCED_FACE('',(#17815),#17676,.T.);
#17815 = FACE_BOUND('',#17816,.T.);
#17816 = EDGE_LOOP('',(#17817));
#17817 = ORIENTED_EDGE('',*,*,#17661,.T.);
#17818 = ADVANCED_FACE('',(#17819),#17731,.T.);
#17819 = FACE_BOUND('',#17820,.T.);
#17820 = EDGE_LOOP('',(#17821));
#17821 = ORIENTED_EDGE('',*,*,#17716,.T.);
#17822 = ADVANCED_FACE('',(#17823),#17786,.T.);
#17823 = FACE_BOUND('',#17824,.T.);
#17824 = EDGE_LOOP('',(#17825));
#17825 = ORIENTED_EDGE('',*,*,#17771,.T.);
#17826 = ( GEOMETRIC_REPRESENTATION_CONTEXT(3) 
GLOBAL_UNCERTAINTY_ASSIGNED_CONTEXT((#17830)) 
GLOBAL_UNIT_ASSIGNED_CONTEXT((#17827,#17828,#17829)) 
REPRESENTATION_CONTEXT('Context #1',
  '3D Context with UNIT and UNCERTAINTY') );
#17827 = ( LENGTH_UNIT() NAMED_UNIT(*) SI_UNIT(.MILLI.,.METRE.) );
#17828 = ( NAMED_UNIT(*) PLANE_ANGLE_UNIT() SI_UNIT($,.RADIAN.) );
#17829 = ( NAMED_UNIT(*) SI_UNIT($,.STERADIAN.) SOLID_ANGLE_UNIT() );
#17830 = UNCERTAINTY_MEASURE_WITH_UNIT(LENGTH_MEASURE(1.E-07),#17827,
  'distance_accuracy_value','confusion accuracy');
#17831 = PRODUCT_RELATED_PRODUCT_CATEGORY('part',$,(#7));
ENDSEC;
END-ISO-10303-21;
